total_logons,failed_logons,failure_rate,unique_destinations,unique_source_computers,unique_logon_types,batch_or_rdp_logons,network_logons,unique_auth_types,kerberos_logons,ntlm_logons,active_hours
1,0,0.0,1,1,1,0,1,1,0,1,0.0
44,0,0.0,1,18,1,0,44,2,0,19,8.376388888888888
3,0,0.0,1,1,1,0,3,1,0,0,5.999722222222222
1,0,0.0,1,1,1,0,1,1,0,0,0.0
1,0,0.0,1,1,1,0,1,1,0,1,0.0
1,0,0.0,1,1,1,0,1,1,0,1,0.0
1,0,0.0,1,1,1,0,1,1,0,0,0.0
1,0,0.0,1,1,1,0,1,1,0,0,0.0
1,0,0.0,1,1,1,0,1,1,0,0,0.0
4,0,0.0,1,1,1,0,4,1,0,0,2.1838888888888888
1,0,0.0,1,1,1,0,1,1,0,0,0.0
1,0,0.0,1,1,1,0,1,1,0,0,0.0
2,0,0.0,1,2,1,0,2,2,0,1,0.029722222222222223
1,0,0.0,1,1,1,0,1,1,0,1,0.0
1,0,0.0,1,1,1,0,1,1,0,0,0.0
1,0,0.0,1,1,1,0,1,1,0,0,0.0
1,0,0.0,1,1,1,0,1,1,0,1,0.0
2,0,0.0,1,1,1,0,2,1,0,0,6.6275
1,0,0.0,1,1,1,0,1,1,0,0,0.0
1,0,0.0,1,1,1,0,1,1,0,0,0.0
1,0,0.0,1,1,1,0,1,1,0,0,0.0
3,0,0.0,1,2,1,0,3,2,0,1,0.03111111111111111
3,0,0.0,1,1,1,0,3,1,0,0,1.1997222222222221
3,0,0.0,1,1,1,0,3,1,0,0,4.498333333333333
4,0,0.0,1,1,1,0,4,1,0,0,4.186111111111111
2,0,0.0,1,1,1,0,2,1,0,0,3.4833333333333334
1,0,0.0,1,1,1,0,1,1,0,0,0.0
2,0,0.0,1,1,1,0,2,1,0,0,3.4002777777777777
1,0,0.0,1,1,1,0,1,1,0,1,0.0
1,0,0.0,1,1,1,0,1,1,0,1,0.0
1,0,0.0,1,1,1,0,1,1,0,0,0.0
27,0,0.0,1,1,1,0,27,1,0,0,8.110555555555555
1,0,0.0,1,1,1,0,1,1,0,1,0.0
1,0,0.0,1,1,1,0,1,1,0,1,0.0
3,0,0.0,1,1,1,0,3,1,0,0,5.270555555555555
2,0,0.0,1,1,1,0,2,1,0,0,0.6572222222222223
1,0,0.0,1,1,1,0,1,1,0,0,0.0
1,0,0.0,1,1,1,0,1,1,0,1,0.0
51,0,0.0,1,29,1,0,51,2,0,29,8.391666666666667
2,0,0.0,1,1,1,0,2,1,0,0,7.799722222222222
1,0,0.0,1,1,1,0,1,1,0,0,0.0
1,0,0.0,1,1,1,0,1,1,0,0,0.0
1,0,0.0,1,1,1,0,1,1,0,1,0.0
1,0,0.0,1,1,1,0,1,1,0,1,0.0
1,0,0.0,1,1,1,0,1,1,0,1,0.0
26,0,0.0,1,1,1,0,26,1,0,0,7.740833333333334
1,0,0.0,1,1,1,0,1,1,0,0,0.0
1,0,0.0,1,1,1,0,1,1,0,0,0.0
2,0,0.0,1,1,1,0,2,1,0,0,4.0125
1,0,0.0,1,1,1,0,1,1,0,0,0.0
7,0,0.0,1,1,1,0,7,1,0,0,7.966666666666667
1,0,0.0,1,1,1,0,1,1,0,0,0.0
1,0,0.0,1,1,1,0,1,1,0,0,0.0
1,0,0.0,1,1,1,0,1,1,0,0,0.0
1,0,0.0,1,1,1,0,1,1,0,0,0.0
1,0,0.0,1,1,1,0,1,1,0,0,0.0
1,0,0.0,1,1,1,0,1,1,0,0,0.0
1,0,0.0,1,1,1,0,1,1,0,0,0.0
5,0,0.0,1,1,1,0,5,1,0,0,4.545
1,0,0.0,1,1,1,0,1,1,0,0,0.0
81,0,0.0,1,45,1,0,81,2,0,47,8.392777777777777
1,0,0.0,1,1,1,0,1,1,0,0,0.0
143,0,0.0,1,68,1,0,143,2,0,77,8.603333333333333
1,0,0.0,1,1,1,0,1,1,0,0,0.0
93,0,0.0,1,46,1,0,93,2,0,49,8.525555555555556
117,0,0.0,1,61,1,0,117,2,0,66,8.635277777777778
1,0,0.0,1,1,1,0,1,1,0,0,0.0
4,0,0.0,1,1,1,0,4,1,0,0,3.0241666666666664
1,0,0.0,1,1,1,0,1,1,0,0,0.0
1140,0,0.0,1,651,1,0,1140,2,0,870,8.656944444444445
1,0,0.0,1,1,1,0,1,1,0,0,0.0
1,0,0.0,1,1,1,0,1,1,0,1,0.0
143,0,0.0,1,63,1,0,143,2,0,85,8.565
20,0,0.0,1,3,1,0,20,2,0,14,7.493055555555555
99,0,0.0,1,47,1,0,99,2,0,55,8.563333333333333
1,0,0.0,1,1,1,0,1,1,0,1,0.0
1,0,0.0,1,1,1,0,1,1,0,0,0.0
1,0,0.0,1,1,1,0,1,1,0,0,0.0
1,0,0.0,1,1,1,0,1,1,0,0,0.0
2,0,0.0,1,1,1,0,2,1,0,0,7.0152777777777775
16,0,0.0,1,7,1,0,16,2,0,7,2.3533333333333335
1,0,0.0,1,1,1,0,1,1,0,0,0.0
1,0,0.0,1,1,1,0,1,1,0,1,0.0
1,0,0.0,1,1,1,0,1,1,0,1,0.0
1,0,0.0,1,1,1,0,1,1,0,1,0.0
3,0,0.0,3,2,2,0,2,2,1,0,1.8683333333333334
8,4,0.5,7,7,2,0,7,3,1,0,2.404166666666667
2,0,0.0,2,2,1,0,2,2,0,1,5.272222222222222
1,0,0.0,1,1,1,0,0,1,0,0,0.0
2,0,0.0,2,1,1,0,2,1,2,0,6.801944444444445
1,0,0.0,1,1,1,0,1,1,0,0,0.0
1,0,0.0,1,1,1,0,1,1,0,0,0.0
2,0,0.0,1,1,1,0,2,1,0,0,3.915277777777778
3,0,0.0,1,2,1,0,3,2,1,0,1.755
4,0,0.0,3,3,1,0,4,3,1,1,5.210555555555556
1,0,0.0,1,1,1,0,1,1,0,0,0.0
7,0,0.0,4,4,1,0,7,2,2,0,5.515833333333333
3,0,0.0,3,2,1,0,3,2,2,0,0.4305555555555556
3,0,0.0,3,3,1,0,3,2,1,0,6.490555555555556
5,0,0.0,2,2,1,0,5,2,3,0,7.224444444444444
4,0,0.0,3,2,3,0,2,3,1,0,0.13694444444444445
4,0,0.0,2,2,2,0,3,2,2,0,0.05555555555555555
3,0,0.0,2,2,1,0,3,2,2,0,3.556388888888889
7,0,0.0,4,4,1,0,7,2,2,0,3.643611111111111
1,0,0.0,1,1,1,0,1,1,1,0,0.0
4,0,0.0,2,3,2,0,3,2,1,0,2.151388888888889
3,0,0.0,2,2,2,0,2,2,1,0,4.9061111111111115
2,0,0.0,1,2,1,0,2,2,1,0,4.2525
1,0,0.0,1,1,1,0,1,1,1,0,0.0
3,0,0.0,2,2,2,0,2,1,0,0,7.001388888888889
3,0,0.0,2,2,1,0,3,2,2,0,3.7855555555555553
3,0,0.0,2,2,2,0,2,2,1,0,0.006944444444444444
4,0,0.0,2,3,1,0,4,2,2,0,6.178055555555556
2,0,0.0,2,2,2,0,1,1,0,0,0.002777777777777778
8,0,0.0,6,7,2,0,7,2,1,0,7.211111111111111
1,0,0.0,1,1,1,0,0,1,0,0,0.0
4,0,0.0,2,2,2,0,3,2,2,0,8.664722222222222
2,0,0.0,2,2,1,0,2,2,0,1,0.01
1,0,0.0,1,1,1,0,0,1,0,0,0.0
6,0,0.0,3,3,1,0,6,2,3,0,0.1386111111111111
9,0,0.0,4,2,2,0,7,2,5,0,6.073888888888889
6,0,0.0,4,4,2,0,5,1,0,0,4.184166666666667
2,0,0.0,2,1,1,0,2,1,2,0,2.5661111111111112
1,0,0.0,1,1,1,0,1,1,0,0,0.0
3,0,0.0,2,2,1,0,3,1,0,0,7.1113888888888885
1,0,0.0,1,1,1,0,1,1,1,0,0.0
2,0,0.0,1,2,2,0,1,1,0,0,3.984722222222222
1,0,0.0,1,1,1,0,1,1,1,0,0.0
1,0,0.0,1,1,1,0,1,1,0,0,0.0
3,0,0.0,2,2,1,0,3,2,2,0,1.9561111111111111
2,0,0.0,2,1,2,0,1,2,1,0,1.1547222222222222
4,0,0.0,1,1,1,0,4,1,4,0,7.242222222222222
5,0,0.0,5,2,2,0,3,2,2,0,0.1975
3,0,0.0,1,2,1,0,3,2,1,0,1.9427777777777777
2,0,0.0,1,1,1,0,2,1,2,0,3.2016666666666667
2,0,0.0,2,2,1,0,2,1,0,0,0.7733333333333333
1,0,0.0,1,1,1,0,1,1,1,0,0.0
3,0,0.0,2,2,1,0,3,1,0,0,0.15583333333333332
21,0,0.0,2,2,1,0,21,2,12,0,7.590277777777778
137,0,0.0,15,11,2,0,132,3,60,3,8.537777777777778
2,0,0.0,2,2,2,0,1,1,0,0,0.02722222222222222
2,0,0.0,2,2,1,0,2,2,1,0,1.0216666666666667
6,0,0.0,3,3,1,0,6,2,2,0,6.336388888888889
6,0,0.0,4,2,1,0,6,2,5,0,7.856388888888889
2,0,0.0,2,1,1,0,2,2,1,1,0.18194444444444444
2,0,0.0,1,2,1,0,2,2,1,0,2.9983333333333335
3,0,0.0,1,1,1,0,3,1,3,0,0.4
1,0,0.0,1,1,1,0,0,1,0,0,0.0
4,0,0.0,2,2,3,0,2,2,0,0,7.578611111111111
6,0,0.0,3,3,1,0,6,3,3,1,6.674444444444444
3,0,0.0,2,1,1,0,0,1,0,0,4.5
1,0,0.0,1,1,1,0,1,1,1,0,0.0
4,0,0.0,3,3,1,0,4,2,2,0,7.907777777777778
4,0,0.0,2,2,1,0,4,3,2,1,4.346111111111111
3,0,0.0,1,2,1,0,3,3,1,1,3.4097222222222223
1,0,0.0,1,1,1,0,1,1,0,0,0.0
2,0,0.0,1,2,1,0,2,2,1,0,0.0
3,0,0.0,2,2,1,0,3,2,1,0,6.828055555555555
3,0,0.0,2,2,1,0,3,1,0,0,2.051388888888889
1,0,0.0,1,1,1,0,1,1,1,0,0.0
1,0,0.0,1,1,1,0,1,1,0,0,0.0
2,0,0.0,2,1,1,0,2,1,2,0,0.16166666666666665
11,4,0.36363636363636365,7,6,2,0,7,3,1,0,6.921111111111111
3,0,0.0,1,2,1,0,3,2,1,0,1.2355555555555555
8,0,0.0,6,3,2,0,6,2,4,0,7.073611111111111
4,0,0.0,3,2,2,0,3,2,2,0,5.552222222222222
4,0,0.0,4,4,2,0,3,1,0,0,3.9705555555555554
6,0,0.0,3,3,2,0,5,2,2,0,6.8197222222222225
2,0,0.0,2,2,1,0,2,1,0,0,3.750277777777778
4,0,0.0,3,2,2,0,3,2,2,0,0.3138888888888889
4,0,0.0,3,3,1,0,4,2,1,0,1.7927777777777778
3,0,0.0,3,1,2,0,2,3,1,1,4.8133333333333335
2,0,0.0,2,2,1,0,2,2,1,0,4.254444444444444
4,0,0.0,3,1,2,0,3,3,1,2,6.730833333333333
2,0,0.0,2,1,1,0,2,1,2,0,1.2047222222222222
6,0,0.0,2,2,1,0,6,1,0,0,5.3630555555555555
3,0,0.0,2,2,1,0,3,1,0,0,6.691666666666666
4,0,0.0,2,2,2,0,3,2,2,0,3.7536111111111112
1,0,0.0,1,1,1,0,1,1,1,0,0.0
5,0,0.0,3,3,1,0,5,2,3,0,0.21166666666666667
1,0,0.0,1,1,1,0,1,1,1,0,0.0
4,0,0.0,3,3,1,0,4,2,0,1,8.148055555555555
3,0,0.0,2,3,1,0,3,2,1,0,3.4155555555555557
3,0,0.0,2,3,1,0,3,2,1,0,5.740277777777778
2,0,0.0,2,2,2,0,1,1,0,0,0.0019444444444444444
6,0,0.0,4,3,2,0,5,2,3,0,5.9825
1,0,0.0,1,1,1,0,1,1,1,0,0.0
3,0,0.0,1,2,1,0,3,2,1,0,1.2372222222222222
1,0,0.0,1,1,1,0,1,1,1,0,0.0
7,0,0.0,2,3,1,0,7,2,1,0,7.25
6,0,0.0,4,4,2,0,4,3,2,0,4.1563888888888885
4,0,0.0,2,2,1,0,4,2,3,0,6.4863888888888885
2,0,0.0,2,2,1,0,2,1,0,0,4.440555555555555
3,0,0.0,2,2,2,0,2,2,1,0,0.7663888888888889
9,0,0.0,5,4,2,0,7,2,1,0,6.994166666666667
6,0,0.0,5,2,2,0,4,2,3,0,5.441388888888889
1,0,0.0,1,1,1,0,1,1,0,0,0.0
3,0,0.0,2,1,1,0,3,1,3,0,5.600555555555555
4,0,0.0,3,3,1,0,4,1,0,0,0.9511111111111111
3,0,0.0,3,2,2,0,2,1,0,0,5.748611111111111
6,0,0.0,4,3,2,0,5,2,3,0,8.312222222222223
4,0,0.0,2,2,2,0,3,2,2,0,1.126111111111111
1,0,0.0,1,1,1,0,1,1,1,0,0.0
2,0,0.0,2,1,2,0,1,2,1,0,2.4322222222222223
2,0,0.0,1,2,2,0,1,1,0,0,3.0658333333333334
5,0,0.0,3,4,1,0,5,3,1,1,7.701388888888889
8,0,0.0,4,3,1,0,8,2,5,0,7.490277777777778
4,0,0.0,4,3,1,0,4,3,1,1,6.855555555555555
3,0,0.0,2,2,1,0,3,1,0,0,2.996111111111111
3,0,0.0,2,2,1,0,3,2,2,0,5.244722222222222
4,0,0.0,2,3,1,0,4,2,2,0,3.2086111111111113
3,0,0.0,2,2,1,0,3,2,2,0,3.591111111111111
18,0,0.0,6,4,2,0,17,2,9,0,7.7780555555555555
3,0,0.0,3,2,1,0,3,2,2,0,0.6969444444444445
3,0,0.0,2,3,1,0,3,2,1,0,5.4158333333333335
3,0,0.0,3,2,1,0,3,2,2,0,5.451388888888889
2,0,0.0,2,2,1,0,2,1,0,0,0.0030555555555555557
1,0,0.0,1,1,1,0,1,1,1,0,0.0
5,0,0.0,2,2,2,0,4,2,2,0,0.07527777777777778
3,0,0.0,2,2,1,0,3,2,2,0,3.825833333333333
5,0,0.0,3,4,1,0,5,2,1,0,4.778611111111111
8,0,0.0,5,4,2,0,7,3,3,1,3.9697222222222224
5,0,0.0,2,2,1,0,5,2,1,0,6.655833333333334
5,0,0.0,2,2,2,0,4,2,1,0,4.931388888888889
4,0,0.0,3,3,1,0,4,3,1,1,8.410555555555556
3,0,0.0,2,2,2,0,1,1,0,0,0.5530555555555555
4,0,0.0,4,2,2,0,2,2,1,0,0.19611111111111112
2,0,0.0,2,2,2,0,1,1,0,0,7.2780555555555555
4,0,0.0,4,3,1,0,4,2,2,0,5.7813888888888885
1,0,0.0,1,1,1,0,1,1,0,0,0.0
3,0,0.0,2,1,2,0,2,2,2,0,0.2761111111111111
4,0,0.0,2,3,1,0,4,2,1,0,5.338611111111111
4,0,0.0,2,2,1,0,4,1,0,0,6.515833333333333
10,0,0.0,4,5,2,0,9,2,5,0,6.829444444444444
6,0,0.0,6,3,3,0,4,4,2,1,0.8269444444444445
5,0,0.0,3,2,1,0,5,3,2,1,5.524444444444445
5,0,0.0,3,3,1,0,5,2,2,0,7.563888888888889
4,0,0.0,4,3,1,0,4,2,2,0,5.7508333333333335
5,0,0.0,1,2,1,0,5,2,2,0,5.219444444444444
4,0,0.0,3,2,2,0,3,2,1,0,5.511111111111111
5,0,0.0,5,4,2,0,4,2,1,0,3.401388888888889
3,0,0.0,3,1,2,0,1,2,0,1,0.0075
1,0,0.0,1,1,1,0,1,1,0,0,0.0
2,0,0.0,1,2,1,0,2,2,1,0,1.7352777777777777
6,0,0.0,4,4,1,0,6,2,1,0,6.316388888888889
4,0,0.0,4,2,2,0,2,2,0,1,0.4275
1,0,0.0,1,1,1,0,1,1,1,0,0.0
2,0,0.0,1,1,1,0,2,1,0,0,2.2466666666666666
3,0,0.0,3,1,1,0,3,2,2,1,3.6369444444444445
2,0,0.0,2,2,1,0,2,2,1,0,3.9525
2,0,0.0,2,2,1,0,2,2,1,0,5.332222222222223
2,0,0.0,2,2,2,0,1,2,0,0,1.7233333333333334
3,0,0.0,2,1,1,0,3,2,2,1,6.375277777777778
4,0,0.0,2,2,1,0,4,2,2,0,4.246388888888889
4,0,0.0,3,3,2,0,3,2,1,0,7.03
2,0,0.0,2,2,2,0,1,1,0,0,0.008611111111111111
5,0,0.0,2,3,1,0,5,2,3,0,6.245
4,0,0.0,3,2,1,0,4,2,2,0,5.4
3,0,0.0,1,1,1,0,3,1,3,0,1.7505555555555556
4,0,0.0,3,3,1,0,4,2,2,0,7.315
3,0,0.0,3,1,2,0,2,2,2,0,6.25
2,0,0.0,2,2,1,0,2,1,0,0,5.973333333333334
1,0,0.0,1,1,1,0,1,1,0,0,0.0
2,0,0.0,2,1,1,0,2,1,2,0,0.018333333333333333
5,0,0.0,2,3,1,0,5,2,2,0,3.7455555555555557
9,0,0.0,6,5,3,0,7,3,1,0,7.705277777777778
1,0,0.0,1,1,1,0,0,1,0,0,0.0
4,0,0.0,1,2,1,0,4,2,2,0,0.11694444444444445
3,0,0.0,3,1,1,0,3,1,3,0,0.39361111111111113
3,0,0.0,2,2,1,0,3,2,1,0,5.648611111111111
6,0,0.0,4,4,2,0,5,2,1,0,5.139722222222222
2,0,0.0,2,2,1,0,2,1,0,0,1.0930555555555554
1,0,0.0,1,1,1,0,0,1,0,0,0.0
1,0,0.0,1,1,1,0,1,1,1,0,0.0
1,0,0.0,1,1,1,0,1,1,0,0,0.0
3,0,0.0,3,1,1,0,3,2,2,1,6.181388888888889
3,0,0.0,2,1,2,0,1,2,1,0,4.458333333333333
2,0,0.0,2,1,1,0,2,1,2,0,1.3736111111111111
1,0,0.0,1,1,1,0,0,1,0,0,0.0
2,0,0.0,1,1,1,0,2,2,1,1,2.3230555555555554
2,0,0.0,2,2,1,0,2,2,1,0,5.6802777777777775
2,0,0.0,1,2,1,0,2,2,1,0,2.5508333333333333
8,0,0.0,3,3,2,0,7,2,3,0,7.003333333333333
4,0,0.0,2,2,1,0,4,3,1,1,3.218888888888889
23,0,0.0,5,2,2,0,22,2,11,0,7.425277777777778
1,0,0.0,1,1,1,0,1,1,0,1,0.0
4,0,0.0,2,2,1,0,4,1,0,0,7.936944444444444
3,0,0.0,2,2,2,0,2,1,0,0,1.9158333333333333
7,0,0.0,5,4,1,0,7,3,1,2,4.887222222222222
1,0,0.0,1,1,1,0,1,1,1,0,0.0
393,3,0.007633587786259542,15,15,2,0,318,2,159,0,8.655277777777778
1,0,0.0,1,1,1,0,1,1,1,0,0.0
1,0,0.0,1,1,1,0,1,1,0,0,0.0
3,0,0.0,2,2,1,0,3,2,1,0,7.8438888888888885
4,0,0.0,3,4,1,0,4,2,1,0,5.0377777777777775
2,0,0.0,2,1,1,0,0,1,0,0,0.004166666666666667
4,0,0.0,4,3,2,0,3,2,1,0,5.145833333333333
1,0,0.0,1,1,1,0,0,1,0,0,0.0
2,0,0.0,2,1,1,0,2,2,1,1,0.044444444444444446
8,0,0.0,3,4,1,0,8,3,3,2,7.424444444444444
2,0,0.0,1,1,2,0,1,2,1,0,0.0125
13,0,0.0,6,3,3,0,9,3,5,0,6.3741666666666665
4,0,0.0,3,3,1,0,4,2,0,1,5.091666666666667
7,0,0.0,4,5,1,0,7,2,3,0,7.3005555555555555
3,0,0.0,2,2,1,0,3,1,0,0,2.9547222222222222
1,0,0.0,1,1,1,0,1,1,1,0,0.0
1,0,0.0,1,1,1,0,0,1,0,0,0.0
9,0,0.0,5,4,3,0,7,4,3,1,0.1325
2,0,0.0,2,1,1,0,2,1,2,0,0.7277777777777777
8,0,0.0,3,3,1,0,8,2,5,0,6.611111111111111
3,0,0.0,3,3,1,0,3,2,0,1,0.195
1,0,0.0,1,1,1,0,1,1,0,0,0.0
3,0,0.0,2,2,2,0,2,2,1,0,0.5255555555555556
3,0,0.0,2,2,2,0,2,2,1,0,3.573611111111111
1,0,0.0,1,1,1,0,1,1,0,0,0.0
3,0,0.0,3,3,2,0,2,1,0,0,3.4166666666666665
1,0,0.0,1,1,1,0,1,1,1,0,0.0
2,0,0.0,2,2,2,0,1,1,0,0,0.26805555555555555
3,0,0.0,3,1,2,0,2,2,2,0,0.5277777777777778
2,0,0.0,2,1,2,0,1,2,1,0,3.4930555555555554
4,0,0.0,4,1,2,0,3,2,3,0,0.27166666666666667
1,0,0.0,1,1,1,0,0,1,0,0,0.0
2,0,0.0,2,1,2,0,1,2,1,0,5.863333333333333
5,0,0.0,3,3,1,0,5,2,3,0,7.328333333333333
4,0,0.0,4,2,1,0,4,2,3,0,8.3
3,0,0.0,2,3,1,0,3,2,1,0,3.368333333333333
3,0,0.0,2,2,1,0,3,2,1,0,0.014166666666666666
2,0,0.0,2,1,1,0,2,1,2,0,5.2027777777777775
3,0,0.0,2,2,1,0,3,2,1,0,7.945
3,0,0.0,3,2,2,0,2,2,1,0,0.25722222222222224
3,0,0.0,2,2,1,0,3,2,0,1,8.077222222222222
4,0,0.0,2,2,1,0,4,2,2,0,2.5980555555555553
8,0,0.0,4,2,1,0,8,2,6,0,6.8438888888888885
1,0,0.0,1,1,1,0,1,1,1,0,0.0
4,0,0.0,2,2,1,0,4,1,0,0,6.8597222222222225
4,0,0.0,3,1,2,0,3,2,3,0,3.290277777777778
9,0,0.0,6,4,1,0,9,2,6,0,6.855833333333333
5,0,0.0,2,2,1,0,5,2,2,0,3.748611111111111
3,0,0.0,3,3,1,0,3,2,1,0,0.2788888888888889
1,0,0.0,1,1,1,0,1,1,0,0,0.0
7,0,0.0,5,3,1,0,7,2,5,0,0.4122222222222222
5,0,0.0,2,3,1,0,5,2,3,0,5.5055555555555555
9,0,0.0,4,3,2,0,8,3,3,1,7.291388888888889
3,0,0.0,2,2,2,0,2,2,2,0,0.014722222222222222
4,0,0.0,3,3,2,0,3,1,0,0,3.568888888888889
3,0,0.0,3,3,1,0,3,1,0,0,6.476388888888889
1,0,0.0,1,1,1,0,1,1,0,0,0.0
21,0,0.0,4,4,1,0,21,2,10,0,7.164722222222222
3,0,0.0,3,1,2,0,2,2,2,0,5.1386111111111115
2,0,0.0,2,2,1,0,2,2,1,0,0.21777777777777776
3,0,0.0,2,3,1,0,3,2,1,0,7.920833333333333
2,0,0.0,2,2,2,0,1,1,0,0,1.6819444444444445
2,0,0.0,2,1,2,0,1,2,1,0,3.2866666666666666
4,0,0.0,2,1,2,0,3,2,3,0,3.8847222222222224
2,0,0.0,2,2,1,0,2,1,0,0,6.624722222222222
3,0,0.0,2,2,1,0,3,1,0,0,2.1858333333333335
4,0,0.0,3,4,1,0,4,2,2,0,8.573333333333334
5,0,0.0,4,2,1,0,5,2,3,0,5.566111111111111
5,0,0.0,3,2,1,0,5,2,4,0,8.089444444444444
3,0,0.0,3,2,2,0,2,2,1,0,1.9097222222222223
4,0,0.0,3,2,2,0,3,2,2,0,6.985555555555556
7,0,0.0,4,4,2,0,6,2,3,0,8.625
5,0,0.0,4,2,2,0,4,2,3,0,7.309166666666667
3,0,0.0,3,2,1,0,3,3,1,1,4.54
26,0,0.0,5,3,2,0,25,3,14,1,7.9127777777777775
5,0,0.0,4,3,2,0,4,2,2,0,0.21611111111111111
2,0,0.0,2,2,1,0,2,2,1,0,3.263333333333333
8,0,0.0,5,5,1,0,8,2,4,0,7.3886111111111115
3,0,0.0,2,3,1,0,3,2,1,0,0.7125
1,0,0.0,1,1,1,0,0,1,0,0,0.0
4,0,0.0,2,3,1,0,4,2,2,0,0.041666666666666664
2,0,0.0,1,2,1,0,2,2,1,0,1.8858333333333333
3,0,0.0,3,3,1,0,3,2,1,0,0.16555555555555557
1,0,0.0,1,1,1,0,1,1,1,0,0.0
4,0,0.0,4,2,2,0,3,2,2,0,2.0952777777777776
4,0,0.0,2,2,1,0,4,2,1,0,1.9352777777777779
3,0,0.0,3,1,1,0,3,1,3,0,6.76
2,0,0.0,2,1,1,0,2,1,2,0,0.8280555555555555
2,0,0.0,1,2,1,0,2,2,1,0,2.2644444444444445
1,0,0.0,1,1,1,0,1,1,0,0,0.0
1,0,0.0,1,1,1,0,1,1,0,0,0.0
3,0,0.0,3,3,2,0,2,2,0,0,5.660833333333334
6,0,0.0,5,3,2,0,4,3,2,0,5.614722222222222
2,0,0.0,1,2,2,0,1,1,0,0,3.402222222222222
2,0,0.0,2,2,2,0,0,2,0,0,0.26305555555555554
2,0,0.0,2,2,1,0,2,2,1,0,0.115
2,0,0.0,2,2,1,0,2,2,1,0,3.0605555555555557
4,0,0.0,4,3,2,0,3,2,1,0,8.325833333333334
5,0,0.0,2,3,1,0,5,2,2,0,6.072222222222222
5,0,0.0,2,2,1,0,5,3,1,1,7.511111111111111
2,0,0.0,2,2,1,0,2,2,1,0,2.496111111111111
2,0,0.0,2,1,1,0,2,1,2,0,4.259166666666666
1,0,0.0,1,1,1,0,1,1,0,0,0.0
5,0,0.0,3,3,2,0,4,2,1,0,5.237777777777778
2,0,0.0,2,2,1,0,2,2,1,0,0.06888888888888889
2,0,0.0,2,1,1,0,2,1,2,0,0.9508333333333333
3,0,0.0,2,3,1,0,3,2,1,0,0.8288888888888889
3,0,0.0,2,3,2,0,2,2,1,0,1.6180555555555556
2,0,0.0,1,2,1,0,2,2,1,0,2.1975
3,0,0.0,3,1,1,0,3,1,3,0,4.371666666666667
6,0,0.0,3,3,2,0,5,1,0,0,5.344166666666666
4,0,0.0,4,2,2,0,3,2,2,0,1.3122222222222222
3,0,0.0,3,1,2,0,1,2,1,0,0.1925
1,0,0.0,1,1,1,0,1,1,1,0,0.0
3,0,0.0,2,2,2,0,2,1,0,0,1.8966666666666667
3,0,0.0,2,2,1,0,3,2,2,0,5.003888888888889
2,0,0.0,2,2,1,0,2,2,0,1,3.502222222222222
2,0,0.0,2,2,1,0,2,2,1,0,0.6480555555555556
10,0,0.0,6,4,2,0,9,2,4,0,6.988611111111111
3,0,0.0,3,1,2,0,2,3,1,1,0.8572222222222222
4,0,0.0,3,3,1,0,4,1,0,0,3.4175
3,0,0.0,1,1,1,0,3,1,0,0,2.5580555555555557
2,0,0.0,2,1,2,0,1,2,1,0,0.775
2,0,0.0,2,1,1,0,2,2,1,0,1.7677777777777777
200,1,0.005,7,9,2,0,199,3,102,0,8.580833333333333
2,0,0.0,2,2,2,0,1,1,0,0,0.0
1,0,0.0,1,1,1,0,1,1,1,0,0.0
4,0,0.0,4,2,2,0,3,2,2,0,7.199722222222222
2,0,0.0,2,2,1,0,2,2,1,0,6.193888888888889
1,0,0.0,1,1,1,0,1,1,0,0,0.0
1,0,0.0,1,1,1,0,1,1,0,1,0.0
2,0,0.0,2,2,1,0,2,2,0,1,2.160277777777778
6,0,0.0,5,2,2,0,2,2,1,0,7.292777777777777
1,0,0.0,1,1,1,0,0,1,0,0,0.0
5,0,0.0,3,3,2,0,4,2,0,1,7.246111111111111
6,0,0.0,4,4,1,0,6,2,3,0,5.213888888888889
4,0,0.0,3,2,2,0,3,2,1,0,1.9933333333333334
4,0,0.0,2,3,2,0,3,2,1,0,0.15527777777777776
8,0,0.0,4,2,2,0,7,3,3,1,7.356388888888889
2,0,0.0,2,2,1,0,2,2,1,0,0.009166666666666667
1,0,0.0,1,1,1,0,1,1,0,0,0.0
3,0,0.0,2,3,1,0,3,2,1,0,3.265
24,0,0.0,3,3,1,0,24,2,10,0,7.164444444444444
3,0,0.0,2,2,2,0,2,2,0,0,5.878888888888889
1,0,0.0,1,1,1,0,1,1,1,0,0.0
1,0,0.0,1,1,1,0,1,1,0,0,0.0
4,0,0.0,2,2,2,0,3,3,1,1,0.1525
3,0,0.0,3,1,2,0,2,3,1,1,8.461944444444445
6,0,0.0,5,3,2,0,5,3,3,1,5.558611111111111
5,0,0.0,3,3,2,0,4,2,0,1,1.3072222222222223
1,0,0.0,1,1,1,0,1,1,0,0,0.0
2,0,0.0,2,2,1,0,2,1,0,0,7.5055555555555555
3,0,0.0,2,2,1,0,3,2,1,0,5.091388888888889
2,0,0.0,1,1,1,0,0,1,0,0,0.0125
5,0,0.0,3,3,2,0,4,3,2,0,8.40638888888889
8,0,0.0,4,4,2,0,7,4,3,1,8.02361111111111
1,0,0.0,1,1,1,0,1,1,0,0,0.0
3,0,0.0,1,2,1,0,3,2,1,0,3.5919444444444446
1,0,0.0,1,1,1,0,1,1,0,0,0.0
3,0,0.0,2,2,1,0,3,2,2,0,0.16416666666666666
8,0,0.0,6,3,2,0,7,3,2,2,8.335277777777778
2,0,0.0,2,2,2,0,1,1,0,0,0.49
4,0,0.0,4,4,1,0,4,2,1,0,4.032222222222222
1,0,0.0,1,1,1,0,1,1,1,0,0.0
1,0,0.0,1,1,1,0,0,1,0,0,0.0
3,0,0.0,2,2,2,0,2,2,1,0,1.7616666666666667
4,0,0.0,1,2,1,0,4,2,2,0,4.261111111111111
2,0,0.0,2,2,1,0,2,1,0,0,5.5775
2,0,0.0,2,2,1,0,2,1,0,0,5.198055555555555
2,0,0.0,2,2,2,0,1,1,0,0,0.7177777777777777
1,0,0.0,1,1,1,0,1,1,0,0,0.0
5,0,0.0,2,2,1,0,5,3,1,1,7.941944444444444
4,0,0.0,2,2,1,0,4,1,0,0,3.403888888888889
5,0,0.0,4,3,2,0,4,2,2,0,6.9975
5,0,0.0,2,3,1,0,5,2,2,0,7.445
3,0,0.0,3,2,2,0,2,2,2,0,5.3925
3,0,0.0,3,2,1,0,3,3,1,1,1.1519444444444444
3,0,0.0,1,2,1,0,3,2,2,0,2.183611111111111
3,0,0.0,3,1,2,0,2,3,1,1,0.0030555555555555557
2,0,0.0,2,2,1,0,2,2,1,0,0.7327777777777778
1,0,0.0,1,1,1,0,1,1,1,0,0.0
4,0,0.0,3,1,2,0,2,2,1,0,7.997222222222222
4,0,0.0,3,1,2,0,3,2,3,0,8.556944444444444
6,0,0.0,3,2,2,0,4,2,3,0,6.510555555555555
3,0,0.0,2,1,1,0,3,2,2,0,3.790277777777778
1,0,0.0,1,1,1,0,1,1,0,0,0.0
26,0,0.0,2,2,1,0,26,2,14,0,8.004444444444445
2,0,0.0,1,1,1,0,2,1,0,0,5.760833333333333
3,0,0.0,2,2,2,0,2,1,0,0,5.178055555555556
6,0,0.0,4,1,2,0,5,3,4,1,5.624444444444444
4,0,0.0,2,2,1,0,4,1,0,0,6.4430555555555555
3,0,0.0,3,3,1,0,3,2,1,0,2.2472222222222222
1,0,0.0,1,1,1,0,1,1,1,0,0.0
2,0,0.0,2,1,1,0,2,1,2,0,0.6363888888888889
5,0,0.0,2,2,1,0,5,3,2,1,4.253888888888889
2,0,0.0,2,2,1,0,2,2,1,0,2.0044444444444443
3,0,0.0,2,2,1,0,3,3,1,1,2.091111111111111
7,0,0.0,4,3,2,0,6,2,4,0,8.293888888888889
9,0,0.0,5,3,2,0,7,2,3,0,4.563055555555556
4,0,0.0,2,2,2,0,3,2,1,0,7.0488888888888885
2,0,0.0,2,2,1,0,2,2,1,0,1.3733333333333333
6,0,0.0,2,2,1,0,6,2,5,0,6.805833333333333
4,0,0.0,4,1,2,0,3,2,3,0,5.990833333333334
5,0,0.0,5,4,1,0,5,2,2,0,7.628333333333333
2,0,0.0,2,2,1,0,2,2,1,0,0.06305555555555556
1,0,0.0,1,1,1,0,1,1,1,0,0.0
2,0,0.0,1,2,1,0,2,2,1,0,4.477222222222222
1,0,0.0,1,1,1,0,1,1,1,0,0.0
1,0,0.0,1,1,1,0,1,1,1,0,0.0
5,0,0.0,3,3,2,0,4,1,0,0,4.665
5,0,0.0,5,3,1,0,5,3,3,1,4.951388888888889
5,0,0.0,3,3,1,0,5,2,3,0,5.003055555555555
3,0,0.0,2,2,1,0,3,2,1,0,0.9355555555555556
5,0,0.0,4,4,2,0,4,2,1,0,6.516111111111111
3,0,0.0,2,3,1,0,3,2,0,1,6.830277777777778
6,0,0.0,4,3,2,0,4,2,2,0,6.273888888888889
3,0,0.0,3,2,2,0,1,1,0,0,7.6
5,0,0.0,3,1,2,0,4,3,3,0,7.9158333333333335
1,0,0.0,1,1,1,0,1,1,0,0,0.0
7,0,0.0,4,2,2,0,6,3,4,1,7.130833333333333
3,0,0.0,1,1,1,0,3,1,3,0,6.2125
2,0,0.0,2,1,1,0,2,1,2,0,1.0583333333333333
2,0,0.0,2,2,1,0,2,2,1,0,0.014444444444444444
1,0,0.0,1,1,1,0,1,1,1,0,0.0
6,0,0.0,3,4,1,0,6,2,1,0,6.465277777777778
1,0,0.0,1,1,1,0,1,1,0,0,0.0
1,0,0.0,1,1,1,0,1,1,0,0,0.0
137,0,0.0,21,15,3,0,118,3,62,0,8.588888888888889
12,0,0.0,4,5,1,0,12,2,5,0,7.081388888888889
2,0,0.0,2,1,2,0,0,2,0,0,0.10333333333333333
2,0,0.0,2,2,1,0,2,2,1,0,0.7508333333333334
3,0,0.0,2,2,1,0,3,1,0,0,1.538888888888889
2,0,0.0,2,2,1,0,2,2,1,0,0.07138888888888889
3,0,0.0,3,3,2,0,2,1,0,0,6.053055555555556
3,0,0.0,2,2,1,0,3,2,1,0,5.808333333333334
2,0,0.0,2,2,1,0,2,2,1,0,1.2961111111111112
2,0,0.0,2,2,1,0,2,1,0,0,0.0
4,0,0.0,2,2,1,0,4,2,3,0,6.9575
1,0,0.0,1,1,1,0,1,1,0,0,0.0
3,0,0.0,2,2,1,0,3,2,2,0,5.960555555555556
3,0,0.0,2,3,1,0,3,2,1,0,3.6791666666666667
3,0,0.0,2,2,2,0,1,1,0,0,0.11611111111111111
3,0,0.0,2,3,2,0,2,1,0,0,0.23916666666666667
2,0,0.0,2,2,1,0,2,1,0,0,1.3166666666666667
2,0,0.0,1,1,2,0,1,2,1,0,5.7619444444444445
16,0,0.0,6,4,2,0,14,2,4,0,7.863888888888889
3,0,0.0,3,1,1,0,3,2,2,0,4.365833333333334
6,0,0.0,2,3,1,0,6,2,3,0,7.550277777777778
1,0,0.0,1,1,1,0,1,1,0,1,0.0
2,0,0.0,2,2,1,0,2,1,0,0,0.020277777777777777
2,0,0.0,2,2,1,0,2,1,0,0,5.714166666666666
4,0,0.0,4,3,1,0,4,3,1,1,0.1411111111111111
5,0,0.0,5,4,2,0,4,2,1,0,0.22166666666666668
3,0,0.0,2,2,2,0,2,2,1,0,0.25972222222222224
1,0,0.0,1,1,1,0,1,1,1,0,0.0
3,0,0.0,3,3,1,0,3,1,0,0,0.31416666666666665
5,0,0.0,3,3,1,0,5,2,3,0,0.19972222222222222
5,0,0.0,2,2,1,0,5,2,3,0,6.9911111111111115
5,0,0.0,4,3,1,0,5,2,3,0,7.666388888888889
2,0,0.0,2,1,1,0,0,1,0,0,0.0
2,0,0.0,2,1,1,0,2,1,2,0,1.525
4,0,0.0,3,3,1,0,4,2,2,0,7.440833333333333
3,0,0.0,2,2,1,0,3,2,2,0,7.853055555555556
5,0,0.0,3,2,1,0,5,2,4,0,6.092777777777778
2,0,0.0,1,1,1,0,2,1,0,0,0.67
4,0,0.0,3,2,1,0,4,2,3,0,5.614166666666667
3,0,0.0,2,2,1,0,3,1,0,0,5.498888888888889
1,0,0.0,1,1,1,0,1,1,1,0,0.0
2,0,0.0,2,2,2,0,1,2,0,0,0.012777777777777779
2,0,0.0,2,2,1,0,2,2,1,0,1.3294444444444444
1,0,0.0,1,1,1,0,1,1,0,0,0.0
4,0,0.0,3,1,2,0,3,2,2,0,5.088333333333333
3,0,0.0,1,2,1,0,3,2,2,0,2.7472222222222222
4,0,0.0,2,3,1,0,4,2,1,0,4.361666666666666
2,0,0.0,2,2,1,0,2,1,0,0,1.6880555555555556
1,0,0.0,1,1,1,0,1,1,1,0,0.0
3,0,0.0,2,2,1,0,3,1,0,0,5.250277777777778
3,0,0.0,1,2,2,0,2,2,2,0,2.5522222222222224
3,0,0.0,3,2,1,0,3,2,2,0,7.838333333333333
4,0,0.0,2,2,2,0,3,3,1,1,6.538055555555555
6,0,0.0,6,3,2,0,5,3,3,0,4.069166666666667
1,0,0.0,1,1,1,0,1,1,0,0,0.0
3,0,0.0,2,2,2,0,2,1,0,0,6.745277777777778
3,0,0.0,2,2,2,0,2,2,1,0,0.23416666666666666
1,0,0.0,1,1,1,0,0,1,0,0,0.0
2,0,0.0,1,1,1,0,2,1,0,0,0.057777777777777775
4,0,0.0,4,2,1,0,4,3,2,1,6.826944444444444
3,0,0.0,3,2,2,0,2,2,1,0,3.815
6,0,0.0,4,3,2,0,4,3,2,1,6.971388888888889
3,0,0.0,2,2,2,0,2,2,1,0,4.752222222222223
6,0,0.0,2,3,1,0,6,2,4,0,5.513888888888889
4,0,0.0,3,2,2,0,3,2,3,0,6.491666666666666
4,0,0.0,2,2,2,0,3,2,2,0,4.905833333333334
4,0,0.0,3,2,2,0,3,2,2,0,6.710833333333333
7,0,0.0,5,5,3,0,5,2,0,0,7.0525
3,0,0.0,2,2,1,0,3,1,0,0,2.9697222222222224
2,0,0.0,2,1,1,0,2,2,1,1,0.0275
4,0,0.0,3,4,1,0,4,2,1,0,8.079166666666667
5,0,0.0,4,2,1,0,5,2,3,0,8.399722222222222
2,0,0.0,2,1,2,0,1,2,1,0,0.004166666666666667
5,0,0.0,2,2,1,0,5,2,1,0,5.320277777777778
6,0,0.0,4,3,2,0,4,2,1,0,8.396666666666667
3,0,0.0,3,3,1,0,3,2,1,0,0.15305555555555556
2,0,0.0,2,1,2,0,1,1,0,0,3.4963888888888888
1,0,0.0,1,1,1,0,0,1,0,0,0.0
1,0,0.0,1,1,1,0,1,1,0,0,0.0
2,0,0.0,2,2,1,0,2,2,1,0,0.42833333333333334
1,0,0.0,1,1,1,0,1,1,1,0,0.0
1,0,0.0,1,1,1,0,1,1,1,0,0.0
1,0,0.0,1,1,1,0,1,1,1,0,0.0
3,0,0.0,2,2,2,0,1,1,0,0,5.350555555555555
2,0,0.0,2,2,2,0,1,1,0,0,2.5997222222222223
1,0,0.0,1,1,1,0,0,1,0,0,0.0
2,0,0.0,2,2,2,0,1,2,0,0,0.15444444444444444
4,0,0.0,3,2,1,0,4,2,2,0,8.27111111111111
1,0,0.0,1,1,1,0,1,1,0,0,0.0
3,0,0.0,1,2,1,0,3,2,2,0,3.143611111111111
2,0,0.0,1,2,1,0,2,2,1,0,1.2422222222222221
7,0,0.0,4,2,2,0,6,2,5,0,6.732222222222222
3,0,0.0,2,1,2,0,2,2,1,0,3.8691666666666666
4,0,0.0,4,2,2,0,3,3,1,1,8.419166666666667
7,0,0.0,2,2,1,0,7,2,4,0,6.748888888888889
1,0,0.0,1,1,1,0,0,1,0,0,0.0
5,0,0.0,2,3,2,0,4,2,1,0,0.059166666666666666
4,0,0.0,4,4,1,0,4,2,1,0,4.3436111111111115
8,0,0.0,4,3,2,0,7,2,4,0,6.724444444444444
4,0,0.0,3,1,2,0,3,2,3,0,5.501111111111111
6,0,0.0,4,4,1,0,6,2,3,0,3.165277777777778
5,0,0.0,5,5,2,0,4,1,0,0,5.118055555555555
3,0,0.0,3,2,2,0,2,2,1,0,0.47333333333333333
2,0,0.0,1,1,1,0,2,1,2,0,0.005833333333333334
2,0,0.0,1,1,1,0,2,1,2,0,5.011666666666667
2,0,0.0,2,2,1,0,2,2,1,0,2.0902777777777777
4,0,0.0,4,1,2,0,2,2,2,0,3.575833333333333
1,0,0.0,1,1,1,0,1,1,0,0,0.0
6,0,0.0,1,2,1,0,6,2,3,0,6.908333333333333
4,0,0.0,2,2,2,0,3,1,0,0,6.767777777777778
1,0,0.0,1,1,1,0,1,1,0,0,0.0
3,0,0.0,3,2,2,0,2,3,1,0,0.35333333333333333
7,0,0.0,5,5,1,0,7,2,3,0,0.6566666666666666
3,0,0.0,1,2,1,0,3,2,2,0,5.2683333333333335
4,0,0.0,3,2,2,0,3,3,1,1,6.2347222222222225
4,0,0.0,2,3,1,0,4,2,1,0,6.738333333333333
6,0,0.0,2,3,1,0,6,2,2,0,7.400277777777778
3,0,0.0,2,2,2,0,1,1,0,0,4.189166666666667
1,0,0.0,1,1,1,0,1,1,0,0,0.0
3,0,0.0,2,1,1,0,3,1,3,0,0.15166666666666667
6,0,0.0,4,2,2,0,5,2,3,0,4.253888888888889
3,0,0.0,2,1,2,0,2,2,2,0,0.2761111111111111
1,0,0.0,1,1,1,0,1,1,0,0,0.0
4,0,0.0,3,3,2,0,3,2,1,0,7.131388888888889
2,0,0.0,2,1,2,0,1,2,1,0,0.07916666666666666
1,0,0.0,1,1,1,0,1,1,1,0,0.0
1,0,0.0,1,1,1,0,1,1,1,0,0.0
5,0,0.0,4,3,1,0,5,3,1,1,6.748611111111111
3,0,0.0,2,2,2,0,2,2,1,0,1.7241666666666666
6,0,0.0,2,3,1,0,6,2,3,0,5.526111111111111
669,1,0.0014947683109118087,18,16,2,0,552,2,271,0,8.638333333333334
2,0,0.0,2,1,1,0,0,1,0,0,0.0019444444444444444
4,0,0.0,3,2,2,0,2,2,1,0,6.750555555555556
2,0,0.0,1,1,1,0,2,1,2,0,2.5005555555555556
1,0,0.0,1,1,1,0,0,1,0,0,0.0
8,0,0.0,3,2,1,0,8,2,4,0,5.563055555555556
1,0,0.0,1,1,1,0,1,1,0,0,0.0
3,0,0.0,2,2,1,0,3,2,2,0,5.214722222222222
5,0,0.0,2,3,1,0,5,2,2,0,7.127222222222223
1,0,0.0,1,1,1,0,1,1,1,0,0.0
2,0,0.0,2,2,1,0,2,2,0,1,5.243611111111111
2,0,0.0,1,1,1,0,2,1,0,0,4.978888888888889
8,0,0.0,6,3,2,0,7,3,4,1,7.648333333333333
1,0,0.0,1,1,1,0,1,1,0,0,0.0
3,0,0.0,2,2,1,0,3,2,1,0,5.371944444444445
3,0,0.0,3,2,1,0,3,3,1,1,2.8958333333333335
2,0,0.0,2,2,1,0,2,2,1,0,0.016944444444444446
4,0,0.0,2,3,1,0,4,2,2,0,7.179166666666666
5,0,0.0,4,4,1,0,5,1,0,0,6.305555555555555
2,0,0.0,2,2,1,0,2,1,0,0,5.453055555555555
1,0,0.0,1,1,1,0,1,1,1,0,0.0
6,0,0.0,3,3,1,0,6,2,2,0,6.1113888888888885
2,0,0.0,2,1,1,0,2,1,2,0,0.20416666666666666
1,0,0.0,1,1,1,0,0,1,0,0,0.0
3,0,0.0,3,1,1,0,3,3,1,1,7.410833333333334
3,0,0.0,3,2,1,0,3,2,2,0,7.8758333333333335
2,0,0.0,2,2,2,0,1,1,0,0,0.33305555555555555
3,0,0.0,2,2,1,0,3,1,0,0,0.1363888888888889
1,0,0.0,1,1,1,0,1,1,1,0,0.0
5,0,0.0,4,3,2,0,4,2,2,0,0.27111111111111114
2,0,0.0,2,2,1,0,2,1,0,0,7.0311111111111115
1,0,0.0,1,1,1,0,1,1,1,0,0.0
2,0,0.0,2,2,1,0,2,1,0,0,0.0025
1,0,0.0,1,1,1,0,1,1,0,0,0.0
2,0,0.0,2,2,1,0,2,2,1,0,0.1597222222222222
3,0,0.0,3,1,2,0,2,3,1,1,3.4027777777777777
3,0,0.0,3,2,1,0,3,2,2,0,7.273888888888889
2,0,0.0,2,2,1,0,2,1,0,0,2.000277777777778
1,0,0.0,1,1,1,0,1,1,0,0,0.0
1,0,0.0,1,1,1,0,1,1,0,0,0.0
3,0,0.0,2,3,1,0,3,2,1,0,6.760277777777778
7,0,0.0,3,3,2,0,6,2,2,0,7.76
2,0,0.0,1,2,1,0,2,2,1,0,0.44666666666666666
5,0,0.0,2,2,2,0,4,2,2,0,5.487777777777778
4,0,0.0,4,3,1,0,4,2,1,0,5.345
4,0,0.0,1,1,1,0,4,1,0,0,2.6708333333333334
2,0,0.0,2,1,1,0,2,1,2,0,2.1577777777777776
4,0,0.0,2,1,1,0,4,2,3,1,4.091388888888889
4,0,0.0,2,2,1,0,4,1,0,0,4.823611111111111
3,0,0.0,3,2,2,0,2,2,1,0,4.753333333333333
5,0,0.0,3,3,2,0,4,2,1,0,7.025277777777778
3,0,0.0,2,2,1,0,3,2,2,0,6.751111111111111
6,0,0.0,4,3,1,0,6,2,2,0,6.441666666666666
1,0,0.0,1,1,1,0,1,1,0,0,0.0
3,0,0.0,2,1,1,0,3,1,3,0,6.505
2,0,0.0,2,2,2,0,1,1,0,0,0.22916666666666666
8,0,0.0,4,4,1,0,8,3,1,1,6.5472222222222225
2,0,0.0,1,1,1,0,2,1,0,0,0.05527777777777778
1,0,0.0,1,1,1,0,1,1,1,0,0.0
2,0,0.0,2,2,1,0,2,1,0,0,7.355
9,0,0.0,5,4,2,0,8,2,4,0,7.5377777777777775
5,0,0.0,3,2,1,0,5,1,5,0,5.268888888888889
1,0,0.0,1,1,1,0,1,1,0,1,0.0
4,0,0.0,3,2,1,0,4,2,2,0,5.375
2,0,0.0,1,1,1,0,2,1,0,0,6.148888888888889
2,0,0.0,2,1,1,0,2,1,2,0,0.0008333333333333334
5,0,0.0,1,1,1,0,5,1,0,0,7.0225
2,0,0.0,2,2,1,0,2,1,0,0,2.4827777777777778
4,0,0.0,3,3,1,0,4,2,2,0,7.216666666666667
1,0,0.0,1,1,1,0,0,1,0,0,0.0
1,0,0.0,1,1,1,0,1,1,1,0,0.0
5,0,0.0,2,3,1,0,5,2,3,0,7.0
2,0,0.0,2,2,1,0,2,2,1,0,4.025277777777778
2,0,0.0,1,2,2,0,1,1,0,0,0.07861111111111112
7,0,0.0,2,3,1,0,7,2,3,0,5.803333333333334
4,0,0.0,3,3,2,0,2,2,1,0,7.964722222222222
3,0,0.0,2,2,1,0,3,3,1,1,7.025555555555556
4,0,0.0,4,1,3,0,2,4,1,1,7.033055555555555
4,0,0.0,2,2,1,0,4,2,3,0,2.158888888888889
4,0,0.0,3,2,1,0,4,2,3,0,7.314444444444445
3,0,0.0,2,3,1,0,3,2,1,0,5.4127777777777775
8,0,0.0,2,3,2,0,7,2,4,0,8.12
4,0,0.0,1,2,1,0,4,2,2,0,4.010555555555555
47,0,0.0,4,3,1,0,47,2,26,0,8.198333333333334
4,0,0.0,4,4,1,0,4,1,0,0,6.2411111111111115
5,0,0.0,4,2,1,0,5,3,3,1,5.990277777777778
3,0,0.0,2,3,1,0,3,2,1,0,6.091944444444445
1,0,0.0,1,1,1,0,1,1,0,0,0.0
3,0,0.0,1,2,1,0,3,2,2,0,4.996666666666667
3,0,0.0,2,2,1,0,3,2,2,0,3.18
2,0,0.0,2,1,1,0,0,1,0,0,0.006944444444444444
2,0,0.0,2,2,2,0,1,1,0,0,1.7652777777777777
3,0,0.0,2,3,1,0,3,2,1,0,4.739444444444445
1,0,0.0,1,1,1,0,1,1,0,0,0.0
3,0,0.0,2,2,2,0,2,2,0,1,4.251944444444445
4,0,0.0,3,3,2,0,3,2,2,0,5.927222222222222
5,0,0.0,3,3,1,0,5,2,2,0,7.012777777777778
4,0,0.0,3,2,1,0,4,2,3,0,0.4519444444444444
3,0,0.0,3,3,1,0,3,2,1,0,7.514444444444444
5,0,0.0,4,2,2,0,4,3,1,1,1.655
1,0,0.0,1,1,1,0,1,1,1,0,0.0
5,0,0.0,2,3,1,0,5,2,1,0,6.053333333333334
1,0,0.0,1,1,1,0,1,1,0,0,0.0
3,0,0.0,3,1,2,0,2,2,2,0,0.005555555555555556
2,0,0.0,2,2,1,0,2,2,1,0,1.5441666666666667
4,0,0.0,3,4,1,0,4,2,1,0,7.483333333333333
3,0,0.0,2,2,1,0,3,2,0,1,5.319166666666667
2,0,0.0,2,2,1,0,2,2,1,0,0.4691666666666667
2,0,0.0,2,2,1,0,2,2,1,0,0.4083333333333333
3,0,0.0,3,2,1,0,3,2,2,0,4.185555555555555
4,0,0.0,4,3,2,0,3,2,1,0,5.401666666666666
1,0,0.0,1,1,1,0,1,1,0,0,0.0
5,0,0.0,3,3,2,0,4,2,1,0,5.876388888888889
2,0,0.0,2,2,2,0,1,1,0,0,2.075
3,0,0.0,3,3,2,0,2,1,0,0,0.39916666666666667
2,0,0.0,2,2,1,0,2,2,1,0,5.085277777777778
3,0,0.0,2,2,1,0,3,2,2,0,5.254722222222222
4,0,0.0,2,3,1,0,4,2,2,0,6.015833333333333
1,0,0.0,1,1,1,0,0,1,0,0,0.0
2,0,0.0,2,2,2,0,1,1,0,0,0.0002777777777777778
2,0,0.0,2,1,1,0,2,1,2,0,0.10194444444444445
2,0,0.0,2,2,1,0,2,2,1,0,2.1213888888888888
1,0,0.0,1,1,1,0,0,1,0,0,0.0
3,0,0.0,3,2,1,0,3,2,1,0,4.217777777777778
1,0,0.0,1,1,1,0,0,1,0,0,0.0
2,0,0.0,2,1,1,0,2,1,2,0,6.211944444444445
21,0,0.0,5,4,2,0,18,2,6,0,8.231388888888889
1,0,0.0,1,1,1,0,0,1,0,0,0.0
1,0,0.0,1,1,1,0,1,1,0,0,0.0
1,0,0.0,1,1,1,0,1,1,0,0,0.0
3,0,0.0,2,2,1,0,3,2,2,0,0.24444444444444444
2,0,0.0,2,2,1,0,2,2,1,0,0.019444444444444445
2,0,0.0,1,1,1,0,2,1,2,0,0.09194444444444444
6,0,0.0,3,4,1,0,6,2,3,0,0.0661111111111111
2,0,0.0,2,1,1,0,2,2,1,1,3.765
1,0,0.0,1,1,1,0,0,1,0,0,0.0
8,0,0.0,3,3,2,0,7,3,3,1,7.821944444444444
1,0,0.0,1,1,1,0,1,1,0,0,0.0
4,0,0.0,2,2,1,0,4,1,0,0,4.943611111111111
3,0,0.0,3,2,2,0,2,2,1,0,0.11777777777777777
5,0,0.0,3,2,1,0,5,3,3,1,5.165277777777778
2,0,0.0,2,1,2,0,1,2,1,0,1.5263888888888888
3,0,0.0,2,1,2,0,1,2,1,0,0.5652777777777778
2,0,0.0,2,2,2,0,1,1,0,0,0.26666666666666666
29,0,0.0,3,4,1,0,29,2,12,0,8.320277777777777
2,0,0.0,2,2,1,0,2,2,1,0,8.119444444444444
4,0,0.0,4,2,2,0,3,2,2,0,6.987222222222222
4,0,0.0,3,2,1,0,4,3,2,1,6.741666666666666
1,0,0.0,1,1,1,0,1,1,1,0,0.0
2,0,0.0,2,1,2,0,1,2,1,0,0.7697222222222222
3,0,0.0,3,3,2,0,2,1,0,0,6.648333333333333
1,0,0.0,1,1,1,0,0,1,0,0,0.0
2,0,0.0,1,1,1,0,2,1,0,0,4.315277777777778
5,0,0.0,3,2,2,0,4,3,2,1,8.1225
4,0,0.0,3,2,2,0,3,2,2,0,2.1572222222222224
3,0,0.0,2,2,1,0,3,2,2,0,1.5977777777777777
2,0,0.0,2,2,1,0,2,2,1,0,0.12666666666666668
5,0,0.0,2,2,1,0,5,3,1,1,8.099166666666667
4,0,0.0,2,2,1,0,4,2,1,0,3.5922222222222224
2,0,0.0,1,1,1,0,2,1,2,0,5.0408333333333335
5,0,0.0,3,3,2,0,4,2,2,0,4.448888888888889
2,0,0.0,2,1,1,0,2,1,2,0,0.4041666666666667
2,0,0.0,1,2,1,0,2,2,1,0,0.043333333333333335
5,0,0.0,4,3,1,0,5,2,1,0,5.2844444444444445
2,0,0.0,1,1,1,0,2,1,2,0,1.1469444444444445
4,0,0.0,2,2,2,0,3,2,1,0,5.995555555555556
3,0,0.0,2,2,1,0,3,2,2,0,4.990277777777778
5,0,0.0,2,3,1,0,5,2,2,0,6.873888888888889
1,0,0.0,1,1,1,0,1,1,0,0,0.0
3,0,0.0,2,2,2,0,2,2,2,0,7.733055555555556
7,0,0.0,5,3,2,0,5,2,3,0,5.078888888888889
4,0,0.0,2,2,2,0,3,2,1,0,8.188055555555556
3,0,0.0,2,2,1,0,3,2,2,0,0.6633333333333333
2,0,0.0,2,2,1,0,2,2,1,0,2.3847222222222224
2,0,0.0,2,1,2,0,1,2,1,0,0.013888888888888888
1,0,0.0,1,1,1,0,1,1,0,0,0.0
3,0,0.0,1,2,1,0,3,2,2,0,4.751944444444445
4,0,0.0,4,1,2,0,3,3,2,1,3.381111111111111
5,0,0.0,3,3,2,0,4,2,2,0,7.769166666666667
1,0,0.0,1,1,1,0,1,1,1,0,0.0
3,0,0.0,2,1,3,0,1,3,1,0,0.006944444444444444
9,0,0.0,5,2,2,0,6,2,3,0,7.47
5,0,0.0,2,3,1,0,5,2,1,0,4.49
4,0,0.0,3,3,2,0,3,1,0,0,4.061944444444444
3,0,0.0,3,3,1,0,3,1,0,0,3.835
1,0,0.0,1,1,1,0,1,1,0,0,0.0
2,0,0.0,2,1,1,0,2,2,1,0,3.6155555555555554
1,0,0.0,1,1,1,0,1,1,0,0,0.0
1,0,0.0,1,1,1,0,1,1,1,0,0.0
1,0,0.0,1,1,1,0,1,1,1,0,0.0
6,0,0.0,4,3,2,0,5,2,2,0,5.095
2,0,0.0,1,2,1,0,2,2,1,0,1.3005555555555555
3,0,0.0,3,2,1,0,3,2,2,0,5.194166666666667
1,0,0.0,1,1,1,0,1,1,0,0,0.0
2,0,0.0,2,2,2,0,1,1,0,0,3.8130555555555556
1,0,0.0,1,1,1,0,1,1,0,0,0.0
3,0,0.0,2,3,1,0,3,2,1,0,4.798611111111111
2,0,0.0,1,2,1,0,2,2,1,0,5.39
3,0,0.0,2,2,1,0,3,2,2,0,4.466944444444445
1,0,0.0,1,1,1,0,0,1,0,0,0.0
3,0,0.0,2,1,2,0,2,2,1,0,3.707777777777778
1,0,0.0,1,1,1,0,0,1,0,0,0.0
1,0,0.0,1,1,1,0,1,1,1,0,0.0
2,0,0.0,1,1,1,0,2,1,2,0,0.20777777777777778
5,0,0.0,3,4,2,0,4,3,1,1,6.6386111111111115
3,0,0.0,2,1,1,0,3,1,3,0,3.0080555555555555
2,0,0.0,1,1,1,0,2,1,0,0,0.2569444444444444
2,0,0.0,2,2,2,0,1,1,0,0,3.3722222222222222
1,0,0.0,1,1,1,0,1,1,0,0,0.0
1,0,0.0,1,1,1,0,0,1,0,0,0.0
7,0,0.0,3,3,1,0,7,2,2,0,8.033888888888889
4,0,0.0,4,2,2,0,2,2,1,0,1.7930555555555556
11,0,0.0,6,4,2,0,10,3,3,1,5.895555555555555
2,0,0.0,2,1,2,0,1,2,1,0,0.0038888888888888888
4,0,0.0,2,3,1,0,4,2,2,0,7.023055555555556
2,0,0.0,1,1,1,0,2,1,2,0,6.6525
2,0,0.0,2,2,1,0,2,1,0,0,1.3944444444444444
5,0,0.0,3,2,1,0,5,2,3,0,6.9911111111111115
2,0,0.0,2,1,1,0,0,1,0,0,0.03611111111111111
3,0,0.0,1,2,1,0,3,2,0,1,5.967222222222222
4,0,0.0,3,4,1,0,4,2,1,0,5.3625
6,0,0.0,3,3,1,0,6,3,2,1,5.1325
2,0,0.0,2,2,1,0,2,2,1,0,3.1461111111111113
3,0,0.0,2,2,1,0,3,2,2,0,5.753888888888889
2,0,0.0,2,2,1,0,2,1,0,0,0.012222222222222223
4,0,0.0,3,3,1,0,4,2,1,0,6.982222222222222
1,1,1.0,1,1,1,0,0,1,0,0,0.0
7,0,0.0,5,4,2,0,6,2,1,0,1.186388888888889
3,0,0.0,2,1,1,0,3,1,3,0,7.105833333333333
1,0,0.0,1,1,1,0,0,1,0,0,0.0
4,0,0.0,3,3,2,0,2,1,0,0,5.286944444444444
2,0,0.0,2,2,1,0,2,2,1,0,4.288055555555555
1,0,0.0,1,1,1,0,1,1,0,0,0.0
4,0,0.0,3,2,2,0,2,2,1,0,4.4686111111111115
1,0,0.0,1,1,1,0,0,1,0,0,0.0
6,0,0.0,3,3,2,0,4,2,1,0,6.650277777777778
1,0,0.0,1,1,1,0,1,1,1,0,0.0
2,0,0.0,2,1,1,0,2,2,1,1,0.0002777777777777778
1,0,0.0,1,1,1,0,1,1,0,0,0.0
2,0,0.0,2,1,1,0,2,1,2,0,4.570277777777778
2,0,0.0,2,1,2,0,1,2,1,0,2.3444444444444446
2,0,0.0,2,2,1,0,2,1,0,0,0.24194444444444443
5,0,0.0,2,3,1,0,5,3,2,1,6.036666666666667
1,0,0.0,1,1,1,0,1,1,1,0,0.0
1,0,0.0,1,1,1,0,1,1,0,0,0.0
2,0,0.0,1,2,1,0,2,2,1,0,2.587222222222222
5,0,0.0,3,2,2,0,2,1,0,0,5.394166666666667
4,0,0.0,2,2,1,0,4,3,2,1,5.653888888888889
4,0,0.0,4,2,1,0,4,2,3,1,0.16166666666666665
4,0,0.0,2,2,1,0,4,2,2,0,4.254444444444444
7,0,0.0,3,2,1,0,7,3,2,1,5.989722222222222
1,0,0.0,1,1,1,0,1,1,1,0,0.0
2,0,0.0,2,2,2,0,1,1,0,0,7.531944444444444
5,0,0.0,3,3,1,0,5,2,2,0,7.253611111111111
1,1,1.0,1,1,1,0,0,1,0,0,0.0
1,0,0.0,1,1,1,0,1,1,1,0,0.0
3,0,0.0,2,2,1,0,3,3,1,1,7.1475
1,0,0.0,1,1,1,0,1,1,1,0,0.0
1,0,0.0,1,1,1,0,0,1,0,0,0.0
1,0,0.0,1,1,1,0,0,1,0,0,0.0
5,0,0.0,2,2,2,0,4,2,3,0,6.391944444444444
2,0,0.0,2,1,2,0,0,2,0,0,0.0016666666666666668
6,0,0.0,2,2,1,0,6,2,3,0,8.250555555555556
2,0,0.0,2,1,1,0,2,1,2,0,0.7525
1,0,0.0,1,1,1,0,1,1,0,0,0.0
9,0,0.0,6,4,2,0,7,2,3,0,6.8425
1,0,0.0,1,1,1,0,1,1,1,0,0.0
7,0,0.0,2,2,2,0,6,2,4,0,6.620277777777778
2,0,0.0,2,2,1,0,2,2,1,0,0.025555555555555557
3,0,0.0,1,2,1,0,3,2,1,0,7.749722222222222
3,0,0.0,3,3,1,0,3,1,0,0,5.220833333333333
2,0,0.0,2,1,2,0,1,2,0,1,0.06722222222222222
4,0,0.0,2,1,1,0,4,2,3,1,4.8822222222222225
1,0,0.0,1,1,1,0,0,1,0,0,0.0
5,0,0.0,1,2,1,0,5,3,2,1,6.866388888888889
7,0,0.0,4,3,2,0,5,2,2,0,3.837222222222222
5,0,0.0,4,3,2,0,4,4,1,1,0.6055555555555555
1,0,0.0,1,1,1,0,1,1,0,1,0.0
6,0,0.0,4,2,2,0,5,3,1,1,7.664166666666667
2,0,0.0,2,2,1,0,2,2,1,0,1.2547222222222223
2,0,0.0,2,2,2,0,0,2,0,0,0.5222222222222223
4,0,0.0,2,3,1,0,4,2,1,0,4.993888888888889
4,0,0.0,1,2,1,0,4,2,3,0,5.755
5,0,0.0,2,2,1,0,5,2,2,0,5.56
2,0,0.0,2,1,1,0,2,1,2,0,0.006388888888888889
3,0,0.0,2,1,1,0,3,1,3,0,6.713055555555556
2,0,0.0,2,2,1,0,2,1,0,0,0.008333333333333333
2,0,0.0,2,1,1,0,2,2,1,1,4.885277777777778
1,0,0.0,1,1,1,0,1,1,0,0,0.0
3,0,0.0,2,1,1,0,3,2,2,1,1.4530555555555555
5,0,0.0,2,3,1,0,5,2,2,0,5.648888888888889
3,0,0.0,2,1,2,0,2,2,2,0,4.395277777777777
4,0,0.0,4,2,2,0,3,2,1,0,7.6066666666666665
1,0,0.0,1,1,1,0,1,1,1,0,0.0
1,0,0.0,1,1,1,0,1,1,0,0,0.0
3,0,0.0,3,2,1,0,3,2,2,0,3.531388888888889
1,0,0.0,1,1,1,0,1,1,1,0,0.0
1,0,0.0,1,1,1,0,1,1,0,0,0.0
3,0,0.0,3,3,2,0,2,1,0,0,8.383055555555556
4,0,0.0,1,2,1,0,4,2,3,0,2.4027777777777777
3,0,0.0,2,2,1,0,3,2,2,0,5.562222222222222
4,0,0.0,2,3,1,0,4,3,1,1,3.3316666666666666
3,0,0.0,2,1,1,0,3,1,3,0,5.353055555555556
1,0,0.0,1,1,1,0,1,1,1,0,0.0
3,0,0.0,2,1,2,0,2,2,2,0,4.608611111111111
2,0,0.0,2,2,1,0,2,1,0,0,1.4838888888888888
1,0,0.0,1,1,1,0,1,1,0,0,0.0
5,0,0.0,3,4,1,0,5,2,1,0,6.27
2,0,0.0,2,2,1,0,2,2,1,0,4.514722222222222
4,0,0.0,3,3,1,0,4,2,2,0,6.876111111111111
4,0,0.0,3,3,1,0,4,3,1,1,6.685833333333333
3,0,0.0,2,2,1,0,3,3,1,1,3.22
2,0,0.0,2,1,1,0,2,1,2,0,0.024166666666666666
3,0,0.0,3,3,2,0,2,1,0,0,5.24
3,0,0.0,3,3,2,0,2,1,0,0,4.8694444444444445
6,0,0.0,3,2,1,0,6,2,4,0,5.693611111111111
2,0,0.0,1,1,1,0,2,1,0,0,1.918611111111111
3,0,0.0,2,2,1,0,3,2,2,0,7.945833333333334
3,0,0.0,1,2,1,0,3,2,1,0,1.6416666666666666
2,0,0.0,2,1,2,0,1,2,1,0,0.005
1,0,0.0,1,1,1,0,1,1,0,0,0.0
5,0,0.0,3,4,2,0,4,2,1,0,5.485
3,0,0.0,3,3,2,0,2,1,0,0,1.3302777777777777
1,0,0.0,1,1,1,0,1,1,1,0,0.0
3,0,0.0,2,2,2,0,2,2,1,0,8.124722222222223
7,0,0.0,4,5,2,0,6,2,3,0,6.56
3,0,0.0,2,3,1,0,3,2,1,0,5.453611111111111
3,0,0.0,2,2,1,0,3,2,1,0,1.9172222222222222
2,0,0.0,2,2,1,0,2,2,0,1,2.1694444444444443
1,0,0.0,1,1,1,0,0,1,0,0,0.0
1,0,0.0,1,1,1,0,1,1,1,0,0.0
6,0,0.0,5,4,1,0,6,2,3,0,6.869722222222222
6,0,0.0,4,2,2,0,5,3,2,0,0.23805555555555555
25,0,0.0,3,3,1,0,25,2,16,0,8.023888888888889
1,0,0.0,1,1,1,0,1,1,1,0,0.0
2,0,0.0,2,2,1,0,2,1,0,0,0.2811111111111111
1,0,0.0,1,1,1,0,1,1,1,0,0.0
1,0,0.0,1,1,1,0,1,1,1,0,0.0
2,0,0.0,2,1,1,0,2,1,2,0,0.0038888888888888888
2,0,0.0,2,2,1,0,2,1,0,0,8.019444444444444
4,0,0.0,2,2,1,0,4,2,1,0,4.163888888888889
2,0,0.0,2,2,1,0,2,1,0,0,0.2338888888888889
1,0,0.0,1,1,1,0,1,1,0,0,0.0
4,0,0.0,3,3,1,0,4,2,0,1,1.168611111111111
1,0,0.0,1,1,1,0,1,1,1,0,0.0
2,0,0.0,1,1,1,0,2,1,2,0,1.4908333333333332
2,0,0.0,2,2,1,0,2,2,1,0,4.0025
2,0,0.0,2,1,2,0,1,2,0,1,0.04972222222222222
1,0,0.0,1,1,1,0,1,1,1,0,0.0
5,0,0.0,2,3,1,0,5,2,2,0,6.285277777777778
1,0,0.0,1,1,1,0,1,1,1,0,0.0
2,0,0.0,2,1,2,0,1,2,1,0,5.123611111111111
3,0,0.0,3,2,2,0,2,2,1,0,0.24194444444444443
2,0,0.0,1,1,1,0,2,1,2,0,4.750277777777778
1,0,0.0,1,1,1,0,1,1,1,0,0.0
3,0,0.0,3,3,2,0,2,1,0,0,0.0175
2,0,0.0,1,2,1,0,2,2,1,0,0.9966666666666667
3,0,0.0,3,1,1,0,3,2,2,0,3.8369444444444443
2,0,0.0,1,1,1,0,2,1,0,0,0.021666666666666667
4,0,0.0,3,3,2,0,3,1,0,0,4.735
2,0,0.0,2,2,1,0,2,1,0,0,0.010555555555555556
3,0,0.0,3,2,2,0,2,1,0,0,2.641388888888889
3,0,0.0,2,2,1,0,3,2,2,0,3.0452777777777778
5,0,0.0,4,4,1,0,5,2,2,0,6.496944444444445
1,0,0.0,1,1,1,0,1,1,1,0,0.0
6,0,0.0,3,3,1,0,6,3,1,1,6.7425
2,0,0.0,1,2,1,0,2,2,1,0,3.7319444444444443
1,0,0.0,1,1,1,0,1,1,0,0,0.0
2,0,0.0,2,2,2,0,1,1,0,0,0.25666666666666665
7,0,0.0,4,3,1,0,7,3,4,1,3.3480555555555553
3,0,0.0,2,1,1,0,3,2,2,1,3.941388888888889
4,0,0.0,3,2,2,0,2,2,1,0,7.750277777777778
2,0,0.0,2,1,2,0,1,2,0,1,1.0783333333333334
4,0,0.0,3,3,1,0,4,2,1,0,5.503611111111111
2,0,0.0,2,1,1,0,2,1,2,0,3.352222222222222
1,0,0.0,1,1,1,0,1,1,0,0,0.0
1,0,0.0,1,1,1,0,1,1,1,0,0.0
2,0,0.0,1,2,1,0,2,2,1,0,1.5563888888888888
2,0,0.0,2,1,1,0,2,1,2,0,7.000277777777778
2,0,0.0,2,2,2,0,1,1,0,0,1.0555555555555556
3,0,0.0,3,3,2,0,2,1,0,0,0.03138888888888889
2,0,0.0,2,2,1,0,2,2,1,0,1.783611111111111
3,0,0.0,3,2,2,0,2,2,1,0,0.8930555555555556
1,0,0.0,1,1,1,0,1,1,0,0,0.0
6,0,0.0,4,3,1,0,6,2,2,0,7.859444444444445
2,0,0.0,1,2,1,0,2,2,1,0,2.4066666666666667
6,0,0.0,3,3,2,0,5,2,3,0,7.889722222222222
1,0,0.0,1,1,1,0,1,1,0,0,0.0
5,0,0.0,3,3,2,0,4,2,1,0,5.996666666666667
3,0,0.0,2,2,1,0,3,2,2,0,7.990277777777778
1,0,0.0,1,1,1,0,1,1,0,0,0.0
4,0,0.0,3,1,2,0,2,2,2,0,5.663611111111111
3,0,0.0,3,3,1,0,3,1,0,0,5.011666666666667
2,0,0.0,1,2,1,0,2,2,1,0,1.5547222222222221
4,0,0.0,3,3,2,0,3,2,1,0,0.028055555555555556
1,0,0.0,1,1,1,0,0,1,0,0,0.0
2,0,0.0,2,1,2,0,1,2,1,0,5.895833333333333
1,0,0.0,1,1,1,0,1,1,1,0,0.0
7,0,0.0,4,3,1,0,7,2,5,0,5.995277777777778
4,0,0.0,3,1,2,0,2,2,2,0,4.965
2,0,0.0,2,1,2,0,1,2,0,1,0.0011111111111111111
2,0,0.0,2,2,1,0,2,2,1,0,4.933055555555556
5,0,0.0,3,3,2,0,4,2,2,0,6.209444444444444
3,0,0.0,3,2,1,0,3,2,2,0,6.814722222222223
2,0,0.0,2,2,2,0,1,1,0,0,8.28138888888889
2,0,0.0,2,2,2,0,1,1,0,0,2.044722222222222
7,0,0.0,3,3,2,0,6,2,3,0,5.83
2,0,0.0,2,2,2,0,1,1,0,0,0.15694444444444444
6,0,0.0,4,2,2,0,5,3,1,1,7.502222222222223
1,0,0.0,1,1,1,0,0,1,0,0,0.0
2,0,0.0,2,2,1,0,2,2,1,0,0.6402777777777777
6,0,0.0,4,2,2,0,4,2,3,0,6.376944444444445
3,0,0.0,1,2,1,0,3,2,2,0,0.012777777777777779
2,0,0.0,2,2,1,0,2,2,1,0,2.3108333333333335
4,0,0.0,2,2,1,0,4,2,3,0,6.88
5,0,0.0,4,3,1,0,5,2,3,0,5.494722222222222
2,0,0.0,1,1,1,0,2,1,0,0,0.4891666666666667
3,0,0.0,2,2,1,0,3,2,2,0,6.455555555555556
3,0,0.0,2,2,1,0,3,2,1,0,3.51
1,0,0.0,1,1,1,0,1,1,0,0,0.0
2,0,0.0,1,2,1,0,2,2,1,0,1.8852777777777778
1,0,0.0,1,1,1,0,1,1,1,0,0.0
2,0,0.0,2,2,1,0,2,2,1,0,0.011944444444444445
2,0,0.0,2,2,1,0,2,2,1,0,0.005
6,0,0.0,4,4,1,0,6,2,1,0,5.786388888888889
4,0,0.0,2,3,1,0,4,2,2,0,6.243333333333333
2,0,0.0,1,2,1,0,2,2,1,0,5.296388888888889
2,0,0.0,2,2,2,0,1,1,0,0,1.9047222222222222
2,0,0.0,1,1,1,0,2,1,0,0,0.03333333333333333
1,0,0.0,1,1,1,0,1,1,1,0,0.0
1,0,0.0,1,1,1,0,1,1,0,0,0.0
1,0,0.0,1,1,1,0,1,1,0,0,0.0
4,0,0.0,2,2,1,0,4,3,2,1,6.683055555555556
1,0,0.0,1,1,1,0,0,1,0,0,0.0
2,0,0.0,1,1,1,0,2,1,0,0,1.8447222222222222
5,0,0.0,2,3,1,0,5,2,2,0,2.6708333333333334
2,0,0.0,1,2,1,0,2,2,1,0,0.07055555555555555
7,0,0.0,2,3,2,0,6,2,2,0,3.9969444444444444
1,0,0.0,1,1,1,0,0,1,0,0,0.0
1,0,0.0,1,1,1,0,1,1,1,0,0.0
1,0,0.0,1,1,1,0,1,1,0,0,0.0
3,0,0.0,3,2,1,0,3,2,1,0,3.7775
3,0,0.0,2,2,2,0,2,2,1,0,2.808333333333333
4,0,0.0,3,4,1,0,4,2,2,0,6.084444444444444
2,0,0.0,1,2,1,0,2,2,1,0,6.247222222222222
3,0,0.0,3,2,2,0,2,2,1,0,0.21083333333333334
5,0,0.0,2,2,2,0,4,2,3,0,7.25
3,0,0.0,3,2,2,0,2,2,1,0,1.241111111111111
3,0,0.0,3,2,1,0,3,2,2,0,5.2425
5,0,0.0,5,3,2,0,4,2,1,0,6.585555555555556
3,0,0.0,3,2,2,0,1,1,0,0,0.14333333333333334
1,0,0.0,1,1,1,0,1,1,1,0,0.0
4,0,0.0,2,2,1,0,4,1,0,0,3.6616666666666666
2,0,0.0,1,1,2,0,1,2,1,0,3.4616666666666664
3,0,0.0,2,2,1,0,3,2,2,0,4.078611111111111
3,0,0.0,1,2,1,0,3,2,2,0,2.0411111111111113
3,0,0.0,3,3,1,0,3,1,0,0,0.04611111111111111
5,0,0.0,4,3,1,0,5,2,1,0,6.247222222222222
2,0,0.0,1,1,1,0,2,1,0,0,0.9972222222222222
2,0,0.0,2,2,1,0,2,1,0,0,3.5636111111111113
2,0,0.0,2,2,1,0,2,2,1,0,4.416944444444445
4,0,0.0,4,2,1,0,4,2,3,0,7.556111111111111
3,0,0.0,3,1,1,0,3,1,3,0,4.986111111111111
2,0,0.0,2,2,1,0,2,2,1,0,0.7994444444444444
2,0,0.0,2,2,1,0,2,1,0,0,1.8216666666666668
3,0,0.0,1,1,1,0,3,1,3,0,5.506944444444445
2,0,0.0,2,2,1,0,2,1,0,0,3.5616666666666665
5,0,0.0,4,2,2,0,4,3,3,0,3.798888888888889
6,0,0.0,4,3,1,0,6,3,2,1,7.610833333333333
2,0,0.0,2,2,2,0,1,1,0,0,0.02
1,0,0.0,1,1,1,0,1,1,0,0,0.0
4,0,0.0,2,2,1,0,4,2,3,0,5.6386111111111115
1,0,0.0,1,1,1,0,1,1,1,0,0.0
3,0,0.0,2,2,2,0,2,2,1,0,3.756666666666667
3,0,0.0,2,1,2,0,2,2,2,0,4.421666666666667
3,0,0.0,2,1,2,0,2,3,1,1,2.4205555555555556
1,0,0.0,1,1,1,0,1,1,1,0,0.0
4,0,0.0,3,3,1,0,4,2,2,0,7.186944444444444
3,0,0.0,3,2,1,0,3,2,2,1,6.754444444444444
6,0,0.0,3,3,1,0,6,2,4,0,5.285277777777778
2,0,0.0,2,2,2,0,1,1,0,0,1.5180555555555555
2,0,0.0,2,1,1,0,2,1,2,0,3.4419444444444443
3,0,0.0,1,2,1,0,3,2,1,0,2.7577777777777777
1,0,0.0,1,1,1,0,1,1,1,0,0.0
7,0,0.0,3,3,1,0,7,3,2,1,5.248611111111111
1,0,0.0,1,1,1,0,1,1,0,0,0.0
3,0,0.0,3,3,1,0,3,2,2,0,2.71
5,0,0.0,4,4,1,0,5,2,2,0,6.897777777777778
3,0,0.0,2,2,1,0,3,2,2,0,1.1530555555555555
5,0,0.0,3,3,2,0,4,2,2,0,6.419722222222222
1,0,0.0,1,1,1,0,1,1,0,0,0.0
7,0,0.0,4,3,2,0,6,2,1,0,8.001666666666667
5,0,0.0,4,3,1,0,5,2,2,0,6.99
22,0,0.0,2,2,1,0,22,2,11,0,7.7283333333333335
2,0,0.0,2,1,2,0,1,2,1,0,7.879166666666666
1,0,0.0,1,1,1,0,1,1,1,0,0.0
4,0,0.0,3,3,1,0,4,3,1,1,7.503611111111111
3,0,0.0,3,3,2,0,2,1,0,0,1.9858333333333333
5,0,0.0,3,2,3,0,3,4,1,1,6.282777777777778
1,0,0.0,1,1,1,0,1,1,0,1,0.0
3,0,0.0,2,2,2,0,2,2,1,0,5.248611111111111
1,0,0.0,1,1,1,0,1,1,1,0,0.0
7,0,0.0,4,5,1,0,7,2,2,0,5.0936111111111115
2,0,0.0,2,2,1,0,2,1,2,0,1.9980555555555555
3,0,0.0,3,2,1,0,3,2,2,0,0.11638888888888889
6,0,0.0,2,2,2,0,5,2,2,0,5.3175
1,0,0.0,1,1,1,0,1,1,1,0,0.0
1,0,0.0,1,1,1,0,1,1,0,0,0.0
2,0,0.0,2,1,1,0,2,2,1,1,5.732777777777778
3,0,0.0,2,1,2,0,2,2,2,0,3.6230555555555557
5,0,0.0,4,2,1,0,5,3,2,2,5.448888888888889
1,0,0.0,1,1,1,0,1,1,0,0,0.0
2,0,0.0,2,1,1,0,2,1,2,0,0.02666666666666667
3,0,0.0,3,2,2,0,2,2,1,0,7.110833333333333
2,0,0.0,1,2,1,0,2,2,1,0,0.5063888888888889
25,0,0.0,3,3,1,0,25,2,12,0,7.934166666666667
2,0,0.0,2,2,1,0,2,2,1,0,0.1475
1,0,0.0,1,1,1,0,1,1,1,0,0.0
1,0,0.0,1,1,1,0,1,1,0,0,0.0
1,0,0.0,1,1,1,0,1,1,0,0,0.0
5,0,0.0,1,1,1,0,5,1,0,0,4.63
3,0,0.0,3,1,2,0,2,2,2,0,0.08527777777777777
6,0,0.0,5,4,2,0,5,2,1,0,0.21861111111111112
7,0,0.0,3,2,2,0,6,2,2,0,7.085
3,0,0.0,2,1,2,0,2,2,2,0,4.705277777777778
6,0,0.0,3,3,1,0,6,2,3,0,7.846666666666667
7,0,0.0,4,2,2,0,5,3,3,1,4.932777777777778
6,0,0.0,3,3,1,0,6,2,3,0,6.662222222222222
1,0,0.0,1,1,1,0,1,1,0,0,0.0
3,0,0.0,2,3,1,0,3,2,1,0,5.465277777777778
4,0,0.0,3,3,2,0,3,2,1,0,5.758333333333334
2,0,0.0,1,2,1,0,2,2,1,0,1.4969444444444444
10,0,0.0,2,2,1,0,10,2,7,0,7.7325
5,0,0.0,4,5,2,0,4,2,1,0,3.231388888888889
4,0,0.0,2,3,1,0,4,2,2,0,1.781111111111111
1,0,0.0,1,1,1,0,1,1,1,0,0.0
4,0,0.0,1,2,1,0,4,2,2,0,7.2275
5,0,0.0,4,4,1,0,5,1,0,0,7.943888888888889
2,0,0.0,2,2,1,0,2,2,0,1,5.137777777777778
3,0,0.0,3,2,2,0,2,2,1,0,0.028888888888888888
3,0,0.0,2,3,1,0,3,2,1,0,3.897777777777778
5,0,0.0,4,3,2,0,4,2,2,0,6.809722222222222
2,0,0.0,2,1,2,0,1,2,1,0,3.4008333333333334
3,0,0.0,1,2,1,0,3,2,1,0,6.751388888888889
2,0,0.0,2,2,1,0,2,2,1,0,5.301666666666667
1,0,0.0,1,1,1,0,1,1,1,0,0.0
1,0,0.0,1,1,1,0,1,1,1,0,0.0
4,0,0.0,2,3,1,0,4,2,2,0,4.314444444444445
3,0,0.0,3,2,2,0,2,3,0,1,6.373611111111111
2,0,0.0,1,2,1,0,2,2,1,0,2.5016666666666665
3,0,0.0,3,3,1,0,3,2,1,0,0.09722222222222222
7,0,0.0,5,3,2,0,6,2,3,0,6.873055555555555
202,0,0.0,17,17,2,0,196,2,96,0,8.642777777777777
3,0,0.0,2,3,1,0,3,2,1,0,5.852222222222222
3,0,0.0,1,2,1,0,3,2,2,0,4.503055555555555
6,0,0.0,2,3,1,0,6,3,1,1,7.832222222222223
2,0,0.0,2,2,1,0,2,2,1,0,2.6702777777777778
2,0,0.0,2,1,2,0,1,2,1,0,0.09833333333333333
20,0,0.0,2,3,1,0,20,2,10,0,7.983888888888889
1,0,0.0,1,1,1,0,1,1,1,0,0.0
2,0,0.0,1,1,2,0,1,2,0,0,0.4011111111111111
6,0,0.0,4,2,2,0,4,3,2,1,6.4383333333333335
3,0,0.0,2,2,1,0,3,1,0,0,4.1722222222222225
2,0,0.0,2,2,1,0,2,1,0,0,4.1241666666666665
1,0,0.0,1,1,1,0,1,1,0,1,0.0
3,0,0.0,2,2,1,0,3,3,1,1,1.7458333333333333
1,0,0.0,1,1,1,0,1,1,1,0,0.0
2,0,0.0,2,2,1,0,2,2,1,0,0.19194444444444445
3,0,0.0,2,2,1,0,3,2,2,0,4.4175
4,0,0.0,2,3,1,0,4,2,1,0,7.41
4,0,0.0,3,2,2,0,3,2,2,0,7.5569444444444445
2,0,0.0,2,1,1,0,2,1,2,0,0.001388888888888889
1,0,0.0,1,1,1,0,1,1,1,0,0.0
6,0,0.0,3,4,1,0,6,2,2,0,7.052222222222222
4,0,0.0,4,1,2,0,3,2,3,0,0.1638888888888889
33,0,0.0,7,6,2,0,30,2,12,0,7.487222222222222
3,0,0.0,1,2,1,0,3,2,2,0,7.243888888888889
6,0,0.0,3,2,2,0,5,3,2,1,7.130277777777778
4,0,0.0,2,2,1,0,4,2,2,0,2.098888888888889
4,0,0.0,2,2,1,0,4,2,3,0,3.5944444444444446
3,0,0.0,1,2,1,0,3,2,2,0,0.495
3,0,0.0,2,1,2,0,2,2,2,0,4.779166666666667
2,0,0.0,2,2,1,0,2,2,1,0,0.028055555555555556
1,0,0.0,1,1,1,0,0,1,0,0,0.0
1,0,0.0,1,1,1,0,1,1,0,0,0.0
3,0,0.0,3,2,1,0,3,3,1,1,6.343055555555556
2,0,0.0,2,2,2,0,1,1,0,0,0.5713888888888888
2,0,0.0,2,2,1,0,2,1,0,0,7.0969444444444445
3,0,0.0,2,1,1,0,3,1,3,0,0.26722222222222225
6,0,0.0,2,3,1,0,6,2,0,1,5.335277777777778
4,0,0.0,2,2,2,0,3,2,2,0,5.057222222222222
1,0,0.0,1,1,1,0,1,1,0,0,0.0
3,0,0.0,3,1,2,0,2,2,2,0,6.250277777777778
3,0,0.0,3,2,3,0,1,2,0,0,0.10222222222222223
2,0,0.0,1,2,1,0,2,2,1,0,0.3038888888888889
3,0,0.0,3,3,1,0,3,2,1,0,7.645277777777777
4,0,0.0,2,2,3,0,2,2,0,0,2.763333333333333
3,0,0.0,2,3,1,0,3,2,1,0,1.253611111111111
3,0,0.0,2,2,2,0,2,2,1,0,3.495277777777778
2,0,0.0,2,2,1,0,2,1,0,0,0.004166666666666667
6,0,0.0,4,4,1,0,6,2,2,0,8.572222222222223
6,0,0.0,3,2,1,0,6,3,4,1,7.043333333333333
3,0,0.0,3,2,2,0,2,2,1,0,6.803888888888889
5,0,0.0,3,3,1,0,5,3,2,1,3.5516666666666667
5,0,0.0,4,1,2,0,4,2,4,0,2.816666666666667
8,0,0.0,5,3,2,0,5,3,2,1,8.206666666666667
5,0,0.0,4,4,1,0,5,2,2,0,0.21888888888888888
3,0,0.0,2,2,1,0,3,2,2,0,7.854722222222223
7,0,0.0,3,3,1,0,7,3,4,1,4.789722222222222
2,0,0.0,2,2,1,0,2,1,0,0,7.708333333333333
3,0,0.0,2,3,1,0,3,2,1,0,1.435
7,0,0.0,3,3,2,0,5,2,1,0,0.2594444444444444
2,0,0.0,1,1,1,0,2,1,2,0,2.988611111111111
4,0,0.0,2,2,1,0,4,2,3,0,5.766388888888889
2,0,0.0,1,1,2,0,0,1,0,0,0.03777777777777778
2,0,0.0,2,2,1,0,2,2,1,0,5.745277777777778
1,0,0.0,1,1,1,0,1,1,1,0,0.0
6,0,0.0,3,3,2,0,3,2,1,0,3.328888888888889
1,0,0.0,1,1,1,0,1,1,1,0,0.0
7,0,0.0,3,3,2,0,6,2,2,0,7.947777777777778
1,0,0.0,1,1,1,0,1,1,1,0,0.0
1,0,0.0,1,1,1,0,1,1,0,0,0.0
3,0,0.0,3,2,1,0,3,2,2,0,1.9072222222222222
2,0,0.0,2,2,1,0,2,2,1,0,5.225833333333333
2,0,0.0,2,2,1,0,2,1,0,0,0.1811111111111111
4,0,0.0,2,3,2,0,3,2,2,0,4.716666666666667
5,0,0.0,3,2,2,0,4,2,2,0,2.345
2,0,0.0,2,2,1,0,2,1,0,0,0.3194444444444444
4,0,0.0,4,2,3,0,1,2,0,0,0.006944444444444444
4,0,0.0,2,3,1,0,4,2,2,0,5.810555555555555
2,0,0.0,1,1,1,0,2,2,1,1,1.4325
3,0,0.0,2,2,2,0,2,2,0,1,4.548333333333333
6,0,0.0,2,2,1,0,6,2,3,0,4.674444444444444
3,0,0.0,2,1,1,0,3,2,2,1,2.2919444444444443
5,0,0.0,3,2,2,0,4,2,3,0,6.930555555555555
4,0,0.0,4,3,1,0,4,2,2,0,5.7122222222222225
3,0,0.0,2,2,2,0,2,1,0,0,2.3044444444444445
2,0,0.0,1,2,2,0,0,1,0,0,0.03333333333333333
5,0,0.0,2,2,1,0,5,2,3,0,3.2744444444444443
6,0,0.0,3,3,1,0,6,2,3,0,6.430833333333333
2,0,0.0,2,2,1,0,2,2,1,0,0.09805555555555556
2,0,0.0,2,2,1,0,2,2,1,0,4.038333333333333
4,0,0.0,2,3,1,0,4,3,1,1,5.306666666666667
3,0,0.0,3,2,2,0,2,3,0,1,0.065
5,0,0.0,3,4,1,0,5,2,0,1,7.213055555555556
1,0,0.0,1,1,1,0,0,1,0,0,0.0
5,0,0.0,2,3,1,0,5,3,2,1,7.349722222222222
1,0,0.0,1,1,1,0,1,1,0,0,0.0
5,0,0.0,4,3,2,0,4,2,1,0,7.991944444444444
3,0,0.0,1,2,1,0,3,2,2,0,3.2983333333333333
1,0,0.0,1,1,1,0,1,1,0,0,0.0
2,0,0.0,2,2,2,0,1,1,0,0,0.008055555555555555
3,0,0.0,2,3,1,0,3,2,1,0,0.06166666666666667
2,0,0.0,2,2,2,0,1,1,0,0,0.0033333333333333335
2,0,0.0,1,1,1,0,2,1,0,0,1.9327777777777777
3,0,0.0,1,2,1,0,3,2,1,0,3.9611111111111112
3,0,0.0,2,3,1,0,3,2,1,0,2.077777777777778
2,0,0.0,2,2,1,0,2,1,0,0,1.0233333333333334
1,0,0.0,1,1,1,0,1,1,1,0,0.0
3,0,0.0,3,3,1,0,3,2,1,0,2.7447222222222223
6,0,0.0,4,4,1,0,6,2,2,0,7.66
4,0,0.0,4,1,2,0,3,2,3,0,5.304444444444444
7,0,0.0,2,3,1,0,7,3,1,1,7.01
1,0,0.0,1,1,1,0,1,1,1,0,0.0
1,0,0.0,1,1,1,0,1,1,0,0,0.0
5,0,0.0,2,2,2,0,4,2,3,0,6.4275
5,0,0.0,3,2,1,0,5,2,4,0,7.046666666666667
5,0,0.0,1,2,1,0,5,2,3,0,5.370833333333334
1,0,0.0,1,1,1,0,1,1,0,0,0.0
2,0,0.0,2,2,2,0,1,1,0,0,0.5586111111111111
3,0,0.0,1,1,1,0,3,1,3,0,2.182777777777778
2,0,0.0,2,2,1,0,2,1,0,0,1.868611111111111
7,0,0.0,4,4,2,0,6,3,1,0,6.350833333333333
4,0,0.0,4,3,2,0,3,2,1,0,0.2475
3,0,0.0,1,2,1,0,3,2,2,0,4.238611111111111
1,0,0.0,1,1,1,0,1,1,0,0,0.0
3,0,0.0,2,2,2,0,2,1,0,0,6.48
4,0,0.0,3,2,2,0,2,3,1,0,0.07055555555555555
6,0,0.0,3,3,2,0,4,2,2,0,7.483055555555556
6,0,0.0,2,2,1,0,6,2,2,0,7.989722222222222
5,0,0.0,2,2,1,0,5,2,2,0,6.853888888888889
5,0,0.0,2,2,1,0,5,2,2,0,8.273888888888889
4,0,0.0,2,2,2,0,3,2,1,0,3.5858333333333334
4,0,0.0,3,3,1,0,4,3,1,1,0.20277777777777778
4,0,0.0,3,3,1,0,4,2,2,0,7.499722222222222
4,0,0.0,3,3,2,0,3,1,0,0,8.000277777777777
1,0,0.0,1,1,1,0,1,1,1,0,0.0
2,0,0.0,2,2,1,0,2,1,2,0,5.352222222222222
5,0,0.0,1,2,1,0,5,2,1,0,3.7708333333333335
2,0,0.0,1,1,1,0,2,1,2,0,5.239722222222222
3,0,0.0,3,2,2,0,2,2,1,0,7.5344444444444445
2,0,0.0,2,2,2,0,1,1,0,0,0.39361111111111113
2,0,0.0,1,2,1,0,2,2,0,1,3.210277777777778
5,0,0.0,5,2,1,0,5,2,4,0,6.363333333333333
2,0,0.0,2,1,1,0,2,1,2,0,2.5661111111111112
6,0,0.0,3,3,2,0,5,2,2,0,5.084444444444444
8,0,0.0,6,3,2,0,7,3,3,1,7.503611111111111
1,0,0.0,1,1,1,0,1,1,0,0,0.0
3,0,0.0,2,2,2,0,1,1,0,0,8.034444444444444
2,0,0.0,1,2,1,0,2,2,1,0,1.0161111111111112
1,0,0.0,1,1,1,0,1,1,0,0,0.0
1,0,0.0,1,1,1,0,1,1,1,0,0.0
1,0,0.0,1,1,1,0,1,1,0,1,0.0
6,0,0.0,3,2,2,0,5,2,3,0,4.947222222222222
1,0,0.0,1,1,1,0,0,1,0,0,0.0
4,0,0.0,2,2,2,0,3,2,1,0,6.388888888888889
9,0,0.0,8,5,3,0,7,3,2,0,7.768888888888889
1,0,0.0,1,1,1,0,1,1,0,0,0.0
2,0,0.0,1,1,1,0,2,1,0,0,4.9925
2,0,0.0,2,1,1,0,2,2,1,1,3.9105555555555553
4,0,0.0,2,3,1,0,4,2,1,0,0.2425
3,0,0.0,2,2,1,0,3,2,2,0,5.4863888888888885
4,0,0.0,2,2,3,0,2,3,1,0,5.257777777777778
2,0,0.0,1,2,1,0,2,2,1,0,0.004166666666666667
2,0,0.0,2,1,2,0,1,2,1,0,5.319166666666667
2,0,0.0,2,2,1,0,2,2,1,0,3.593888888888889
1,0,0.0,1,1,1,0,1,1,0,0,0.0
4,0,0.0,2,2,1,0,4,3,2,1,4.761666666666667
4,0,0.0,1,2,1,0,4,2,2,0,3.3691666666666666
1,0,0.0,1,1,1,0,1,1,1,0,0.0
3,0,0.0,3,3,2,0,2,1,0,0,7.206388888888889
5,0,0.0,4,4,2,0,4,1,0,0,1.7619444444444445
3,0,0.0,2,1,2,0,2,2,2,0,0.09055555555555556
1,0,0.0,1,1,1,0,1,1,0,0,0.0
1,0,0.0,1,1,1,0,0,1,0,0,0.0
6,0,0.0,3,4,1,0,6,2,2,0,6.161388888888889
2,0,0.0,2,2,1,0,2,1,0,0,1.975
2,0,0.0,2,2,2,0,1,1,0,0,0.1275
8,0,0.0,5,4,2,0,7,3,2,0,6.046666666666667
4,0,0.0,3,2,2,0,3,3,2,0,6.3244444444444445
10,0,0.0,4,4,2,0,7,2,3,0,8.428333333333333
4,0,0.0,4,1,1,0,4,2,3,0,7.213611111111111
4,0,0.0,3,2,2,0,3,2,1,0,3.7069444444444444
1,0,0.0,1,1,1,0,1,1,0,0,0.0
2,0,0.0,2,2,1,0,2,1,0,0,5.0311111111111115
2,0,0.0,2,2,1,0,2,2,1,0,0.39805555555555555
4,0,0.0,3,2,2,0,3,2,0,1,4.9125
2,0,0.0,2,1,1,0,2,1,2,0,3.6758333333333333
5,0,0.0,2,2,1,0,5,3,3,1,6.764722222222222
4,0,0.0,3,1,2,0,3,2,3,0,5.934722222222222
3,0,0.0,3,2,1,0,3,2,2,0,7.350555555555555
3,0,0.0,1,1,1,0,3,1,0,0,1.063611111111111
6,0,0.0,4,3,1,0,6,3,3,1,8.016111111111112
1,0,0.0,1,1,1,0,1,1,0,0,0.0
2,0,0.0,1,1,1,0,2,1,0,0,7.750555555555556
2,0,0.0,2,2,1,0,2,2,1,0,0.10055555555555555
3,0,0.0,2,2,2,0,2,2,1,0,4.252222222222223
11,0,0.0,4,3,2,0,10,2,7,0,7.023055555555556
3,0,0.0,3,2,1,0,3,3,1,1,0.9961111111111111
1,0,0.0,1,1,1,0,1,1,0,0,0.0
2,0,0.0,2,2,2,0,1,1,0,0,1.6883333333333332
2,0,0.0,2,2,1,0,2,2,1,0,0.008888888888888889
6,0,0.0,4,4,1,0,6,2,2,0,6.7525
3,0,0.0,2,2,1,0,3,3,1,1,3.1266666666666665
3,0,0.0,3,1,1,0,3,2,2,0,1.2369444444444444
3,0,0.0,3,2,2,0,2,2,1,0,0.4666666666666667
2,0,0.0,2,2,1,0,2,2,1,0,3.2475
4,0,0.0,3,3,2,0,3,2,0,1,0.14472222222222222
2,0,0.0,2,2,1,0,2,1,0,0,0.006666666666666667
2,0,0.0,2,2,1,0,2,2,1,0,7.1177777777777775
2,0,0.0,2,2,1,0,2,1,0,0,0.0575
4,0,0.0,3,3,2,0,2,2,1,0,5.3694444444444445
1,0,0.0,1,1,1,0,1,1,1,0,0.0
2,0,0.0,1,2,1,0,2,2,1,0,3.258611111111111
3,0,0.0,3,3,1,0,3,1,0,0,0.25972222222222224
1,0,0.0,1,1,1,0,1,1,1,0,0.0
2,0,0.0,1,1,1,0,2,1,0,0,5.494722222222222
5,0,0.0,3,2,3,0,3,3,0,2,6.666111111111111
3,0,0.0,2,3,1,0,3,2,1,0,7.012222222222222
2,0,0.0,2,1,1,0,2,1,2,0,2.1725
2,0,0.0,1,2,1,0,2,2,1,0,0.48527777777777775
4,0,0.0,2,2,1,0,4,2,3,0,4.755833333333333
1,0,0.0,1,1,1,0,1,1,0,0,0.0
3,0,0.0,3,2,1,0,3,2,2,0,5.981388888888889
2,0,0.0,2,1,1,0,2,2,1,1,6.660277777777778
1,0,0.0,1,1,1,0,1,1,1,0,0.0
1,0,0.0,1,1,1,0,1,1,0,0,0.0
2,0,0.0,2,1,1,0,2,1,2,0,2.331111111111111
3,0,0.0,2,2,1,0,3,2,1,0,5.112222222222222
4,0,0.0,2,1,1,0,4,1,4,0,3.667777777777778
3,0,0.0,3,2,2,0,2,3,0,1,7.971111111111111
4,0,0.0,2,3,1,0,4,2,1,0,5.513333333333334
2,0,0.0,2,1,2,0,1,2,1,0,5.595277777777778
1,0,0.0,1,1,1,0,1,1,0,0,0.0
1,0,0.0,1,1,1,0,1,1,0,0,0.0
1,0,0.0,1,1,1,0,1,1,1,0,0.0
1,0,0.0,1,1,1,0,1,1,1,0,0.0
4,0,0.0,3,2,1,0,4,2,3,0,5.993055555555555
4,0,0.0,3,3,2,0,3,1,0,0,5.002777777777778
1,0,0.0,1,1,1,0,0,1,0,0,0.0
1,0,0.0,1,1,1,0,1,1,1,0,0.0
3,0,0.0,2,3,1,0,3,2,2,0,1.6230555555555555
1,0,0.0,1,1,1,0,1,1,1,0,0.0
4,0,0.0,4,1,2,0,2,3,1,1,5.297777777777778
2,0,0.0,2,2,1,0,2,1,0,0,2.9922222222222223
1,0,0.0,1,1,1,0,1,1,0,0,0.0
3,0,0.0,1,2,1,0,3,2,1,0,2.737222222222222
1,0,0.0,1,1,1,0,1,1,0,0,0.0
3,0,0.0,3,3,1,0,3,2,2,0,5.466111111111111
2,0,0.0,1,1,1,0,2,1,0,0,1.7558333333333334
4,0,0.0,2,2,1,0,4,1,0,0,6.560277777777777
3,0,0.0,3,2,1,0,3,2,2,0,6.3036111111111115
6,0,0.0,5,5,1,0,6,2,2,0,6.012222222222222
2,0,0.0,2,2,1,0,2,2,1,0,3.8805555555555555
1,0,0.0,1,1,1,0,0,1,0,0,0.0
6,0,0.0,3,3,2,0,5,3,2,1,8.459166666666667
3,0,0.0,1,2,1,0,3,2,1,0,1.9883333333333333
5,0,0.0,3,3,2,0,3,1,0,0,3.6575
3,0,0.0,2,3,1,0,3,2,1,0,3.249722222222222
1,0,0.0,1,1,1,0,1,1,1,0,0.0
2,0,0.0,2,2,1,0,2,2,1,0,0.004166666666666667
3,0,0.0,1,2,2,0,2,1,0,0,1.4877777777777779
2,0,0.0,2,2,1,0,2,1,0,0,8.236666666666666
1,0,0.0,1,1,1,0,1,1,0,0,0.0
2,0,0.0,2,2,1,0,2,2,1,0,0.016666666666666666
1,0,0.0,1,1,1,0,1,1,0,0,0.0
3,0,0.0,2,2,1,0,3,2,2,0,6.148888888888889
3,0,0.0,1,2,1,0,3,2,2,0,5.044444444444444
5,0,0.0,2,3,1,0,5,2,2,0,7.753888888888889
2,0,0.0,2,2,2,0,1,1,0,0,0.11527777777777778
3,0,0.0,3,2,2,0,1,1,0,0,0.034166666666666665
2,0,0.0,1,2,1,0,2,2,1,0,2.004722222222222
1,0,0.0,1,1,1,0,1,1,0,0,0.0
4,0,0.0,2,3,1,0,4,2,2,0,3.096111111111111
3,0,0.0,2,3,1,0,3,2,1,0,1.9236111111111112
6,0,0.0,5,2,2,0,5,2,4,0,6.282222222222222
8,0,0.0,2,3,1,0,8,3,4,1,7.147222222222222
1,0,0.0,1,1,1,0,1,1,1,0,0.0
3,0,0.0,3,3,2,0,2,1,0,0,0.055
2,0,0.0,1,1,1,0,2,1,2,0,6.4030555555555555
2,0,0.0,2,1,2,0,1,2,0,1,1.9747222222222223
3,0,0.0,2,1,1,0,3,1,3,0,4.315
6,0,0.0,3,3,2,0,5,2,3,0,7.96
1,0,0.0,1,1,1,0,1,1,0,0,0.0
4,0,0.0,2,2,2,0,1,1,0,0,5.39
1,0,0.0,1,1,1,0,1,1,1,0,0.0
3,0,0.0,1,1,1,0,3,1,0,0,6.499722222222222
3,0,0.0,2,3,1,0,3,2,1,0,5.7491666666666665
1,0,0.0,1,1,1,0,1,1,0,0,0.0
5,0,0.0,3,5,2,0,4,3,2,0,5.818611111111111
2,0,0.0,2,1,2,0,1,2,1,0,5.769722222222223
4,0,0.0,4,4,1,0,4,1,0,0,1.7455555555555555
5,0,0.0,2,3,2,0,3,1,0,0,7.902777777777778
3,0,0.0,3,3,2,0,2,1,0,0,5.283333333333333
1,0,0.0,1,1,1,0,1,1,0,0,0.0
2,0,0.0,1,2,1,0,2,2,1,0,2.513333333333333
5,0,0.0,2,3,1,0,5,2,2,0,3.6825
3,0,0.0,1,1,1,0,3,1,0,0,6.841944444444445
6,0,0.0,3,2,1,0,6,2,5,0,6.588611111111111
2,0,0.0,2,2,2,0,1,1,0,0,0.0033333333333333335
1,0,0.0,1,1,1,0,1,1,0,0,0.0
3,0,0.0,1,1,1,0,3,1,0,0,5.0
2,0,0.0,1,1,1,0,2,1,0,0,6.503055555555555
2,0,0.0,1,2,1,0,2,2,1,0,1.2466666666666666
1,0,0.0,1,1,1,0,1,1,1,0,0.0
3,0,0.0,1,1,2,0,2,2,2,0,1.043611111111111
6,0,0.0,3,4,1,0,6,2,3,0,7.134722222222222
3,0,0.0,3,2,3,0,1,2,0,0,1.351388888888889
2,0,0.0,2,2,2,0,1,1,0,0,0.17527777777777778
3,0,0.0,2,2,2,0,2,2,1,0,1.8558333333333332
3,0,0.0,3,3,2,0,2,1,0,0,5.7427777777777775
2,0,0.0,2,1,1,0,2,2,1,1,6.779166666666667
1,0,0.0,1,1,1,0,1,1,1,0,0.0
4,0,0.0,2,2,1,0,4,3,2,1,5.2572222222222225
7,0,0.0,4,5,1,0,7,3,3,1,7.509722222222222
1,0,0.0,1,1,1,0,1,1,1,0,0.0
5,0,0.0,4,3,1,0,5,2,3,0,0.4111111111111111
2,0,0.0,1,1,1,0,2,1,0,0,4.833333333333333
4,0,0.0,4,3,2,0,3,2,2,0,5.517222222222222
4,0,0.0,2,3,1,0,4,2,2,0,7.083055555555555
5,0,0.0,3,4,2,0,4,2,1,0,6.766388888888889
5,0,0.0,2,2,1,0,5,2,3,0,3.181111111111111
21,0,0.0,3,3,1,0,21,3,11,1,7.5925
2,0,0.0,1,1,1,0,2,1,2,0,0.9002777777777777
4,0,0.0,2,2,3,0,2,2,0,0,8.425277777777778
2,0,0.0,2,1,2,0,1,2,0,1,3.766111111111111
3,0,0.0,2,2,1,0,3,2,2,0,8.024722222222222
2,0,0.0,1,2,1,0,2,2,1,0,2.688888888888889
1,0,0.0,1,1,1,0,1,1,0,0,0.0
5,0,0.0,2,2,2,0,3,2,2,0,6.497222222222222
1,0,0.0,1,1,1,0,1,1,0,0,0.0
2,0,0.0,2,2,1,0,2,1,0,0,1.8858333333333333
6,0,0.0,4,3,2,0,5,2,1,0,6.414166666666667
3,0,0.0,3,3,2,0,2,1,0,0,0.012777777777777779
1,0,0.0,1,1,1,0,0,1,0,0,0.0
1,0,0.0,1,1,1,0,0,1,0,0,0.0
10,0,0.0,3,2,1,0,10,3,8,1,6.520833333333333
4,0,0.0,3,2,1,0,4,2,3,0,7.081666666666667
2,0,0.0,1,1,1,0,2,1,0,0,3.707777777777778
3,0,0.0,1,2,2,0,1,1,0,0,3.0116666666666667
2,0,0.0,2,2,1,0,2,1,0,0,5.501111111111111
3,0,0.0,3,3,2,0,2,2,0,0,4.421944444444445
6,0,0.0,4,3,2,0,5,2,1,0,4.229444444444445
4,0,0.0,2,3,1,0,4,2,2,0,0.12861111111111112
7,0,0.0,4,3,1,0,7,2,4,0,8.579166666666667
4,0,0.0,3,3,1,0,4,2,1,0,5.520277777777777
5,0,0.0,3,4,1,0,5,2,1,0,4.628333333333333
4,0,0.0,2,2,1,0,4,1,0,0,6.741666666666666
1,0,0.0,1,1,1,0,1,1,1,0,0.0
3,0,0.0,3,3,1,0,3,2,1,0,1.2572222222222222
6,0,0.0,4,4,2,0,5,1,0,0,4.815555555555555
5,0,0.0,4,2,1,0,5,2,3,0,7.7825
4,0,0.0,4,2,2,0,3,2,2,0,1.1741666666666666
4,0,0.0,2,3,1,0,4,2,2,0,7.4075
5,0,0.0,4,3,2,0,4,4,1,1,5.125555555555556
4,0,0.0,3,3,1,0,4,2,3,0,6.9911111111111115
3,0,0.0,2,3,1,0,3,2,1,0,0.9086111111111111
2,0,0.0,2,2,2,0,1,2,0,0,0.105
1,0,0.0,1,1,1,0,1,1,0,0,0.0
1,0,0.0,1,1,1,0,1,1,1,0,0.0
2,0,0.0,2,1,2,0,1,2,1,0,3.750277777777778
2,0,0.0,1,1,1,0,2,1,2,0,1.1547222222222222
1,0,0.0,1,1,1,0,1,1,0,0,0.0
3,0,0.0,2,2,2,0,2,2,1,0,1.57
1,0,0.0,1,1,1,0,1,1,1,0,0.0
3,0,0.0,3,2,1,0,3,2,2,0,0.0125
3,0,0.0,2,2,2,0,2,2,1,0,1.8058333333333334
2,0,0.0,2,2,1,0,2,1,0,0,2.5527777777777776
3,0,0.0,2,2,1,0,3,2,2,0,1.9702777777777778
4,0,0.0,3,2,1,0,4,2,2,0,5.513888888888889
3,0,0.0,2,3,1,0,3,2,1,0,1.8466666666666667
5,0,0.0,2,2,2,0,4,3,2,0,7.964166666666666
2,0,0.0,2,1,2,0,1,2,1,0,5.1825
8,0,0.0,4,3,2,0,7,2,4,0,6.989166666666667
7,0,0.0,3,3,2,0,6,2,2,0,7.125555555555556
3,0,0.0,3,2,1,0,3,2,2,0,4.019444444444445
6,0,0.0,5,4,1,0,6,2,3,0,0.7125
3,0,0.0,3,2,1,0,3,2,2,0,0.14
1,0,0.0,1,1,1,0,0,1,0,0,0.0
2,0,0.0,2,1,2,0,1,2,1,0,1.9947222222222223
4,0,0.0,2,3,1,0,4,2,1,0,5.0825
3,0,0.0,2,2,2,0,2,3,1,0,0.0275
3,0,0.0,3,2,1,0,3,2,2,0,5.323333333333333
2,0,0.0,2,1,1,0,2,1,2,0,0.10444444444444445
4,0,0.0,3,2,1,0,4,2,2,0,5.7813888888888885
1,0,0.0,1,1,1,0,1,1,1,0,0.0
1,0,0.0,1,1,1,0,1,1,0,1,0.0
2,0,0.0,2,2,1,0,2,1,0,0,1.7119444444444445
2,0,0.0,2,2,1,0,2,1,0,0,3.339722222222222
1,0,0.0,1,1,1,0,1,1,1,0,0.0
3,0,0.0,2,2,1,0,3,1,0,0,4.3838888888888885
7,0,0.0,4,3,2,0,6,2,4,0,7.184444444444445
2,0,0.0,2,2,2,0,1,2,1,0,0.04
6,0,0.0,4,4,2,0,5,2,2,0,6.1466666666666665
8,0,0.0,6,2,2,0,7,2,5,0,8.590555555555556
5,0,0.0,2,3,1,0,5,2,1,0,6.993055555555555
7,0,0.0,4,2,2,0,5,2,3,0,8.580555555555556
1,0,0.0,1,1,1,0,1,1,0,0,0.0
2,0,0.0,2,1,2,0,1,2,0,1,3.839166666666667
21,0,0.0,8,6,2,0,16,2,8,0,7.9475
2,0,0.0,1,1,1,0,2,1,0,0,1.3191666666666666
7,0,0.0,4,4,2,0,6,3,1,0,5.1325
2,0,0.0,2,2,2,0,1,1,0,0,4.966111111111111
1,0,0.0,1,1,1,0,1,1,1,0,0.0
3,0,0.0,3,1,2,0,2,3,1,1,3.2544444444444443
2,0,0.0,2,2,1,0,2,1,0,0,0.0675
2,0,0.0,1,2,1,0,2,2,1,0,0.25472222222222224
3,0,0.0,3,1,2,0,1,2,1,0,0.059166666666666666
1,0,0.0,1,1,1,0,1,1,0,0,0.0
4,0,0.0,1,2,1,0,4,2,2,0,4.494166666666667
3,0,0.0,3,2,3,0,1,2,0,0,0.7694444444444445
1,0,0.0,1,1,1,0,1,1,1,0,0.0
1,0,0.0,1,1,1,0,1,1,0,0,0.0
23,0,0.0,1,2,1,0,23,2,8,0,7.649444444444445
2,0,0.0,2,1,1,0,2,2,1,0,0.9122222222222223
5,0,0.0,2,2,2,0,4,2,1,0,4.25
5,0,0.0,4,3,2,0,4,2,1,0,4.141666666666667
4,0,0.0,2,2,1,0,4,2,3,0,5.116666666666666
3,0,0.0,3,3,1,0,3,1,0,0,1.6133333333333333
2,0,0.0,2,2,2,0,1,1,0,0,0.020277777777777777
5,0,0.0,4,4,1,0,5,2,3,0,7.151666666666666
12,0,0.0,3,4,1,0,12,3,2,4,8.22861111111111
8,0,0.0,2,3,1,0,8,2,5,0,5.792222222222223
1,0,0.0,1,1,1,0,1,1,1,0,0.0
2,0,0.0,2,2,1,0,2,2,1,0,0.058611111111111114
1,0,0.0,1,1,1,0,1,1,0,0,0.0
1,0,0.0,1,1,1,0,1,1,0,0,0.0
4,0,0.0,3,3,2,0,3,2,1,0,7.347222222222222
1,0,0.0,1,1,1,0,1,1,1,0,0.0
3,0,0.0,3,3,2,0,2,1,0,0,4.793055555555555
4,0,0.0,3,2,2,0,3,2,2,0,4.551111111111111
4,0,0.0,3,2,2,0,3,2,1,0,3.823611111111111
3,0,0.0,2,3,2,0,2,1,0,0,3.9
3,0,0.0,3,3,1,0,3,1,0,0,0.31333333333333335
3,0,0.0,1,1,1,0,3,1,0,0,0.9986111111111111
4,0,0.0,2,2,2,0,3,2,2,0,4.053888888888889
5,0,0.0,4,3,2,0,3,1,0,0,0.1275
5,0,0.0,2,2,1,0,5,2,4,0,6.758055555555556
4,0,0.0,3,2,2,0,3,2,1,0,4.638888888888889
1,0,0.0,1,1,1,0,1,1,0,0,0.0
3,0,0.0,1,2,1,0,3,2,2,0,3.7533333333333334
3,0,0.0,2,2,2,0,2,2,1,0,2.812222222222222
4,0,0.0,3,3,2,0,3,2,1,0,4.251944444444445
4,0,0.0,2,3,1,0,4,2,1,0,5.226944444444444
1,0,0.0,1,1,1,0,1,1,1,0,0.0
1,0,0.0,1,1,1,0,1,1,0,0,0.0
6,0,0.0,5,2,2,0,5,2,4,0,5.4686111111111115
1,0,0.0,1,1,1,0,1,1,0,1,0.0
2,0,0.0,1,2,1,0,2,2,1,0,3.2530555555555556
3,0,0.0,2,2,1,0,3,2,2,0,4.194166666666667
2,0,0.0,2,2,1,0,2,1,0,0,0.005555555555555556
5,0,0.0,3,2,1,0,5,2,2,0,8.179444444444444
4,0,0.0,1,2,1,0,4,2,2,0,6.931666666666667
6,0,0.0,3,2,1,0,6,2,5,0,1.2391666666666667
3,0,0.0,2,1,2,0,2,2,2,0,4.503611111111111
4,0,0.0,3,3,2,0,3,2,0,1,3.351111111111111
2,0,0.0,1,2,1,0,2,2,1,0,3.3969444444444443
1,0,0.0,1,1,1,0,1,1,1,0,0.0
1,0,0.0,1,1,1,0,1,1,0,0,0.0
3,0,0.0,3,3,1,0,3,2,1,0,5.975555555555555
2,0,0.0,2,1,2,0,1,2,1,0,1.7
3,0,0.0,3,1,1,0,3,2,2,1,2.319722222222222
1,0,0.0,1,1,1,0,1,1,0,0,0.0
3,0,0.0,2,2,1,0,3,2,2,0,4.253888888888889
3,0,0.0,2,2,1,0,3,2,2,0,3.633611111111111
4,0,0.0,2,2,1,0,4,2,2,0,5.493611111111111
2,0,0.0,2,2,2,0,1,1,0,0,0.060833333333333336
3,0,0.0,3,2,2,0,2,2,1,0,3.8819444444444446
2,0,0.0,2,2,2,0,1,1,0,0,1.6111111111111112
27,0,0.0,2,2,2,0,26,3,0,12,8.217777777777778
1,0,0.0,1,1,1,0,1,1,0,0,0.0
5,0,0.0,3,3,1,0,5,1,0,0,5.145833333333333
3,0,0.0,2,1,2,0,2,2,2,0,0.49972222222222223
3,0,0.0,2,2,1,0,3,2,2,0,6.365833333333334
1,0,0.0,1,1,1,0,1,1,1,0,0.0
1,0,0.0,1,1,1,0,1,1,0,0,0.0
2,0,0.0,2,2,2,0,1,1,0,0,0.3466666666666667
6,0,0.0,3,2,1,0,6,2,4,0,7.711944444444445
4,0,0.0,4,4,1,0,4,2,1,0,5.4125
5,0,0.0,3,2,2,0,4,2,2,0,1.1083333333333334
3,0,0.0,3,2,2,0,1,1,0,0,0.03722222222222222
6,0,0.0,3,2,2,0,5,3,2,1,7.459722222222222
1,0,0.0,1,1,1,0,1,1,0,0,0.0
3,0,0.0,2,2,2,0,2,2,2,0,3.2675
1,0,0.0,1,1,1,0,1,1,0,0,0.0
3,0,0.0,3,3,1,0,3,1,0,0,7.987777777777778
2,0,0.0,2,1,2,0,1,2,1,0,3.4655555555555555
3,0,0.0,2,2,2,0,2,2,1,0,1.8516666666666666
3,0,0.0,3,1,2,0,1,2,1,0,5.745277777777778
2,0,0.0,2,1,2,0,1,2,1,0,0.16083333333333333
1,0,0.0,1,1,1,0,0,1,0,0,0.0
2,0,0.0,2,1,1,0,2,1,2,0,0.045
4,0,0.0,3,3,1,0,4,2,2,0,6.495
4,0,0.0,2,3,2,0,3,1,0,0,7.253611111111111
2,0,0.0,2,2,1,0,2,1,0,0,1.9730555555555556
1,0,0.0,1,1,1,0,1,1,0,0,0.0
1,0,0.0,1,1,1,0,1,1,1,0,0.0
3,0,0.0,2,2,1,0,3,2,2,0,5.950555555555556
3,0,0.0,2,3,1,0,3,2,1,0,0.01
3,0,0.0,3,3,1,0,3,2,1,0,4.0377777777777775
3,0,0.0,3,1,2,0,2,2,2,0,1.8980555555555556
5,0,0.0,1,2,1,0,5,2,3,0,3.564722222222222
5,0,0.0,3,4,1,0,5,2,1,0,5.731388888888889
2,0,0.0,2,1,1,0,2,1,2,0,1.5888888888888888
1,0,0.0,1,1,1,0,1,1,0,0,0.0
1,0,0.0,1,1,1,0,1,1,0,0,0.0
2,0,0.0,2,1,2,0,1,2,1,0,2.9983333333333335
1,0,0.0,1,1,1,0,1,1,0,0,0.0
5,0,0.0,1,2,1,0,5,2,2,0,3.9780555555555557
3,0,0.0,2,2,1,0,3,3,1,1,7.184722222222222
8,0,0.0,5,5,2,0,6,1,0,0,5.948055555555555
3,0,0.0,1,2,1,0,3,2,2,0,0.1738888888888889
5,0,0.0,2,3,1,0,5,2,3,0,2.9883333333333333
3,0,0.0,2,2,2,0,2,2,1,0,5.506388888888889
3,0,0.0,2,1,1,0,3,1,3,0,3.0908333333333333
2,0,0.0,2,2,1,0,2,2,1,0,0.009166666666666667
2,0,0.0,2,1,1,0,2,1,2,0,0.5936111111111111
6,0,0.0,2,3,1,0,6,2,3,0,7.4286111111111115
3,0,0.0,3,3,1,0,3,2,1,0,5.3
2,0,0.0,1,2,1,0,2,2,1,0,0.4613888888888889
7,0,0.0,3,3,1,0,7,2,1,0,8.256944444444445
1,0,0.0,1,1,1,0,1,1,1,0,0.0
3,0,0.0,3,3,1,0,3,2,1,0,5.115833333333334
5,0,0.0,3,4,1,0,5,2,1,0,7.973888888888889
3,0,0.0,3,3,1,0,3,2,1,0,0.15944444444444444
2,0,0.0,2,2,1,0,2,1,0,0,1.2361111111111112
3,0,0.0,3,2,2,0,2,2,1,0,5.413055555555555
2,0,0.0,2,2,1,0,2,2,1,0,1.7591666666666668
1,0,0.0,1,1,1,0,1,1,1,0,0.0
1,0,0.0,1,1,1,0,0,1,0,0,0.0
2,0,0.0,1,1,1,0,2,1,0,0,3.75
2,0,0.0,2,2,1,0,2,1,0,0,4.637222222222222
1,0,0.0,1,1,1,0,1,1,0,0,0.0
7,0,0.0,4,3,2,0,6,2,3,0,7.015833333333333
3,0,0.0,3,3,1,0,3,1,0,0,3.7888888888888888
2,0,0.0,2,2,1,0,2,1,0,0,3.5147222222222223
2,0,0.0,2,1,2,0,1,2,1,0,0.35694444444444445
2,0,0.0,2,2,1,0,2,1,0,0,6.046666666666667
3,0,0.0,1,2,1,0,3,2,2,0,2.013333333333333
1,0,0.0,1,1,1,0,0,1,0,0,0.0
7,0,0.0,4,4,1,0,7,2,1,0,3.678611111111111
7,0,0.0,3,3,1,0,7,2,2,0,8.203055555555556
5,0,0.0,4,4,2,0,4,2,1,0,3.5455555555555556
4,0,0.0,2,2,1,0,4,2,3,0,5.05
3,0,0.0,2,1,1,0,0,1,0,0,1.0958333333333334
2,0,0.0,2,2,2,0,1,1,0,0,2.2622222222222224
1,0,0.0,1,1,1,0,1,1,0,0,0.0
5,0,0.0,2,2,1,0,5,2,0,1,6.1675
2,0,0.0,2,2,1,0,2,1,0,0,1.2277777777777779
2,0,0.0,1,1,1,0,2,1,2,0,2.9919444444444445
5,0,0.0,3,3,2,0,4,2,0,2,6.636111111111111
3,0,0.0,2,1,1,0,3,1,3,0,1.7072222222222222
4,0,0.0,2,3,1,0,4,2,2,0,4.599722222222222
3,0,0.0,3,3,1,0,3,2,1,0,3.520277777777778
4,0,0.0,2,2,1,0,4,3,1,1,5.310277777777777
2,0,0.0,1,1,1,0,2,1,0,0,3.7519444444444443
3,0,0.0,3,2,1,0,3,2,2,0,0.8394444444444444
4,0,0.0,4,3,2,0,3,2,1,0,6.122222222222222
1,0,0.0,1,1,1,0,1,1,1,0,0.0
4,0,0.0,3,2,2,0,3,2,2,0,4.598611111111111
2,0,0.0,1,1,1,0,2,1,2,0,3.487222222222222
3,0,0.0,2,2,2,0,2,2,1,0,6.623055555555555
1,0,0.0,1,1,1,0,1,1,1,0,0.0
2,0,0.0,2,2,1,0,2,2,1,0,6.893888888888889
5,0,0.0,2,3,1,0,5,2,3,0,7.0875
2,0,0.0,2,1,1,0,2,2,1,0,4.641666666666667
5,0,0.0,3,3,2,0,4,2,2,0,6.023888888888889
4,0,0.0,3,3,2,0,2,1,0,0,3.756666666666667
4,0,0.0,3,2,2,0,2,2,1,0,4.993055555555555
2,0,0.0,2,1,1,0,2,2,1,0,3.888611111111111
2,0,0.0,1,1,1,0,2,1,0,0,1.5291666666666666
4,0,0.0,4,4,2,0,3,3,1,0,5.656666666666666
3,0,0.0,3,3,1,0,3,2,1,0,8.364722222222222
1,0,0.0,1,1,1,0,0,1,0,0,0.0
1,0,0.0,1,1,1,0,1,1,0,1,0.0
4,0,0.0,3,2,1,0,4,2,1,0,4.034166666666667
2,0,0.0,2,2,1,0,2,1,0,0,1.6530555555555555
3,0,0.0,2,2,1,0,3,2,2,0,5.773333333333333
2,0,0.0,2,2,1,0,2,2,1,0,4.988888888888889
2,0,0.0,1,1,1,0,2,1,0,0,5.27
2,0,0.0,2,2,2,0,1,2,1,0,3.341666666666667
3,0,0.0,2,2,1,0,3,2,2,0,3.616388888888889
3,0,0.0,2,2,1,0,3,2,1,0,6.28
2,0,0.0,1,2,1,0,2,2,1,0,2.325277777777778
2,0,0.0,2,2,1,0,2,1,0,0,0.014444444444444444
3,0,0.0,2,2,1,0,3,2,1,0,4.41
5,0,0.0,3,3,1,0,5,1,0,0,6.051944444444445
2,0,0.0,2,2,2,0,1,1,0,0,7.979722222222223
2,0,0.0,2,2,1,0,2,1,0,0,0.355
1,0,0.0,1,1,1,0,1,1,1,0,0.0
6,0,0.0,4,4,2,0,5,3,1,1,7.979444444444445
3,0,0.0,2,2,1,0,3,1,0,0,5.239166666666667
3,0,0.0,2,2,1,0,3,1,0,0,7.091666666666667
2,0,0.0,2,1,2,0,1,2,1,0,3.1930555555555555
5,0,0.0,3,2,1,0,5,3,3,1,7.522777777777778
3,0,0.0,1,1,1,0,3,1,0,0,2.236111111111111
5,0,0.0,3,3,1,0,5,2,3,0,7.6322222222222225
4,0,0.0,3,1,2,0,3,3,2,1,0.7341666666666666
3,0,0.0,1,2,1,0,3,2,1,0,1.535
4,0,0.0,3,2,1,0,4,2,2,0,7.585
3,0,0.0,2,2,1,0,3,2,2,0,1.548888888888889
5,0,0.0,4,2,2,0,4,2,3,0,7.400277777777778
1,0,0.0,1,1,1,0,1,1,0,0,0.0
3,0,0.0,2,2,2,0,2,2,1,0,3.766111111111111
1,0,0.0,1,1,1,0,1,1,0,0,0.0
1,0,0.0,1,1,1,0,1,1,0,0,0.0
4,0,0.0,2,2,1,0,4,3,1,1,7.3825
4,0,0.0,2,2,1,0,4,2,1,0,3.9811111111111113
2,0,0.0,2,2,1,0,2,2,1,0,5.488611111111111
2,0,0.0,2,1,2,0,1,2,1,0,0.0016666666666666668
1,0,0.0,1,1,1,0,1,1,0,0,0.0
7,0,0.0,4,4,1,0,7,3,1,1,7.250277777777778
7,0,0.0,2,2,2,0,5,3,1,0,6.349444444444444
1,0,0.0,1,1,1,0,1,1,0,0,0.0
1,0,0.0,1,1,1,0,1,1,0,0,0.0
5,0,0.0,3,2,2,0,3,2,2,0,5.253055555555555
6,0,0.0,4,3,1,0,6,2,3,0,5.428333333333334
2,0,0.0,2,1,2,0,1,2,1,0,3.3641666666666667
1,0,0.0,1,1,1,0,1,1,0,0,0.0
2,0,0.0,1,1,1,0,2,1,0,0,0.07388888888888889
1,0,0.0,1,1,1,0,0,1,0,0,0.0
3,0,0.0,2,2,1,0,3,2,2,0,6.606388888888889
3,0,0.0,3,3,1,0,3,2,1,0,6.1786111111111115
1,0,0.0,1,1,1,0,1,1,1,0,0.0
3,0,0.0,3,3,1,0,3,2,1,0,3.473611111111111
7,0,0.0,4,2,2,0,4,3,2,1,4.200555555555556
4,0,0.0,1,2,1,0,4,2,1,0,7.597777777777778
4,0,0.0,2,3,1,0,4,2,2,0,7.550277777777778
3,0,0.0,1,2,1,0,3,2,1,0,3.2530555555555556
1,0,0.0,1,1,1,0,1,1,1,0,0.0
3,0,0.0,3,2,1,0,3,2,2,0,6.300833333333333
2,0,0.0,1,2,1,0,2,2,1,0,3.817222222222222
2,0,0.0,2,2,2,0,1,1,0,0,0.5394444444444444
4,0,0.0,4,2,2,0,3,2,2,0,1.7680555555555555
5,0,0.0,2,3,1,0,5,2,3,0,3.6841666666666666
2,0,0.0,1,1,2,0,1,2,1,0,0.25166666666666665
2,0,0.0,2,2,1,0,2,2,1,0,4.195
4,0,0.0,2,3,1,0,4,2,2,0,4.415
1,0,0.0,1,1,1,0,1,1,0,0,0.0
2,0,0.0,2,1,1,0,2,2,1,0,0.006944444444444444
2,0,0.0,1,2,1,0,2,2,1,0,6.712777777777778
3,0,0.0,1,2,2,0,2,2,1,0,5.7252777777777775
3,0,0.0,2,3,1,0,3,2,1,0,1.6233333333333333
4,0,0.0,3,3,2,0,2,1,0,0,6.9686111111111115
13,0,0.0,6,6,1,0,13,2,6,0,7.861666666666666
6,0,0.0,5,5,1,0,6,2,1,0,0.1988888888888889
1,0,0.0,1,1,1,0,1,1,0,0,0.0
6,0,0.0,3,2,1,0,6,2,3,0,7.306388888888889
6,0,0.0,2,3,1,0,6,2,2,0,4.679444444444444
3,0,0.0,2,2,1,0,3,2,2,0,0.006944444444444444
3,0,0.0,2,1,2,0,2,2,2,0,6.8036111111111115
3,0,0.0,1,1,1,0,3,1,0,0,5.243888888888889
4,0,0.0,2,2,1,0,4,3,1,1,5.607222222222222
4,0,0.0,3,1,2,0,2,2,2,0,3.7941666666666665
1,0,0.0,1,1,1,0,0,1,0,0,0.0
5,0,0.0,4,3,1,0,5,3,1,1,6.084444444444444
2,0,0.0,2,2,1,0,2,2,1,0,0.42083333333333334
1,0,0.0,1,1,1,0,1,1,0,0,0.0
3,0,0.0,2,2,1,0,3,1,3,0,4.836388888888889
3,0,0.0,2,2,1,0,3,2,0,1,2.4483333333333333
3,0,0.0,2,3,2,0,2,1,0,0,3.1772222222222224
1,0,0.0,1,1,1,0,1,1,1,0,0.0
1,0,0.0,1,1,1,0,1,1,1,0,0.0
3,0,0.0,2,2,1,0,3,2,1,0,5.194444444444445
2,0,0.0,2,2,1,0,2,1,0,0,5.397777777777778
2,0,0.0,2,2,1,0,2,2,1,0,0.44305555555555554
5,0,0.0,4,2,2,0,4,2,3,0,3.658888888888889
3,0,0.0,1,2,1,0,3,2,1,0,2.1375
3,0,0.0,2,1,1,0,3,2,1,0,7.973611111111111
1,0,0.0,1,1,1,0,1,1,0,0,0.0
1,0,0.0,1,1,1,0,1,1,1,0,0.0
2,0,0.0,1,1,1,0,2,1,2,0,2.254166666666667
2,0,0.0,2,1,1,0,2,1,2,0,1.5755555555555556
2,0,0.0,2,2,1,0,2,2,1,0,0.14888888888888888
3,0,0.0,2,2,1,0,3,2,2,0,5.598055555555556
5,0,0.0,1,2,1,0,5,2,3,0,5.25
3,0,0.0,3,2,2,0,2,3,1,1,6.299722222222222
1,0,0.0,1,1,1,0,1,1,0,0,0.0
1,0,0.0,1,1,1,0,1,1,1,0,0.0
4,0,0.0,3,1,2,0,3,3,1,2,5.393055555555556
2,0,0.0,1,1,1,0,2,1,0,0,2.0519444444444446
6,0,0.0,3,2,2,0,5,2,3,0,7.02
3,0,0.0,1,2,1,0,3,2,1,0,2.8730555555555557
2,0,0.0,2,2,1,0,2,1,0,0,0.010277777777777778
3,0,0.0,2,1,1,0,3,2,1,0,3.502222222222222
2,0,0.0,1,1,2,0,1,2,1,0,4.478055555555556
8,0,0.0,3,4,1,0,8,2,4,0,6.653333333333333
6,0,0.0,3,3,1,0,6,3,2,1,5.3405555555555555
4,0,0.0,3,3,2,0,3,1,0,0,5.165277777777778
2,0,0.0,2,1,2,0,1,2,1,0,0.4741666666666667
6,0,0.0,4,3,2,0,5,2,0,1,7.92
4,0,0.0,3,3,2,0,3,1,0,0,5.362222222222222
2,0,0.0,2,2,2,0,1,1,0,0,0.015277777777777777
1,0,0.0,1,1,1,0,1,1,0,0,0.0
1,0,0.0,1,1,1,0,1,1,0,0,0.0
8,0,0.0,5,4,1,0,8,2,4,0,7.5
3,0,0.0,3,3,1,0,3,2,1,0,7.373888888888889
2,0,0.0,2,2,1,0,2,2,1,0,3.867777777777778
1,0,0.0,1,1,1,0,1,1,0,0,0.0
7,0,0.0,4,3,1,0,7,2,4,0,7.599166666666667
4,0,0.0,3,2,1,0,4,2,2,0,1.5180555555555555
3,0,0.0,2,2,1,0,3,2,1,0,3.5
3,0,0.0,2,1,1,0,3,1,3,0,6.852777777777778
1,0,0.0,1,1,1,0,1,1,0,0,0.0
1,0,0.0,1,1,1,0,1,1,1,0,0.0
4,0,0.0,2,2,2,0,3,2,1,0,2.6955555555555555
1,0,0.0,1,1,1,0,1,1,0,1,0.0
4,0,0.0,3,3,1,0,4,1,0,0,5.295
2,0,0.0,2,2,1,0,2,2,1,0,0.19722222222222222
5,0,0.0,5,3,2,0,3,2,1,0,6.696666666666666
5,0,0.0,4,4,2,0,4,1,0,0,2.085
2,0,0.0,1,2,1,0,2,2,1,0,0.19722222222222222
8,0,0.0,4,3,2,0,6,2,2,0,7.897222222222222
5,0,0.0,3,3,1,0,5,3,1,1,2.613888888888889
2,0,0.0,2,2,1,0,2,2,1,0,3.9869444444444446
4,0,0.0,3,1,2,0,2,2,2,0,5.364166666666667
3,0,0.0,2,2,1,0,3,1,0,0,6.002777777777778
1,0,0.0,1,1,1,0,1,1,1,0,0.0
5,0,0.0,2,2,1,0,5,2,3,0,4.891388888888889
2,0,0.0,1,2,1,0,2,2,1,0,5.746111111111111
3,0,0.0,3,1,2,0,1,2,1,0,0.11305555555555556
3,0,0.0,1,2,1,0,3,2,1,0,6.094722222222222
2,0,0.0,2,2,1,0,2,2,1,0,0.051944444444444446
4,0,0.0,3,3,1,0,4,2,2,0,2.5016666666666665
4,0,0.0,4,2,2,0,2,2,1,0,6.863611111111111
2,0,0.0,2,2,1,0,2,2,1,0,0.006388888888888889
2,0,0.0,1,1,1,0,2,1,2,0,4.235
3,0,0.0,2,1,1,0,3,1,3,0,6.793333333333333
2,0,0.0,1,2,1,0,2,2,1,0,0.24166666666666667
2,0,0.0,2,2,1,0,2,2,1,0,2.486388888888889
2,0,0.0,2,2,2,0,1,1,0,0,5.534722222222222
7,0,0.0,5,3,2,0,6,4,3,1,6.328333333333333
2,0,0.0,1,1,1,0,2,1,0,0,0.5002777777777778
4,0,0.0,2,2,1,0,4,2,3,0,6.051666666666667
4,0,0.0,2,3,1,0,4,2,2,0,5.302777777777778
3,0,0.0,3,3,1,0,3,2,0,1,5.807777777777778
2,0,0.0,2,2,1,0,2,2,1,0,0.2452777777777778
3,0,0.0,3,3,1,0,3,1,0,0,5.379722222222222
3,0,0.0,2,1,2,0,2,2,2,0,5.5
2,0,0.0,1,2,1,0,2,2,1,0,1.4155555555555555
8,0,0.0,4,2,2,0,7,2,5,0,7.755
4,0,0.0,1,2,1,0,4,2,2,0,6.000555555555556
6,0,0.0,4,2,2,0,4,2,3,0,6.175833333333333
1,0,0.0,1,1,1,0,0,1,0,0,0.0
2,0,0.0,1,1,1,0,2,1,0,0,0.4738888888888889
2,0,0.0,2,2,2,0,1,1,0,0,5.836388888888889
4,0,0.0,3,2,2,0,1,1,0,0,1.6016666666666666
22,0,0.0,2,2,1,0,22,2,13,0,8.515
1,0,0.0,1,1,1,0,1,1,0,0,0.0
2,0,0.0,1,1,1,0,2,1,2,0,4.2525
3,0,0.0,2,2,1,0,3,2,2,0,4.003055555555555
7,0,0.0,4,4,2,0,6,2,3,0,6.37
1,0,0.0,1,1,1,0,1,1,0,0,0.0
4,0,0.0,3,2,1,0,4,2,3,0,7.26
2,0,0.0,2,2,1,0,2,1,0,0,1.1075
2,0,0.0,2,2,1,0,2,2,1,0,1.4041666666666666
1,0,0.0,1,1,1,0,1,1,1,0,0.0
7,0,0.0,5,4,2,0,6,2,3,0,3.457222222222222
5,0,0.0,3,3,1,0,5,3,2,1,7.465277777777778
2,0,0.0,2,1,2,0,1,2,1,0,2.1444444444444444
4,0,0.0,2,2,1,0,4,2,2,0,5.0
4,0,0.0,4,2,1,0,4,1,4,0,3.3847222222222224
3,0,0.0,2,3,1,0,3,2,1,0,5.4302777777777775
1,0,0.0,1,1,1,0,1,1,1,0,0.0
1,0,0.0,1,1,1,0,1,1,0,0,0.0
4,0,0.0,2,2,1,0,4,2,3,0,4.775277777777778
2,0,0.0,1,1,1,0,2,1,0,0,1.9405555555555556
2,0,0.0,2,1,2,0,1,2,1,0,1.1569444444444446
4,0,0.0,3,3,2,0,3,1,0,0,5.280277777777778
3,0,0.0,2,2,1,0,3,2,2,0,6.246388888888889
7,0,0.0,3,3,2,0,5,2,3,0,3.6325
2,0,0.0,1,2,2,0,0,1,0,0,0.006388888888888889
4,0,0.0,4,3,2,0,3,2,2,0,5.007777777777778
2,0,0.0,2,1,1,0,2,1,2,0,2.6213888888888888
7,0,0.0,6,2,2,0,6,2,5,0,7.108888888888889
7,0,0.0,3,3,1,0,7,2,3,0,6.886666666666667
6,0,0.0,3,2,1,0,6,3,2,1,8.046111111111111
3,0,0.0,1,2,2,0,2,2,1,0,6.521111111111111
3,0,0.0,2,2,2,0,2,1,0,0,7.016111111111111
5,0,0.0,3,3,1,0,5,2,2,0,5.681388888888889
4,0,0.0,2,1,1,0,4,1,4,0,4.5
4,0,0.0,3,3,1,0,4,1,0,0,7.167222222222223
2,0,0.0,2,2,2,0,1,1,0,0,5.004722222222222
4,0,0.0,2,1,2,0,3,2,3,0,4.191944444444444
3,0,0.0,2,1,1,0,3,1,3,0,3.944722222222222
4,0,0.0,2,2,1,0,4,2,3,0,8.1375
2,0,0.0,2,1,2,0,1,2,1,0,2.109166666666667
1,0,0.0,1,1,1,0,1,1,1,0,0.0
3,0,0.0,3,2,2,0,2,2,1,0,7.053888888888889
6,0,0.0,4,2,2,0,5,2,3,0,7.388888888888889
4,0,0.0,2,3,1,0,4,3,1,1,3.6133333333333333
6,0,0.0,4,2,2,0,5,2,3,0,6.747222222222222
4,0,0.0,1,2,1,0,4,2,3,0,5.367222222222222
2,0,0.0,1,1,1,0,2,1,2,0,1.8127777777777778
2,0,0.0,2,2,1,0,2,2,1,0,1.9641666666666666
1,0,0.0,1,1,1,0,1,1,0,0,0.0
3,0,0.0,2,2,1,0,3,2,1,0,6.6575
3,0,0.0,1,1,1,0,3,1,0,0,3.7016666666666667
1,0,0.0,1,1,1,0,1,1,1,0,0.0
3,0,0.0,2,2,2,0,2,2,1,0,2.995277777777778
3,0,0.0,2,2,2,0,2,2,1,0,1.7725
3,0,0.0,3,2,2,0,2,2,1,0,5.069166666666667
5,0,0.0,3,2,2,0,4,2,3,0,4.6033333333333335
1,0,0.0,1,1,1,0,1,1,0,0,0.0
1,0,0.0,1,1,1,0,1,1,1,0,0.0
4,0,0.0,2,2,1,0,4,2,1,0,6.568888888888889
6,0,0.0,3,3,2,0,5,2,2,0,7.116944444444444
1,0,0.0,1,1,1,0,1,1,0,0,0.0
3,0,0.0,2,2,1,0,3,3,1,1,5.470833333333333
6,0,0.0,4,3,2,0,4,2,1,0,6.121111111111111
6,0,0.0,2,2,1,0,6,2,1,0,6.974722222222222
2,0,0.0,2,1,1,0,2,2,1,0,1.8969444444444445
6,0,0.0,4,3,2,0,3,2,1,0,8.272222222222222
2,0,0.0,2,1,2,0,1,2,1,0,0.008333333333333333
3,0,0.0,2,2,1,0,3,1,0,0,1.821388888888889
2,0,0.0,2,1,2,0,1,2,0,1,0.06861111111111111
8,0,0.0,4,4,2,0,7,2,3,0,4.2572222222222225
6,0,0.0,4,4,1,0,6,3,2,1,7.010833333333333
1,0,0.0,1,1,1,0,0,1,0,0,0.0
8,0,0.0,2,2,2,0,7,2,4,0,5.283055555555555
3,0,0.0,1,2,1,0,3,2,1,0,7.230833333333333
4,0,0.0,3,3,2,0,3,2,1,0,1.5202777777777778
1,0,0.0,1,1,1,0,1,1,0,0,0.0
6,0,0.0,4,4,1,0,6,2,2,0,8.2425
2,0,0.0,2,2,1,0,2,2,1,0,7.685833333333333
1,0,0.0,1,1,1,0,0,1,0,0,0.0
5,0,0.0,3,3,1,0,5,2,1,0,1.4233333333333333
3,0,0.0,2,2,1,0,3,2,2,0,3.6758333333333333
2,0,0.0,1,2,1,0,2,2,1,0,4.246666666666667
8,0,0.0,3,3,1,0,8,3,4,1,7.207777777777777
2,0,0.0,2,1,2,0,1,2,1,0,4.984444444444445
2,0,0.0,1,2,1,0,2,2,1,0,2.3491666666666666
3,0,0.0,2,1,2,0,2,2,2,0,2.0683333333333334
3,0,0.0,2,2,2,0,2,1,0,0,5.3966666666666665
1,0,0.0,1,1,1,0,1,1,1,0,0.0
2,0,0.0,2,2,1,0,2,2,1,0,2.5083333333333333
2,0,0.0,2,1,1,0,2,2,1,0,6.4127777777777775
6,0,0.0,6,3,2,0,5,3,2,1,0.9927777777777778
4,0,0.0,1,2,1,0,4,2,3,0,6.003888888888889
3,0,0.0,2,1,1,0,3,1,3,0,6.495
4,0,0.0,3,2,2,0,2,2,1,0,3.588888888888889
1,0,0.0,1,1,1,0,1,1,1,0,0.0
2,0,0.0,2,2,1,0,2,2,1,0,0.41555555555555557
1,0,0.0,1,1,1,0,1,1,0,0,0.0
4,0,0.0,1,2,1,0,4,2,1,0,2.5033333333333334
1,0,0.0,1,1,1,0,1,1,0,0,0.0
3,0,0.0,2,3,1,0,3,2,1,0,5.426944444444445
4,0,0.0,2,3,2,0,3,1,0,0,4.515833333333333
4,0,0.0,3,3,1,0,4,2,1,0,1.8941666666666668
5,0,0.0,3,1,2,0,3,2,3,0,4.495833333333334
3,0,0.0,3,2,2,0,2,2,1,0,6.041111111111111
2,0,0.0,2,2,1,0,2,2,0,1,1.5788888888888888
1,0,0.0,1,1,1,0,0,1,0,0,0.0
14,0,0.0,4,4,2,0,13,2,7,0,7.074722222222222
2,0,0.0,2,1,1,0,2,1,2,0,1.5019444444444445
4,0,0.0,3,3,1,0,4,2,2,0,7.061388888888889
4,0,0.0,2,3,1,0,4,2,2,0,4.775833333333333
4,0,0.0,3,1,2,0,2,3,1,1,5.291944444444445
3,0,0.0,2,2,2,0,2,1,0,0,4.659722222222222
2,0,0.0,1,2,1,0,2,2,1,0,1.0033333333333334
6,0,0.0,2,3,1,0,6,2,3,0,3.6502777777777777
2,0,0.0,1,1,1,0,2,1,2,0,3.5205555555555557
1,0,0.0,1,1,1,0,0,1,0,0,0.0
3,0,0.0,1,2,1,0,3,2,1,0,2.7583333333333333
2,0,0.0,1,2,1,0,2,2,1,0,1.9922222222222221
4,0,0.0,4,4,1,0,4,2,1,0,3.3297222222222222
2,0,0.0,2,1,2,0,1,2,0,1,1.6816666666666666
5,0,0.0,4,3,1,0,5,3,1,1,6.513888888888889
1,0,0.0,1,1,1,0,0,1,0,0,0.0
4,0,0.0,3,3,1,0,4,2,2,0,2.5580555555555557
2,0,0.0,2,1,2,0,1,2,1,0,6.865
3,0,0.0,2,1,1,0,3,2,1,0,2.663611111111111
2,0,0.0,2,2,2,0,1,1,0,0,0.0044444444444444444
6,0,0.0,4,3,2,0,5,2,3,0,3.5319444444444446
1,0,0.0,1,1,1,0,1,1,0,0,0.0
7,0,0.0,4,3,1,0,7,3,3,1,4.898611111111111
2,0,0.0,1,1,1,0,2,1,2,0,4.006944444444445
5,0,0.0,3,4,1,0,5,2,1,0,6.8425
1,0,0.0,1,1,1,0,1,1,1,0,0.0
1,0,0.0,1,1,1,0,1,1,0,0,0.0
1,0,0.0,1,1,1,0,1,1,0,0,0.0
3,0,0.0,2,1,1,0,3,1,3,0,4.25
5,0,0.0,4,3,2,0,4,3,1,0,8.568333333333333
6,0,0.0,2,3,1,0,6,2,2,0,6.248055555555555
2,0,0.0,2,2,1,0,2,1,0,0,5.271111111111111
3,0,0.0,2,3,1,0,3,2,1,0,4.929444444444444
6,0,0.0,5,6,1,0,6,2,1,0,7.015833333333333
1,0,0.0,1,1,1,0,1,1,1,0,0.0
5,0,0.0,3,3,1,0,5,2,3,0,2.4947222222222223
3,0,0.0,2,1,2,0,2,2,2,0,1.6119444444444444
7,0,0.0,5,3,2,0,6,2,4,0,7.489166666666667
1,0,0.0,1,1,1,0,1,1,0,0,0.0
5,0,0.0,4,3,1,0,5,3,3,1,7.269444444444445
10,0,0.0,4,4,2,0,8,3,1,1,8.660833333333333
5,0,0.0,4,4,2,0,4,2,1,0,7.226666666666667
2,0,0.0,2,2,2,0,1,1,0,0,3.6605555555555553
3,0,0.0,3,2,2,0,2,2,1,0,2.7
1,0,0.0,1,1,1,0,1,1,0,1,0.0
3,0,0.0,1,2,1,0,3,2,1,0,3.8055555555555554
3,0,0.0,2,2,1,0,3,3,1,1,2.0644444444444443
2,0,0.0,1,2,1,0,2,2,1,0,7.200277777777778
3,0,0.0,2,2,1,0,3,1,0,0,4.750277777777778
1,0,0.0,1,1,1,0,1,1,0,0,0.0
5,0,0.0,3,3,3,0,3,3,1,0,1.78
2,0,0.0,2,2,1,0,2,2,1,0,0.2088888888888889
5,0,0.0,3,2,2,0,4,2,3,0,7.745833333333334
3,0,0.0,3,2,1,0,3,2,0,1,4.759722222222222
5,0,0.0,4,4,1,0,5,2,1,0,3.0347222222222223
4,0,0.0,2,2,2,0,3,2,2,0,6.7252777777777775
3,0,0.0,3,2,1,0,3,2,2,0,2.078611111111111
1,0,0.0,1,1,1,0,1,1,0,0,0.0
5,0,0.0,2,3,1,0,5,2,2,0,5.058055555555556
5,0,0.0,2,3,1,0,5,2,2,0,4.364444444444445
2,0,0.0,2,2,1,0,2,2,0,1,5.847222222222222
1,0,0.0,1,1,1,0,1,1,0,1,0.0
3,0,0.0,3,3,1,0,3,1,0,0,3.6705555555555556
3,0,0.0,2,1,1,0,3,1,3,0,0.2569444444444444
5,0,0.0,2,3,1,0,5,2,3,0,3.441666666666667
4,0,0.0,3,2,2,0,3,2,1,0,6.678055555555556
9,0,0.0,4,5,1,0,9,2,3,0,6.546111111111111
21,0,0.0,3,3,1,0,21,2,13,0,8.442222222222222
1,0,0.0,1,1,1,0,1,1,1,0,0.0
5,0,0.0,1,2,1,0,5,2,4,0,5.830555555555556
4,0,0.0,2,2,1,0,4,2,2,0,1.9997222222222222
3,0,0.0,2,2,1,0,3,2,2,0,2.8216666666666668
4,0,0.0,3,4,1,0,4,2,2,0,7.903611111111111
5,0,0.0,4,2,2,0,2,2,1,0,6.053333333333334
5,0,0.0,3,4,1,0,5,3,1,1,4.252222222222223
2,0,0.0,2,1,2,0,1,2,1,0,0.011111111111111112
1,0,0.0,1,1,1,0,1,1,0,0,0.0
7,0,0.0,3,3,2,0,6,2,3,0,6.94
1,0,0.0,1,1,1,0,1,1,1,0,0.0
5,0,0.0,3,2,2,0,3,2,2,0,4.599166666666667
2,0,0.0,1,1,1,0,2,1,0,0,3.796111111111111
2,0,0.0,1,2,1,0,2,2,1,0,1.7475
6,0,0.0,2,2,2,0,5,2,4,0,6.253055555555555
4,0,0.0,2,2,2,0,3,2,2,0,5.186944444444444
4,0,0.0,1,2,1,0,4,2,2,0,4.000555555555556
5,0,0.0,2,2,1,0,5,3,3,1,1.9302777777777778
4,0,0.0,3,3,1,0,4,2,1,0,7.2619444444444445
6,0,0.0,3,4,1,0,6,2,1,0,6.838333333333333
2,0,0.0,1,1,1,0,2,1,0,0,0.49972222222222223
4,0,0.0,3,2,2,0,3,2,1,0,6.623888888888889
2,0,0.0,2,1,1,0,2,2,1,0,1.0811111111111111
3,0,0.0,2,3,1,0,3,2,1,0,4.000277777777778
4,0,0.0,2,2,1,0,4,2,2,0,2.246111111111111
5,0,0.0,3,3,2,0,4,2,1,0,7.969722222222222
4,0,0.0,3,1,1,0,4,2,3,1,3.796388888888889
3,0,0.0,1,2,1,0,3,2,2,0,8.253055555555555
5,0,0.0,2,2,2,0,4,2,2,0,7.164166666666667
9,0,0.0,5,4,2,0,8,3,1,1,8.082777777777778
1,0,0.0,1,1,1,0,1,1,0,0,0.0
2,0,0.0,2,2,2,0,1,1,0,0,1.7294444444444443
1,0,0.0,1,1,1,0,1,1,1,0,0.0
3,0,0.0,2,2,1,0,3,2,1,0,1.0030555555555556
2,0,0.0,2,2,1,0,2,2,1,0,0.0077777777777777776
3,0,0.0,2,3,1,0,3,2,1,0,5.351388888888889
1,0,0.0,1,1,1,0,0,1,0,0,0.0
3,0,0.0,3,3,1,0,3,2,1,0,3.9133333333333336
1,0,0.0,1,1,1,0,1,1,0,0,0.0
4,0,0.0,2,1,2,0,3,2,3,0,3.8455555555555554
8,0,0.0,4,3,2,0,6,2,3,0,6.719722222222222
2,0,0.0,2,2,1,0,2,1,0,0,1.6791666666666667
2,0,0.0,2,2,1,0,2,1,0,0,2.7602777777777776
4,0,0.0,2,2,2,0,3,2,2,0,5.974166666666667
5,0,0.0,4,3,2,0,4,3,1,1,7.4225
1,0,0.0,1,1,1,0,1,1,1,0,0.0
2,0,0.0,2,2,2,0,1,1,0,0,3.4444444444444446
6,0,0.0,2,3,2,0,5,2,1,0,5.986111111111111
3,0,0.0,2,2,1,0,3,2,2,0,7.1433333333333335
2,0,0.0,2,2,1,0,2,2,1,0,1.833888888888889
4,0,0.0,2,2,1,0,4,2,2,0,0.06027777777777778
3,0,0.0,2,3,1,0,3,2,1,0,3.647777777777778
4,0,0.0,2,3,2,0,3,2,1,0,6.303333333333334
2,0,0.0,2,2,1,0,2,2,1,0,0.88
6,0,0.0,1,2,1,0,6,2,3,0,6.4127777777777775
2,0,0.0,1,1,1,0,2,1,0,0,0.555
5,0,0.0,4,2,2,0,3,2,2,0,7.125277777777778
2,0,0.0,2,1,1,0,2,2,1,1,1.6852777777777779
2,0,0.0,2,2,2,0,1,1,0,0,2.0033333333333334
5,0,0.0,1,2,1,0,5,2,4,0,3.8047222222222223
2,0,0.0,2,1,1,0,2,1,2,0,0.20166666666666666
5,0,0.0,2,2,1,0,5,3,3,1,5.268055555555556
24,0,0.0,5,3,2,0,22,2,10,0,7.174166666666666
2,0,0.0,2,1,2,0,1,2,1,0,0.006388888888888889
7,0,0.0,4,3,2,0,6,3,3,1,7.0475
3,0,0.0,3,3,1,0,3,2,1,0,5.746944444444445
2,0,0.0,2,2,1,0,2,2,1,0,0.005833333333333334
2,0,0.0,2,2,1,0,2,2,1,0,2.569166666666667
1,0,0.0,1,1,1,0,0,1,0,0,0.0
6,0,0.0,4,5,1,0,6,3,1,1,6.908333333333333
3,0,0.0,2,2,1,0,3,2,1,0,0.18305555555555555
3,0,0.0,2,3,1,0,3,2,1,0,4.727222222222222
1,0,0.0,1,1,1,0,0,1,0,0,0.0
3,0,0.0,2,3,1,0,3,2,1,0,6.692222222222222
2,0,0.0,1,2,1,0,2,2,1,0,1.065
1,0,0.0,1,1,1,0,1,1,1,0,0.0
3,0,0.0,2,1,3,0,1,3,1,0,0.30972222222222223
2,0,0.0,2,2,1,0,2,1,0,0,0.5188888888888888
5,0,0.0,3,3,1,0,5,2,2,0,2.1866666666666665
2,0,0.0,2,2,1,0,2,2,1,0,0.4494444444444444
8,0,0.0,4,2,1,0,8,3,6,1,7.0055555555555555
6,0,0.0,4,4,1,0,6,2,1,0,8.530555555555555
5,0,0.0,4,2,2,0,3,2,2,0,2.0969444444444445
1,0,0.0,1,1,1,0,1,1,0,0,0.0
3,0,0.0,1,2,1,0,3,2,1,0,7.243888888888889
4,0,0.0,2,3,1,0,4,2,2,0,6.448055555555555
3,0,0.0,3,3,2,0,2,1,0,0,3.7894444444444444
1,0,0.0,1,1,1,0,1,1,1,0,0.0
4,0,0.0,3,3,1,0,4,2,2,0,8.004722222222222
3,0,0.0,2,2,1,0,3,1,0,0,1.7491666666666668
5,0,0.0,1,2,1,0,5,2,3,0,6.491388888888889
2,0,0.0,1,2,1,0,2,2,0,1,0.01861111111111111
1,0,0.0,1,1,1,0,1,1,0,0,0.0
2,0,0.0,2,1,1,0,2,1,2,0,1.4405555555555556
1,0,0.0,1,1,1,0,1,1,0,0,0.0
3,0,0.0,1,2,1,0,3,2,2,0,2.495833333333333
6,0,0.0,3,2,2,0,5,3,2,1,4.7683333333333335
4,0,0.0,2,2,1,0,4,1,0,0,7.381944444444445
5,0,0.0,3,2,2,0,4,2,3,0,4.971111111111111
4,0,0.0,2,1,2,0,2,2,2,0,6.955
3,0,0.0,3,2,2,0,2,2,1,0,2.3427777777777776
7,0,0.0,2,2,2,0,6,2,3,0,5.750555555555556
1,0,0.0,1,1,1,0,1,1,0,0,0.0
3,0,0.0,2,2,1,0,3,2,2,0,5.506944444444445
2,0,0.0,2,2,2,0,1,1,0,0,1.126111111111111
4,0,0.0,2,3,1,0,4,2,3,0,3.117777777777778
2,0,0.0,1,2,1,0,2,2,0,1,0.9794444444444445
3,0,0.0,3,2,2,0,2,2,1,0,6.416111111111111
5,0,0.0,3,2,1,0,5,2,4,0,5.516944444444444
3,0,0.0,3,1,1,0,3,1,3,0,1.6419444444444444
2,0,0.0,2,1,2,0,1,2,1,0,4.071944444444444
1,0,0.0,1,1,1,0,1,1,1,0,0.0
3,0,0.0,3,3,1,0,3,2,1,0,7.5325
3,0,0.0,3,2,1,0,3,2,2,0,8.238055555555556
4,0,0.0,2,3,1,0,4,2,2,0,4.814166666666667
3,0,0.0,1,2,1,0,3,2,1,0,2.493888888888889
2,0,0.0,2,2,1,0,2,1,0,0,0.17055555555555554
1,0,0.0,1,1,1,0,1,1,1,0,0.0
2,0,0.0,1,1,2,0,1,2,1,0,1.9705555555555556
1,0,0.0,1,1,1,0,1,1,0,0,0.0
8,0,0.0,3,3,1,0,8,2,3,0,7.972222222222222
5,0,0.0,4,2,2,0,4,2,2,0,7.585277777777778
4,0,0.0,2,2,1,0,4,1,0,0,2.0205555555555557
5,0,0.0,4,3,2,1,4,3,1,0,8.591944444444444
4,0,0.0,4,3,1,0,4,2,1,0,6.379166666666666
1,0,0.0,1,1,1,0,1,1,1,0,0.0
1,0,0.0,1,1,1,0,1,1,0,1,0.0
2,0,0.0,2,2,1,0,2,2,1,0,0.03361111111111111
26,0,0.0,4,4,2,0,23,2,8,0,8.29888888888889
7,0,0.0,4,3,2,0,6,2,4,0,6.403611111111111
3,0,0.0,3,3,1,0,3,2,1,0,7.274166666666667
1,0,0.0,1,1,1,0,1,1,0,0,0.0
4,0,0.0,3,3,1,0,4,2,1,0,1.5166666666666666
2,0,0.0,2,1,1,0,2,1,2,0,2.048611111111111
1,0,0.0,1,1,1,0,1,1,1,0,0.0
4,0,0.0,1,2,1,0,4,2,2,0,5.503055555555555
9,0,0.0,7,5,2,0,8,2,4,0,7.4719444444444445
5,0,0.0,2,2,2,0,4,2,1,0,6.479722222222223
5,0,0.0,2,3,1,0,5,2,1,0,5.285
1,0,0.0,1,1,1,0,1,1,0,0,0.0
5,0,0.0,3,2,2,0,4,2,3,0,6.8566666666666665
1,0,0.0,1,1,1,0,1,1,1,0,0.0
1,0,0.0,1,1,1,0,1,1,0,0,0.0
3,0,0.0,2,2,1,0,3,2,2,0,2.881666666666667
6,0,0.0,3,3,2,0,5,2,2,0,2.5016666666666665
2,0,0.0,2,2,1,0,2,1,0,0,0.004722222222222222
3,0,0.0,1,2,1,0,3,2,2,0,5.738611111111111
2,0,0.0,2,1,2,0,1,2,1,0,0.01138888888888889
6,0,0.0,2,2,2,0,5,2,2,0,6.5
2,0,0.0,2,2,1,0,2,2,1,0,0.9372222222222222
2,0,0.0,2,1,1,0,2,2,1,0,1.2944444444444445
3,0,0.0,2,2,2,0,2,1,0,0,7.223333333333334
4,0,0.0,3,3,1,0,4,2,1,0,4.297777777777778
1,0,0.0,1,1,1,0,1,1,1,0,0.0
1,0,0.0,1,1,1,0,1,1,0,0,0.0
2,0,0.0,2,2,1,0,2,1,2,0,0.2783333333333333
2,0,0.0,2,2,1,0,2,1,0,0,6.604722222222223
2,0,0.0,1,1,1,0,2,1,0,0,3.7591666666666668
2,0,0.0,2,1,2,0,1,2,1,0,0.9866666666666667
5,0,0.0,4,2,1,0,5,2,3,0,6.804444444444444
3,0,0.0,3,2,2,0,2,2,1,0,1.9947222222222223
1,0,0.0,1,1,1,0,1,1,0,0,0.0
1,0,0.0,1,1,1,0,0,1,0,0,0.0
8,0,0.0,3,3,2,0,7,2,1,0,6.500277777777778
6,0,0.0,2,3,1,0,6,2,3,0,5.093333333333334
2,0,0.0,2,1,1,0,2,1,2,0,3.97
1,0,0.0,1,1,1,0,1,1,1,0,0.0
2,0,0.0,1,2,1,0,2,2,1,0,0.9944444444444445
1,0,0.0,1,1,1,0,1,1,1,0,0.0
4,0,0.0,2,2,1,0,4,3,2,1,2.3980555555555556
4,0,0.0,4,2,2,0,3,2,2,0,5.013055555555556
3,0,0.0,2,2,1,0,3,2,1,0,6.745
1,0,0.0,1,1,1,0,1,1,1,0,0.0
5,0,0.0,2,1,2,0,4,3,3,1,7.5969444444444445
2,0,0.0,2,2,1,0,2,2,1,0,0.4361111111111111
9,0,0.0,6,5,1,0,9,3,4,1,6.721666666666667
3,0,0.0,2,3,1,0,3,2,1,0,3.1369444444444445
2,0,0.0,2,1,2,0,1,2,1,0,3.6
7,0,0.0,3,3,2,0,6,2,2,0,7.693333333333333
2,0,0.0,2,1,1,0,2,1,2,0,0.025
1,0,0.0,1,1,1,0,1,1,1,0,0.0
1,0,0.0,1,1,1,0,1,1,0,0,0.0
4,0,0.0,1,2,1,0,4,2,3,0,2.3555555555555556
3,0,0.0,2,2,2,0,2,1,0,0,4.290555555555556
6,0,0.0,3,3,1,0,6,2,1,0,6.982777777777778
2,0,0.0,2,2,1,0,2,2,1,0,4.3675
4,0,0.0,2,2,1,0,4,2,1,0,3.3680555555555554
1,0,0.0,1,1,1,0,1,1,0,0,0.0
2,0,0.0,2,2,1,0,2,2,1,0,0.02
3,0,0.0,2,2,1,0,3,2,0,2,5.563055555555556
5,0,0.0,3,4,1,0,5,2,2,0,6.745
1,0,0.0,1,1,1,0,1,1,1,0,0.0
2,0,0.0,2,2,2,0,1,1,0,0,1.4966666666666666
4,0,0.0,3,3,1,0,4,2,2,0,5.999722222222222
5,0,0.0,5,2,2,0,4,2,3,0,2.1591666666666667
2,0,0.0,2,1,1,0,2,1,2,0,2.999722222222222
3,0,0.0,2,2,1,0,3,3,1,1,3.4455555555555555
2,0,0.0,1,2,1,0,2,2,1,0,1.6822222222222223
3,0,0.0,1,1,1,0,3,1,0,0,4.761388888888889
5,0,0.0,4,4,2,0,4,2,1,0,3.533611111111111
16,0,0.0,4,4,2,0,15,2,7,0,8.369722222222222
7,0,0.0,3,2,2,0,6,2,2,0,6.989166666666667
2,0,0.0,2,2,2,0,1,1,0,0,2.2591666666666668
1,0,0.0,1,1,1,0,1,1,0,0,0.0
4,0,0.0,4,1,2,0,3,2,3,0,6.682777777777778
4,0,0.0,3,2,1,0,4,2,3,0,2.44
5,0,0.0,3,3,2,0,4,2,2,0,4.7275
1,0,0.0,1,1,1,0,1,1,1,0,0.0
1,0,0.0,1,1,1,0,1,1,1,0,0.0
1,0,0.0,1,1,1,0,1,1,0,0,0.0
5,0,0.0,3,2,1,0,5,1,5,0,7.269166666666667
4,0,0.0,3,2,2,0,3,2,2,0,1.9361111111111111
1,0,0.0,1,1,1,0,1,1,1,0,0.0
4,0,0.0,3,3,1,0,4,2,2,0,4.286111111111111
6,0,0.0,2,3,1,0,6,2,3,0,7.491666666666666
4,0,0.0,2,2,1,0,4,2,3,0,3.6222222222222222
2,0,0.0,2,2,1,0,2,2,1,0,2.493333333333333
1,0,0.0,1,1,1,0,1,1,1,0,0.0
3,0,0.0,2,2,1,0,3,2,1,0,5.990555555555556
3,0,0.0,2,2,1,0,3,3,1,1,4.559444444444445
3,0,0.0,1,2,1,0,3,2,1,0,3.488611111111111
5,0,0.0,2,1,2,0,3,2,3,0,4.000555555555556
15,0,0.0,3,3,2,0,10,2,1,0,8.406944444444445
4,0,0.0,3,2,2,0,3,2,2,0,3.515
1,0,0.0,1,1,1,0,1,1,1,0,0.0
3,0,0.0,1,1,2,0,2,2,2,0,3.6775
4,0,0.0,2,2,2,0,3,2,1,0,6.998333333333333
6,0,0.0,2,3,1,0,6,2,1,0,6.817777777777778
1,0,0.0,1,1,1,0,1,1,1,0,0.0
3,0,0.0,3,1,1,0,0,1,0,0,0.34444444444444444
2,0,0.0,2,2,1,0,2,2,1,0,4.563888888888889
2,0,0.0,2,1,2,0,1,2,1,0,1.965
1,0,0.0,1,1,1,0,1,1,1,0,0.0
2,0,0.0,1,2,1,0,2,2,1,0,2.995277777777778
5,0,0.0,3,3,2,0,4,2,2,0,6.750277777777778
3,0,0.0,2,2,1,0,3,2,2,0,7.233333333333333
5,0,0.0,3,2,3,0,2,2,0,0,5.895
2,0,0.0,2,1,1,0,2,1,2,0,3.2319444444444443
2,0,0.0,2,1,1,0,2,1,2,0,0.07055555555555555
1,0,0.0,1,1,1,0,1,1,1,0,0.0
9,0,0.0,4,3,2,0,8,2,2,0,6.655
3,0,0.0,1,1,1,0,3,1,0,0,4.474444444444444
3,0,0.0,3,2,2,0,2,2,1,0,7.035277777777778
3,0,0.0,2,3,1,0,3,2,1,0,3.7575
2,0,0.0,2,2,1,0,2,1,0,0,6.621944444444445
1,0,0.0,1,1,1,0,1,1,0,0,0.0
4,0,0.0,4,4,1,0,4,2,1,0,6.1883333333333335
2,0,0.0,2,2,1,0,2,1,0,0,3.993888888888889
3,0,0.0,2,2,1,0,3,1,0,0,2.602222222222222
7,0,0.0,4,4,2,0,6,3,2,1,8.035
2,0,0.0,2,2,1,0,2,2,1,0,0.24166666666666667
4,0,0.0,3,2,1,0,4,2,3,0,6.071944444444444
3,0,0.0,2,3,1,0,3,2,1,0,2.3041666666666667
3,0,0.0,3,1,2,0,2,2,2,0,3.283333333333333
2,0,0.0,2,1,1,0,2,2,1,1,0.1386111111111111
3,0,0.0,2,2,1,0,3,2,2,0,5.0275
26,0,0.0,3,4,1,0,26,2,8,0,8.095555555555556
1,0,0.0,1,1,1,0,1,1,0,0,0.0
4,0,0.0,2,3,1,0,4,2,1,0,3.8005555555555555
7,0,0.0,3,4,1,0,7,3,3,1,6.435277777777777
4,0,0.0,2,2,2,0,3,2,2,0,5.747777777777777
1,0,0.0,1,1,1,0,1,1,1,0,0.0
1,0,0.0,1,1,1,0,1,1,0,0,0.0
2,0,0.0,2,2,1,0,2,2,1,0,1.8180555555555555
2,0,0.0,2,2,1,0,2,2,1,0,4.221666666666667
2,0,0.0,2,2,2,0,1,1,0,0,2.486111111111111
3,0,0.0,3,2,2,0,2,2,1,0,6.603888888888889
5,0,0.0,2,2,2,0,4,2,3,0,6.496388888888889
3,0,0.0,3,1,2,0,1,2,1,0,2.126388888888889
3,0,0.0,2,2,1,0,3,2,2,0,6.373888888888889
4,0,0.0,4,1,2,0,3,2,3,0,2.1233333333333335
5,0,0.0,3,4,1,0,5,2,2,0,3.25
4,0,0.0,3,2,2,0,3,2,1,0,4.901944444444444
1,0,0.0,1,1,1,0,1,1,0,0,0.0
3,0,0.0,3,2,2,0,2,2,1,0,0.2
4,0,0.0,3,2,2,0,3,2,2,0,1.9852777777777777
14,0,0.0,2,3,1,0,14,2,5,0,0.15916666666666668
4,0,0.0,3,3,1,0,4,2,3,0,5.279444444444445
2,0,0.0,2,2,1,0,2,2,1,0,0.006388888888888889
9,0,0.0,5,4,2,0,8,3,4,1,6.861666666666666
13,0,0.0,4,3,2,0,12,2,7,0,5.997777777777777
2,0,0.0,2,1,1,0,2,1,2,0,2.5766666666666667
5,5,1.0,3,1,2,0,2,2,0,2,4.404166666666667
3,0,0.0,2,3,1,0,3,2,2,0,4.4527777777777775
5,0,0.0,3,3,1,0,5,2,1,0,6.151944444444444
8,0,0.0,4,3,2,0,7,3,3,1,8.019722222222223
5,0,0.0,4,3,1,0,5,2,3,0,3.890833333333333
5,0,0.0,2,2,1,0,5,1,0,0,6.305
2,0,0.0,2,1,2,0,1,2,1,0,6.7425
4,0,0.0,3,3,2,0,3,2,1,0,7.331666666666667
5,0,0.0,2,3,1,0,5,2,1,0,6.199166666666667
3,0,0.0,2,3,1,0,3,2,1,0,4.7813888888888885
2,0,0.0,2,1,1,0,2,1,2,0,2.4119444444444444
2,0,0.0,1,2,1,0,2,2,1,0,0.39611111111111114
4,0,0.0,3,2,2,0,3,2,1,0,7.003888888888889
1,0,0.0,1,1,1,0,1,1,0,0,0.0
6,0,0.0,3,2,1,0,6,2,4,0,5.215277777777778
2,0,0.0,2,2,1,0,2,2,1,0,3.238888888888889
3,0,0.0,3,2,2,0,2,2,1,0,4.6755555555555555
2,0,0.0,2,1,2,0,1,2,0,1,3.8175
2,0,0.0,2,2,1,0,2,1,0,0,0.07833333333333334
2,0,0.0,2,1,1,0,2,1,2,0,1.7725
1,0,0.0,1,1,1,0,1,1,1,0,0.0
2,0,0.0,2,2,2,0,1,1,0,0,5.124444444444444
2,0,0.0,1,2,1,0,2,2,1,0,0.25416666666666665
3,0,0.0,3,3,1,0,3,2,1,0,7.24
5,0,0.0,3,3,1,0,5,3,1,2,6.936388888888889
1,0,0.0,1,1,1,0,1,1,1,0,0.0
1,0,0.0,1,1,1,0,1,1,0,0,0.0
2,0,0.0,2,1,1,0,2,2,0,1,5.517777777777778
1,0,0.0,1,1,1,0,1,1,0,0,0.0
1,0,0.0,1,1,1,0,1,1,1,0,0.0
9,0,0.0,4,4,1,0,9,2,5,0,5.801666666666667
3,0,0.0,3,2,1,0,3,2,2,0,5.2813888888888885
20,0,0.0,4,2,1,0,20,3,8,1,7.715833333333333
3,0,0.0,2,1,1,0,3,1,3,0,5.922777777777778
1,0,0.0,1,1,1,0,0,1,0,0,0.0
2,0,0.0,2,2,1,0,2,1,0,0,6.295833333333333
1,0,0.0,1,1,1,0,1,1,0,0,0.0
7,0,0.0,4,3,2,0,5,2,3,0,5.518055555555556
6,0,0.0,3,3,2,0,5,2,2,0,3.585
1,0,0.0,1,1,1,0,1,1,1,0,0.0
3,0,0.0,3,2,1,0,3,2,0,1,3.8361111111111112
3,0,0.0,3,3,2,0,2,1,0,0,0.5136111111111111
2,0,0.0,1,1,1,0,2,1,2,0,3.7408333333333332
1,0,0.0,1,1,1,0,1,1,1,0,0.0
1,0,0.0,1,1,1,0,1,1,1,0,0.0
22,0,0.0,3,3,1,0,22,3,9,1,7.648888888888889
1,0,0.0,1,1,1,0,1,1,1,0,0.0
1,0,0.0,1,1,1,0,1,1,1,0,0.0
4,0,0.0,2,2,2,0,3,2,2,0,7.506666666666667
6,0,0.0,3,3,2,0,4,2,1,0,7.7175
9,0,0.0,6,3,2,0,7,2,5,0,7.949166666666667
3,0,0.0,3,1,2,0,2,3,1,1,6.664722222222222
3,0,0.0,3,3,1,0,3,2,0,1,8.452777777777778
5,0,0.0,5,4,2,0,4,2,1,0,7.272222222222222
10,0,0.0,5,5,1,0,10,2,5,0,5.8661111111111115
5,0,0.0,3,2,1,0,5,2,3,0,5.268611111111111
3,0,0.0,2,2,1,0,3,2,1,0,5.750555555555556
4,0,0.0,4,2,2,0,3,3,1,1,6.989166666666667
1,0,0.0,1,1,1,0,0,1,0,0,0.0
1,0,0.0,1,1,1,0,1,1,0,0,0.0
6,0,0.0,4,3,2,0,5,2,3,0,7.101388888888889
4,0,0.0,4,1,2,0,2,3,1,1,3.737222222222222
1,0,0.0,1,1,1,0,1,1,1,0,0.0
3,0,0.0,2,2,1,0,3,2,2,0,5.6594444444444445
3,0,0.0,2,3,1,0,3,2,1,0,1.5091666666666668
4,0,0.0,3,2,2,0,3,2,2,0,4.881666666666667
2,0,0.0,1,1,1,0,2,1,2,0,1.4494444444444445
2,0,0.0,2,2,1,0,2,2,1,0,2.5036111111111112
2,0,0.0,2,2,1,0,2,1,0,0,3.2280555555555557
2,0,0.0,2,1,2,0,1,2,1,0,0.04666666666666667
2,0,0.0,2,1,2,0,1,2,1,0,0.31
1,0,0.0,1,1,1,0,1,1,0,0,0.0
5,0,0.0,3,3,1,0,5,3,2,1,3.499722222222222
8,0,0.0,4,5,1,0,8,2,2,0,6.237777777777778
1,0,0.0,1,1,1,0,1,1,1,0,0.0
1,0,0.0,1,1,1,0,1,1,0,0,0.0
3,0,0.0,2,2,1,0,3,1,0,0,7.368611111111111
2,0,0.0,1,1,1,0,2,1,2,0,5.1125
5,0,0.0,2,2,1,0,5,2,2,0,7.187777777777778
3,0,0.0,3,3,2,0,2,1,0,0,0.12666666666666668
8,0,0.0,5,2,2,0,7,3,5,1,8.081388888888888
1,0,0.0,1,1,1,0,1,1,1,0,0.0
4,0,0.0,4,2,2,0,3,2,2,0,5.73
3,0,0.0,2,2,2,0,2,1,0,0,4.995833333333334
3,0,0.0,2,3,1,0,3,2,1,0,2.8744444444444444
4,0,0.0,4,3,1,0,4,2,2,0,7.346111111111111
1,0,0.0,1,1,1,0,1,1,0,0,0.0
6,0,0.0,3,3,1,0,6,2,2,0,8.043611111111112
2,0,0.0,2,2,1,0,2,1,0,0,3.7925
1,0,0.0,1,1,1,0,1,1,1,0,0.0
3,0,0.0,3,3,2,0,2,1,0,0,4.222222222222222
1,0,0.0,1,1,1,0,1,1,1,0,0.0
5,0,0.0,3,4,1,0,5,2,1,0,6.400555555555556
2,0,0.0,1,2,1,0,2,2,1,0,3.3675
7,0,0.0,5,4,2,0,5,2,3,0,0.2872222222222222
6,0,0.0,5,3,2,0,4,2,2,0,4.993611111111111
5,0,0.0,3,4,1,0,5,2,1,0,5.0841666666666665
2,0,0.0,2,2,1,0,2,1,0,0,2.8713888888888888
3,0,0.0,3,2,2,0,2,2,1,0,3.5055555555555555
4,0,0.0,4,4,1,0,4,2,1,0,5.039166666666667
3,0,0.0,2,2,1,0,3,3,1,1,5.2725
3,0,0.0,2,3,1,0,3,2,1,0,3.4897222222222224
1,0,0.0,1,1,1,0,1,1,0,0,0.0
3,0,0.0,1,1,1,0,3,1,0,0,3.2447222222222223
3,0,0.0,2,2,1,0,3,3,1,1,4.033611111111111
2,0,0.0,1,1,1,0,2,1,2,0,1.5261111111111112
2,0,0.0,1,1,1,0,2,1,2,0,0.21027777777777779
2,0,0.0,2,2,2,0,1,1,0,0,0.030833333333333334
3,0,0.0,2,2,1,0,3,2,2,0,4.5055555555555555
1,0,0.0,1,1,1,0,1,1,1,0,0.0
2,0,0.0,2,2,1,0,2,1,0,0,3.293888888888889
2,0,0.0,2,1,1,0,2,2,1,1,7.219722222222222
2,0,0.0,2,1,2,0,1,2,1,0,3.4988888888888887
1,0,0.0,1,1,1,0,1,1,1,0,0.0
4,0,0.0,3,3,1,0,4,2,2,0,0.23666666666666666
5,0,0.0,2,3,1,0,5,2,2,0,2.781111111111111
3,0,0.0,2,2,1,0,3,2,2,0,1.3811111111111112
1,0,0.0,1,1,1,0,1,1,0,0,0.0
4,0,0.0,2,2,2,0,3,2,2,0,3.841666666666667
4,0,0.0,3,3,1,0,4,2,2,0,6.398611111111111
3,0,0.0,2,3,1,0,3,2,1,0,6.591388888888889
4,0,0.0,3,2,1,0,4,2,3,0,1.8819444444444444
1,0,0.0,1,1,1,0,1,1,0,0,0.0
3,0,0.0,3,2,2,0,2,2,1,0,0.12
1,0,0.0,1,1,1,0,1,1,1,0,0.0
4,0,0.0,3,3,1,0,4,2,1,0,5.5175
2,0,0.0,1,1,1,0,2,1,0,0,1.2497222222222222
3,0,0.0,3,3,2,0,2,1,0,0,3.243888888888889
5,0,0.0,4,2,2,0,2,2,1,0,7.9127777777777775
2,0,0.0,2,1,1,0,2,2,1,0,1.8883333333333334
3,0,0.0,2,3,1,0,3,2,1,0,3.2063888888888887
2,0,0.0,1,1,1,0,2,1,0,0,1.7497222222222222
1,0,0.0,1,1,1,0,1,1,0,0,0.0
2,0,0.0,1,2,1,0,2,2,1,0,0.008055555555555555
6,0,0.0,3,2,1,0,6,2,5,0,7.126666666666667
3,0,0.0,1,2,1,0,3,2,2,0,1.8977777777777778
4,0,0.0,2,2,1,0,4,2,2,0,0.06805555555555555
4,0,0.0,3,3,1,0,4,1,0,0,6.3805555555555555
4,0,0.0,3,4,1,0,4,2,1,0,3.2655555555555558
2,0,0.0,1,2,1,0,2,2,1,0,2.8794444444444443
8,0,0.0,2,3,2,0,6,2,4,0,8.281944444444445
2,0,0.0,1,2,1,0,2,2,1,0,6.247222222222222
2,0,0.0,2,2,1,0,2,2,1,0,1.0577777777777777
1,0,0.0,1,1,1,0,1,1,0,0,0.0
3,0,0.0,2,1,2,0,2,2,2,0,6.409722222222222
3,0,0.0,2,3,2,0,2,1,0,0,6.400555555555556
2,0,0.0,2,2,1,0,2,2,1,0,1.538888888888889
2,0,0.0,2,2,2,0,1,1,0,0,3.5094444444444446
4,0,0.0,3,3,1,0,4,1,0,0,3.8627777777777776
4,0,0.0,4,4,2,0,3,1,0,0,0.2011111111111111
5,0,0.0,4,2,2,0,2,2,1,0,1.4255555555555555
2,0,0.0,2,2,2,0,1,1,0,0,2.158888888888889
4,0,0.0,2,3,1,0,4,2,2,0,5.6947222222222225
3,0,0.0,2,3,1,0,3,2,1,0,3.331111111111111
2,0,0.0,1,2,1,0,2,2,1,0,0.9758333333333333
21,0,0.0,6,4,2,0,20,2,10,0,7.706388888888889
3,0,0.0,3,1,2,0,1,2,1,0,0.5991666666666666
1,0,0.0,1,1,1,0,1,1,0,0,0.0
4,0,0.0,3,3,1,0,4,2,1,0,4.726666666666667
3,0,0.0,1,2,1,0,3,2,1,0,3.095833333333333
1,0,0.0,1,1,1,0,1,1,1,0,0.0
2,0,0.0,1,1,1,0,2,1,0,0,1.7605555555555557
5,0,0.0,3,3,1,0,5,2,3,0,5.0055555555555555
3,0,0.0,2,2,1,0,3,2,2,0,2.848333333333333
6,0,0.0,3,2,2,0,5,3,4,0,6.5725
1,0,0.0,1,1,1,0,1,1,0,0,0.0
2,0,0.0,2,2,1,0,2,2,1,0,0.08527777777777777
8,0,0.0,3,4,1,0,8,3,3,1,7.1530555555555555
4,0,0.0,1,2,1,0,4,2,1,0,3.3983333333333334
13,0,0.0,5,4,2,0,12,2,6,0,8.194722222222222
5,0,0.0,3,2,1,0,5,2,4,0,5.776666666666666
2,0,0.0,2,2,1,0,2,1,0,0,1.7644444444444445
3,0,0.0,2,2,1,0,3,1,0,0,5.522777777777778
3,0,0.0,2,3,1,0,3,2,2,0,4.747222222222222
4,0,0.0,3,2,2,0,3,3,1,1,7.722777777777778
1,0,0.0,1,1,1,0,1,1,1,0,0.0
3,0,0.0,3,3,1,0,3,2,1,0,5.282222222222222
3,0,0.0,3,2,2,0,2,2,1,0,3.5591666666666666
2,0,0.0,2,2,1,0,2,2,1,0,2.549166666666667
2,0,0.0,1,2,1,0,2,2,1,0,7.779444444444445
4,0,0.0,2,3,1,0,4,3,1,1,6.625
3,0,0.0,3,2,2,0,2,2,1,0,4.006944444444445
2,0,0.0,1,1,1,0,2,1,0,0,5.371388888888889
2,0,0.0,2,2,1,0,2,2,1,0,0.010277777777777778
1,0,0.0,1,1,1,0,1,1,0,1,0.0
2,0,0.0,1,2,1,0,2,2,1,0,5.779166666666667
1,0,0.0,1,1,1,0,1,1,0,0,0.0
19,0,0.0,5,4,2,0,17,2,8,0,7.530277777777778
3,0,0.0,3,3,1,0,3,2,1,0,5.504722222222222
4,0,0.0,3,1,2,0,3,2,3,0,6.8741666666666665
7,0,0.0,2,3,1,0,7,2,2,0,5.062222222222222
1,0,0.0,1,1,1,0,1,1,0,0,0.0
1,0,0.0,1,1,1,0,1,1,0,0,0.0
2,0,0.0,2,2,1,0,2,2,1,0,3.9344444444444444
3,0,0.0,3,2,2,0,2,2,1,0,2.113888888888889
4,0,0.0,1,1,1,0,4,1,4,0,7.79
2,0,0.0,1,1,1,0,2,1,2,0,3.1844444444444444
1,0,0.0,1,1,1,0,1,1,1,0,0.0
4,0,0.0,3,2,1,0,4,3,1,1,6.585833333333333
2,0,0.0,2,1,1,0,2,1,2,0,1.07
3,0,0.0,2,2,2,0,1,1,0,0,3.4405555555555556
1,0,0.0,1,1,1,0,1,1,1,0,0.0
1,0,0.0,1,1,1,0,1,1,0,0,0.0
4,0,0.0,3,2,2,0,1,1,0,0,4.435
5,0,0.0,2,3,1,0,5,2,3,0,3.8455555555555554
2,0,0.0,1,1,1,0,2,1,0,0,1.7447222222222223
1,0,0.0,1,1,1,0,1,1,1,0,0.0
2,0,0.0,1,2,1,0,2,2,1,0,3.0058333333333334
4,0,0.0,1,2,1,0,4,2,3,0,4.613611111111111
1,0,0.0,1,1,1,0,1,1,1,0,0.0
6,0,0.0,3,2,2,0,5,2,3,0,6.041388888888889
6,0,0.0,4,1,3,0,3,3,3,0,6.119166666666667
5,0,0.0,3,4,1,0,5,2,2,0,6.876944444444445
1,0,0.0,1,1,1,0,1,1,0,1,0.0
3,0,0.0,2,2,2,0,2,1,0,0,3.355
3,0,0.0,1,2,1,0,3,2,2,0,4.716944444444445
5,0,0.0,4,5,2,0,4,2,1,0,6.604444444444445
2,0,0.0,1,1,1,0,2,1,2,0,2.4816666666666665
17,0,0.0,4,4,2,0,16,2,6,0,6.561111111111111
1,0,0.0,1,1,1,0,1,1,1,0,0.0
2,0,0.0,1,1,1,0,2,1,0,0,5.249722222222222
3,0,0.0,2,2,2,0,2,1,0,0,3.741111111111111
2,0,0.0,2,2,2,0,1,2,0,0,1.0302777777777778
1,0,0.0,1,1,1,0,1,1,0,0,0.0
4,0,0.0,3,2,1,0,4,2,3,0,5.124722222222222
3,0,0.0,2,2,1,0,3,1,0,0,3.2536111111111112
6,0,0.0,5,2,2,0,5,2,4,0,5.081111111111111
2,0,0.0,2,2,1,0,2,2,1,0,0.02638888888888889
3,0,0.0,3,2,1,0,3,2,2,0,4.259722222222222
3,0,0.0,2,2,1,0,3,2,2,0,4.531666666666666
1,0,0.0,1,1,1,0,1,1,0,0,0.0
3,0,0.0,2,3,1,0,3,2,1,0,3.7891666666666666
4,0,0.0,3,3,2,0,3,2,1,0,4.246944444444445
1,0,0.0,1,1,1,0,1,1,0,0,0.0
2,0,0.0,2,1,2,0,1,2,1,0,6.030277777777778
2,0,0.0,1,1,1,0,2,1,2,0,0.06694444444444445
2,0,0.0,2,2,1,0,2,1,0,0,0.46055555555555555
1,0,0.0,1,1,1,0,1,1,0,0,0.0
1,0,0.0,1,1,1,0,1,1,0,0,0.0
4,0,0.0,1,2,1,0,4,2,3,0,3.2533333333333334
5,0,0.0,3,1,2,0,4,2,4,0,7.368611111111111
4,0,0.0,4,3,2,0,3,2,1,0,1.0883333333333334
8,0,0.0,5,3,2,0,6,2,5,0,6.2475
4,0,0.0,3,2,2,0,3,2,1,0,6.754166666666666
6,0,0.0,4,3,2,0,3,2,1,0,6.635833333333333
2,0,0.0,2,1,1,0,2,1,2,0,5.690833333333333
1,0,0.0,1,1,1,0,1,1,1,0,0.0
38,0,0.0,2,2,2,0,20,2,7,0,7.983888888888889
3,0,0.0,2,2,1,0,3,2,2,0,3.87
2,0,0.0,1,1,1,0,2,1,0,2,1.4008333333333334
4,0,0.0,2,2,1,0,4,2,2,0,2.506666666666667
6,0,0.0,3,4,1,0,6,2,1,0,4.003333333333333
5,0,0.0,4,3,1,0,5,2,3,0,7.87
4,0,0.0,3,3,2,0,3,2,1,0,6.005
4,0,0.0,2,2,1,0,4,2,3,0,7.703055555555555
3,0,0.0,2,3,1,0,3,2,1,0,1.4575
1,0,0.0,1,1,1,0,1,1,1,0,0.0
5,0,0.0,5,3,2,0,4,2,3,0,5.484444444444445
2,0,0.0,2,2,1,0,2,1,0,0,1.2244444444444444
3,0,0.0,2,1,2,0,1,2,1,0,1.4469444444444444
3,0,0.0,2,2,1,0,3,2,2,0,0.9219444444444445
6,0,0.0,3,4,1,0,6,2,1,0,0.07527777777777778
4,0,0.0,4,3,2,0,3,2,1,0,1.7202777777777778
2,0,0.0,1,1,1,0,2,1,0,0,5.44
3,0,0.0,3,1,2,0,2,2,1,0,3.5180555555555557
5,0,0.0,3,3,2,0,4,3,1,0,5.501111111111111
4,0,0.0,2,2,1,0,4,2,3,0,6.245555555555556
2,0,0.0,2,2,1,0,2,2,1,0,4.254722222222222
2,0,0.0,1,1,1,0,2,1,2,0,3.508888888888889
4,0,0.0,4,3,1,0,4,2,2,0,7.626666666666667
1,0,0.0,1,1,1,0,1,1,0,0,0.0
4,0,0.0,3,3,1,0,4,3,1,1,2.6952777777777777
6,0,0.0,2,2,1,0,6,2,4,0,0.6002777777777778
5,0,0.0,2,2,1,0,5,2,3,0,1.9475
5,0,0.0,2,2,1,0,5,2,1,0,5.228611111111111
5,0,0.0,2,2,2,0,4,2,2,0,3.486666666666667
1,0,0.0,1,1,1,0,1,1,0,0,0.0
5,0,0.0,3,3,1,0,5,1,0,0,0.045
1,0,0.0,1,1,1,0,1,1,0,0,0.0
3,0,0.0,1,1,1,0,3,1,0,0,1.3630555555555555
5,0,0.0,3,3,1,0,5,2,3,0,4.239722222222222
4,0,0.0,3,2,1,0,4,2,3,0,7.420277777777778
2,0,0.0,2,1,1,0,2,1,2,0,4.7619444444444445
3,0,0.0,2,1,2,0,1,2,1,0,3.8155555555555556
6,0,0.0,4,2,2,0,4,2,3,0,7.669722222222222
5,0,0.0,4,1,1,0,5,2,4,1,5.622777777777777
5,0,0.0,3,3,1,0,5,2,2,0,4.0280555555555555
4,0,0.0,3,3,1,0,4,1,0,0,3.33
2,0,0.0,1,1,1,0,2,1,0,0,0.018333333333333333
21,0,0.0,4,4,2,0,20,2,9,0,7.166111111111111
3,0,0.0,3,2,1,0,3,2,2,0,0.10944444444444444
5,0,0.0,2,3,1,0,5,2,1,0,6.2555555555555555
2,0,0.0,2,1,1,0,2,2,1,0,1.8386111111111112
6,0,0.0,6,3,1,0,6,2,4,0,3.2144444444444447
1,0,0.0,1,1,1,0,1,1,0,0,0.0
2,0,0.0,2,2,1,0,2,2,1,0,2.1008333333333336
3,0,0.0,1,2,1,0,3,2,2,0,3.7533333333333334
6,0,0.0,5,2,1,0,6,3,4,1,5.302222222222222
3,0,0.0,2,2,2,0,2,2,1,0,0.9972222222222222
3,0,0.0,2,1,2,0,1,2,1,0,0.049166666666666664
2,0,0.0,2,1,1,0,2,1,2,0,5.4463888888888885
1,0,0.0,1,1,1,0,1,1,0,0,0.0
4,0,0.0,3,4,1,0,4,2,1,0,6.497222222222222
2,0,0.0,2,1,2,0,1,2,1,0,6.353055555555556
3,0,0.0,3,3,2,0,2,1,0,0,4.8502777777777775
13,0,0.0,4,5,2,0,12,3,3,1,7.882777777777778
1,0,0.0,1,1,1,0,1,1,0,0,0.0
300,0,0.0,15,16,2,0,297,2,149,0,8.654166666666667
3,0,0.0,3,3,2,0,2,1,0,0,0.7688888888888888
1,0,0.0,1,1,1,0,1,1,1,0,0.0
1,0,0.0,1,1,1,0,1,1,1,0,0.0
4,0,0.0,2,2,1,0,4,1,0,0,5.337777777777778
4,0,0.0,2,2,1,0,4,3,2,1,8.083055555555555
1,1,1.0,1,1,1,0,0,1,0,0,0.0
3,0,0.0,2,2,1,0,3,2,1,0,4.367222222222222
4,0,0.0,4,4,2,0,3,2,0,0,1.0519444444444443
1,0,0.0,1,1,1,0,1,1,1,0,0.0
24,0,0.0,4,4,1,0,24,3,12,1,7.833888888888889
4,0,0.0,2,2,1,0,4,3,2,1,3.9516666666666667
2,0,0.0,2,1,1,0,2,1,2,0,2.8313888888888887
31,0,0.0,2,2,2,0,17,2,12,0,8.456111111111111
2,0,0.0,2,2,1,0,2,1,0,0,2.2244444444444444
5,0,0.0,3,3,2,0,3,2,1,0,5.5325
1,0,0.0,1,1,1,0,1,1,0,0,0.0
1,0,0.0,1,1,1,0,1,1,1,0,0.0
3,0,0.0,3,2,1,0,3,2,2,0,1.5647222222222221
3,0,0.0,3,1,2,0,2,3,1,1,0.8058333333333333
5,0,0.0,3,3,1,0,5,3,1,1,0.16166666666666665
6,0,0.0,3,3,2,0,5,2,0,2,5.773611111111111
1,0,0.0,1,1,1,0,1,1,0,0,0.0
1,0,0.0,1,1,1,0,0,1,0,0,0.0
2,0,0.0,2,2,1,0,2,2,1,0,0.4197222222222222
3,0,0.0,2,2,1,0,3,2,2,0,0.24055555555555555
4,0,0.0,2,2,2,0,3,2,2,0,2.5775
4,0,0.0,4,2,2,0,3,2,2,0,1.5516666666666667
2,0,0.0,1,2,1,0,2,2,1,0,3.2525
2,0,0.0,2,2,1,0,2,1,2,0,0.015555555555555555
1,0,0.0,1,1,1,0,1,1,0,0,0.0
3,0,0.0,2,2,2,0,2,3,1,0,3.2358333333333333
1,0,0.0,1,1,1,0,1,1,0,0,0.0
2,0,0.0,1,1,2,0,1,2,1,0,0.0325
7,0,0.0,3,2,2,0,6,2,4,0,6.871944444444445
5,0,0.0,3,2,2,0,4,2,3,0,7.091666666666667
1,0,0.0,1,1,1,0,0,1,0,0,0.0
2,0,0.0,1,2,1,0,2,2,1,0,0.006111111111111111
2,0,0.0,1,1,2,0,1,2,1,0,0.002777777777777778
4,0,0.0,2,2,1,0,4,3,2,1,1.36
2,0,0.0,2,2,1,0,2,2,1,0,0.10805555555555556
5,1,0.2,4,4,3,0,3,3,1,0,6.661666666666667
1,0,0.0,1,1,1,0,1,1,1,0,0.0
3,0,0.0,3,2,2,0,2,2,1,0,0.9061111111111111
1,0,0.0,1,1,1,0,1,1,0,0,0.0
5,0,0.0,4,3,2,0,4,2,1,0,6.7491666666666665
3,0,0.0,2,2,1,0,3,1,0,0,3.4319444444444445
10,0,0.0,6,6,1,0,10,2,4,0,5.633055555555556
6,0,0.0,3,4,1,0,6,2,3,0,1.323611111111111
2,0,0.0,2,1,1,0,2,2,1,1,0.5166666666666667
5,0,0.0,3,2,2,0,3,2,1,0,6.945
2,0,0.0,2,2,1,0,2,2,1,0,1.115
5,0,0.0,4,2,1,0,5,3,3,1,2.0230555555555556
4,0,0.0,3,2,1,0,4,3,2,1,5.598888888888889
9,0,0.0,4,4,2,0,8,2,4,0,6.096111111111111
1,0,0.0,1,1,1,0,1,1,1,0,0.0
5,0,0.0,3,2,1,0,5,2,4,0,0.6275
6,0,0.0,4,3,2,0,4,2,2,0,6.553888888888889
3,0,0.0,1,2,1,0,3,2,1,0,4.498055555555555
3,0,0.0,3,3,1,0,3,2,1,0,1.1891666666666667
8,0,0.0,2,3,1,0,8,2,3,0,7.096111111111111
3,0,0.0,2,2,1,0,3,2,2,0,3.375
2,0,0.0,2,2,1,0,2,1,0,0,0.3794444444444444
2,0,0.0,2,2,1,0,2,2,1,0,5.058333333333334
4,0,0.0,2,2,1,0,4,2,1,0,5.754444444444444
6,0,0.0,4,5,1,0,6,2,1,0,3.999722222222222
8,0,0.0,3,2,2,0,7,2,5,0,6.253888888888889
3,0,0.0,2,2,1,0,3,2,2,0,1.4477777777777778
1,0,0.0,1,1,1,0,1,1,1,0,0.0
3,0,0.0,3,2,2,0,1,1,0,0,7.143611111111111
2,0,0.0,2,2,1,0,2,2,1,0,5.342222222222222
2,0,0.0,2,1,2,0,1,2,1,0,1.0866666666666667
34,0,0.0,2,2,2,0,19,2,8,0,7.472777777777778
6,0,0.0,4,2,3,0,4,3,3,0,3.861666666666667
8,0,0.0,5,5,1,0,8,3,3,1,7.974444444444444
6,0,0.0,2,2,2,0,5,2,2,0,7.3125
3,0,0.0,1,2,1,0,3,2,1,0,5.235833333333333
4,0,0.0,3,3,2,0,3,1,0,0,3.4766666666666666
2,0,0.0,1,2,1,0,2,2,1,0,2.242777777777778
6,0,0.0,6,2,3,0,4,3,3,0,5.516666666666667
3,0,0.0,3,2,2,0,2,2,1,0,0.06055555555555556
5,0,0.0,2,2,1,0,5,2,3,0,4.448333333333333
3,0,0.0,2,2,2,0,2,2,1,0,6.431111111111111
2,0,0.0,2,2,2,0,1,2,0,0,0.0019444444444444444
2,0,0.0,1,1,1,0,2,1,2,0,0.024722222222222222
1,0,0.0,1,1,1,0,1,1,1,0,0.0
3,0,0.0,1,2,1,0,3,2,2,0,4.749722222222222
5,0,0.0,4,3,2,0,4,2,2,0,6.972777777777778
2,0,0.0,1,1,1,0,2,1,2,0,0.5011111111111111
8,0,0.0,3,4,1,0,8,3,3,2,6.645555555555555
2,0,0.0,2,1,1,0,2,1,2,0,1.4069444444444446
1,0,0.0,1,1,1,0,1,1,0,0,0.0
2,0,0.0,2,2,1,0,2,2,1,0,0.10055555555555555
4,0,0.0,2,2,1,0,4,2,2,0,1.761388888888889
5,0,0.0,3,3,1,0,5,2,3,0,0.22333333333333333
5,0,0.0,3,3,1,0,5,1,0,0,0.16305555555555556
3,0,0.0,2,2,1,0,3,2,2,0,8.200277777777778
56,0,0.0,4,8,1,0,56,3,31,0,8.488888888888889
2,0,0.0,2,2,1,0,2,2,1,0,0.285
1,0,0.0,1,1,1,0,1,1,1,0,0.0
5,0,0.0,4,3,1,0,5,2,3,0,6.506944444444445
4,0,0.0,1,2,1,0,4,2,3,0,5.998333333333333
2,0,0.0,2,1,1,0,2,2,1,1,0.21611111111111111
4,0,0.0,3,2,2,0,3,2,2,0,0.21055555555555555
5,0,0.0,2,3,1,0,5,2,3,0,0.06666666666666667
1,0,0.0,1,1,1,0,0,1,0,0,0.0
18,0,0.0,2,3,1,0,18,2,13,0,7.183333333333334
7,0,0.0,2,2,2,0,5,2,2,0,8.106666666666667
1,0,0.0,1,1,1,0,1,1,1,0,0.0
2,0,0.0,1,1,1,0,2,1,0,0,0.7716666666666666
1,0,0.0,1,1,1,0,1,1,0,0,0.0
5,0,0.0,3,2,1,0,5,2,3,0,0.06583333333333333
2,0,0.0,2,2,1,0,2,1,0,0,0.16694444444444445
2,0,0.0,1,1,1,0,2,1,0,0,0.0275
3,0,0.0,2,2,1,0,3,2,2,0,5.150833333333333
5,0,0.0,3,3,1,0,5,3,2,1,4.939722222222223
1,0,0.0,1,1,1,0,1,1,1,0,0.0
2,0,0.0,2,1,1,0,2,1,2,0,0.0175
6,0,0.0,2,3,1,0,6,2,1,0,5.246666666666667
1,0,0.0,1,1,1,0,1,1,1,0,0.0
1,0,0.0,1,1,1,0,1,1,1,0,0.0
3,0,0.0,3,3,1,0,3,2,1,0,1.8194444444444444
5,0,0.0,3,3,1,0,5,2,2,0,3.837222222222222
3,0,0.0,2,3,1,0,3,2,1,0,1.1875
2,0,0.0,2,1,2,0,0,2,0,0,0.03777777777777778
6,0,0.0,3,3,2,0,5,2,3,0,7.243888888888889
3,0,0.0,3,3,1,0,3,2,1,0,5.387222222222222
3,0,0.0,2,2,1,0,3,3,1,1,6.755833333333333
1,0,0.0,1,1,1,0,1,1,1,0,0.0
3,0,0.0,2,3,1,0,3,2,1,0,2.611388888888889
5,0,0.0,4,3,1,0,5,2,3,0,1.9030555555555555
4,0,0.0,1,2,2,0,3,2,1,0,5.598888888888889
3,0,0.0,1,2,1,0,3,2,2,0,4.746944444444445
1,0,0.0,1,1,1,0,1,1,1,0,0.0
4,0,0.0,3,2,1,0,4,3,1,2,6.982777777777778
1,0,0.0,1,1,1,0,1,1,0,0,0.0
3,0,0.0,1,2,1,0,3,2,1,0,1.4883333333333333
9,0,0.0,2,2,2,0,8,2,7,0,7.619722222222222
1,0,0.0,1,1,1,0,1,1,1,0,0.0
2,0,0.0,2,1,1,0,2,1,2,0,0.15944444444444444
2,0,0.0,2,2,2,0,1,1,0,0,0.0022222222222222222
1,0,0.0,1,1,1,0,1,1,0,0,0.0
4,1,0.25,3,3,3,0,2,3,1,0,7.048611111111111
2,0,0.0,1,1,1,0,2,1,2,0,3.471111111111111
7,0,0.0,3,3,1,0,7,2,3,0,5.4975
3,0,0.0,3,2,2,0,2,2,1,0,0.027777777777777776
4,0,0.0,4,3,1,0,4,3,1,1,5.041388888888889
4,0,0.0,4,3,2,0,3,2,1,0,7.125
5,0,0.0,3,1,1,0,5,1,5,0,0.19166666666666668
2,0,0.0,2,2,1,0,2,2,0,1,1.6391666666666667
2,0,0.0,1,1,1,0,2,1,0,0,0.004722222222222222
3,0,0.0,3,2,2,0,2,2,1,0,1.1783333333333332
2,0,0.0,2,2,1,0,2,2,1,0,0.8138888888888889
2,0,0.0,2,1,2,0,1,2,1,0,0.009166666666666667
7,0,0.0,6,3,2,0,5,2,3,0,0.4041666666666667
1,0,0.0,1,1,1,0,1,1,0,0,0.0
7,0,0.0,3,3,1,0,7,2,4,0,7.430555555555555
3,0,0.0,2,3,1,0,3,2,1,0,2.8033333333333332
2,0,0.0,2,2,1,0,2,2,1,0,3.2066666666666666
3,0,0.0,2,1,2,0,2,2,1,0,3.2144444444444447
5,0,0.0,5,4,1,0,5,2,3,0,5.289166666666667
4,0,0.0,3,1,2,0,3,2,2,0,3.9769444444444444
4,0,0.0,2,3,1,0,4,2,1,0,7.2058333333333335
7,0,0.0,5,4,2,0,6,2,1,0,7.775
2,0,0.0,1,2,1,0,2,2,1,0,0.9938888888888889
5,0,0.0,4,2,2,0,3,3,1,1,6.106944444444444
8,0,0.0,5,5,1,0,8,2,2,0,5.238888888888889
3,0,0.0,2,2,2,0,2,1,0,0,0.23166666666666666
4,0,0.0,2,3,1,0,4,2,1,0,4.829166666666667
1,0,0.0,1,1,1,0,1,1,1,0,0.0
1,0,0.0,1,1,1,0,0,1,0,0,0.0
2,0,0.0,2,1,1,0,2,1,2,0,1.6725
1,0,0.0,1,1,1,0,1,1,1,0,0.0
2,0,0.0,2,2,2,0,1,1,0,0,0.07361111111111111
3,0,0.0,2,2,2,0,2,2,1,0,4.781944444444444
4,0,0.0,2,3,2,0,3,2,1,0,4.4725
3,0,0.0,1,2,1,0,3,2,1,0,0.060833333333333336
2,0,0.0,1,1,1,0,2,1,2,0,7.623611111111111
1,0,0.0,1,1,1,0,1,1,1,0,0.0
9,0,0.0,3,3,1,0,9,3,2,2,8.05
2,0,0.0,1,2,1,0,2,2,1,0,0.10027777777777777
2,0,0.0,1,2,1,0,2,2,1,0,2.486666666666667
4,0,0.0,3,3,1,0,4,2,2,0,5.210277777777778
3,0,0.0,2,2,1,0,3,2,2,0,2.8630555555555555
4,0,0.0,3,1,2,0,1,2,1,0,7.903611111111111
1,0,0.0,1,1,1,0,0,1,0,0,0.0
4,0,0.0,1,2,1,0,4,2,2,0,5.506666666666667
2,0,0.0,2,1,1,0,2,1,2,0,0.2575
5,0,0.0,3,3,2,0,3,2,1,0,5.974166666666667
10,0,0.0,4,3,3,0,8,3,1,0,8.011944444444444
4,0,0.0,3,3,1,0,4,2,2,0,4.795555555555556
6,0,0.0,4,2,2,0,5,3,3,1,6.72
2,0,0.0,2,1,2,0,1,2,1,0,2.213888888888889
4,0,0.0,3,2,2,0,3,2,2,0,2.1108333333333333
2,0,0.0,1,2,1,0,2,2,1,0,3.0991666666666666
4,0,0.0,3,3,2,0,3,2,1,0,6.9688888888888885
4,0,0.0,1,1,1,0,4,1,4,0,7.832222222222223
6,0,0.0,4,3,1,0,6,3,1,1,6.851666666666667
7,0,0.0,4,3,2,0,6,2,3,0,5.988888888888889
1,0,0.0,1,1,1,0,1,1,1,0,0.0
3,0,0.0,2,2,2,0,2,2,1,0,3.7005555555555554
2,0,0.0,2,1,1,0,2,1,2,0,0.08027777777777778
2,0,0.0,2,2,1,0,2,1,0,0,3.375
2,0,0.0,1,2,2,0,1,1,0,0,0.03833333333333333
6,0,0.0,2,2,2,0,5,2,3,0,6.500555555555556
1,0,0.0,1,1,1,0,1,1,0,0,0.0
3,0,0.0,1,2,1,0,3,2,1,0,2.1886111111111113
4,0,0.0,4,4,1,0,4,2,1,0,3.5208333333333335
3,0,0.0,3,1,2,0,2,2,2,0,0.27805555555555556
1,0,0.0,1,1,1,0,1,1,1,0,0.0
5,0,0.0,3,3,2,0,4,3,2,0,7.539722222222222
5,0,0.0,3,4,1,0,5,2,2,0,5.015
3,0,0.0,3,1,2,0,2,2,2,0,0.13166666666666665
7,0,0.0,1,2,1,0,7,2,3,0,6.581666666666667
1,0,0.0,1,1,1,0,0,1,0,0,0.0
10,0,0.0,4,3,1,0,10,2,6,0,7.822777777777778
6,0,0.0,3,3,2,0,5,2,2,0,7.038333333333333
4,0,0.0,3,2,1,0,4,2,3,0,6.070555555555556
2,0,0.0,1,2,1,0,2,2,1,0,8.393055555555556
5,0,0.0,2,3,1,0,5,2,2,0,3.352222222222222
4,0,0.0,4,2,2,0,1,1,0,0,0.09166666666666666
4,0,0.0,4,2,2,0,3,2,2,0,5.0875
2,0,0.0,2,2,1,0,2,2,1,0,0.7663888888888889
2,0,0.0,2,2,1,0,2,2,1,0,1.9219444444444445
2,0,0.0,1,2,1,0,2,2,1,0,2.8705555555555557
4,0,0.0,2,2,2,0,3,2,1,0,6.757777777777778
4,0,0.0,3,3,1,0,4,2,2,0,8.267777777777777
1,0,0.0,1,1,1,0,0,1,0,0,0.0
3,0,0.0,2,2,1,0,3,3,1,1,1.7772222222222223
6,0,0.0,4,2,2,0,3,2,2,0,6.283888888888889
4,0,0.0,3,3,1,0,4,2,1,0,4.5152777777777775
1,0,0.0,1,1,1,0,1,1,0,0,0.0
1,0,0.0,1,1,1,0,1,1,1,0,0.0
3,0,0.0,3,3,1,0,3,2,1,0,5.2619444444444445
3,0,0.0,3,2,2,0,2,1,0,0,4.586111111111111
4,0,0.0,2,3,1,0,4,2,1,0,7.268888888888889
1,0,0.0,1,1,1,0,1,1,1,0,0.0
3,0,0.0,2,2,1,0,3,1,0,0,5.916111111111111
4,0,0.0,2,2,2,0,3,2,2,0,7.4225
2,0,0.0,2,2,1,0,2,2,1,0,0.08972222222222222
2,0,0.0,2,2,1,0,2,2,1,0,0.011666666666666667
2,0,0.0,2,2,2,0,1,1,0,0,0.08916666666666667
2,0,0.0,1,2,1,0,2,2,1,0,0.5033333333333333
1,0,0.0,1,1,1,0,1,1,0,0,0.0
6,0,0.0,3,3,1,0,6,3,3,1,7.2588888888888885
3,0,0.0,2,2,1,0,3,1,0,0,6.476666666666667
3,0,0.0,2,2,1,0,3,2,2,0,3.0652777777777778
2,0,0.0,1,1,1,0,2,1,2,0,0.24972222222222223
1,0,0.0,1,1,1,0,0,1,0,0,0.0
6,0,0.0,4,1,3,0,1,3,1,0,1.7830555555555556
1,0,0.0,1,1,1,0,0,1,0,0,0.0
2,0,0.0,2,2,2,0,1,1,0,0,0.001388888888888889
1,0,0.0,1,1,1,0,1,1,0,0,0.0
3,0,0.0,3,3,1,0,3,2,1,0,6.913333333333333
1,0,0.0,1,1,1,0,0,1,0,0,0.0
3,0,0.0,2,2,1,0,3,2,1,0,1.468611111111111
6,0,0.0,5,2,2,0,5,3,3,1,7.7025
3,0,0.0,2,2,1,0,3,2,2,0,3.9544444444444444
1,0,0.0,1,1,1,0,1,1,1,0,0.0
6,0,0.0,1,2,1,0,6,2,2,0,6.256111111111111
7,0,0.0,5,4,2,0,6,2,3,0,4.0119444444444445
3,0,0.0,3,3,1,0,3,1,0,0,7.171111111111111
3,0,0.0,2,3,1,0,3,2,1,0,5.7363888888888885
1,0,0.0,1,1,1,0,1,1,1,0,0.0
8,0,0.0,3,3,2,0,7,2,3,0,6.763333333333334
2,0,0.0,1,2,2,0,1,1,0,0,0.0044444444444444444
2,0,0.0,1,2,1,0,2,2,1,0,1.3716666666666666
2,0,0.0,2,2,1,0,2,2,1,0,4.2380555555555555
4,0,0.0,3,3,1,0,4,2,2,0,4.016388888888889
4,0,0.0,2,2,1,0,4,2,3,0,1.4419444444444445
4,0,0.0,4,3,2,0,3,2,1,0,5.268888888888889
2,0,0.0,2,2,1,0,2,1,0,0,3.7616666666666667
3,0,0.0,3,3,1,0,3,2,1,0,6.6866666666666665
1,0,0.0,1,1,1,0,0,1,0,0,0.0
12,0,0.0,6,6,2,0,10,2,3,0,8.448055555555555
1,0,0.0,1,1,1,0,1,1,0,0,0.0
3,0,0.0,3,1,2,0,2,2,2,0,0.012222222222222223
2,0,0.0,1,1,2,0,1,2,1,0,2.756111111111111
7,0,0.0,3,3,1,0,7,2,3,0,5.289444444444444
2,0,0.0,2,1,1,0,2,1,2,0,1.261388888888889
4,0,0.0,1,2,2,0,3,2,0,1,1.7094444444444445
4,0,0.0,3,3,2,0,3,2,1,0,1.76
3,0,0.0,2,2,2,0,1,2,1,0,6.9783333333333335
4,0,0.0,2,3,1,0,4,2,2,0,1.8125
1,0,0.0,1,1,1,0,1,1,1,0,0.0
1,0,0.0,1,1,1,0,1,1,0,0,0.0
3,0,0.0,3,3,1,0,3,2,1,0,4.235
1,0,0.0,1,1,1,0,1,1,1,0,0.0
5,0,0.0,2,3,1,0,5,2,2,0,5.635277777777778
1,0,0.0,1,1,1,0,0,1,0,0,0.0
1,0,0.0,1,1,1,0,1,1,1,0,0.0
2,0,0.0,2,2,1,0,2,2,1,0,4.4686111111111115
9,0,0.0,2,2,2,0,8,3,6,0,6.988611111111111
3,0,0.0,2,2,1,0,3,2,1,0,2.750277777777778
1,0,0.0,1,1,1,0,1,1,1,0,0.0
2,0,0.0,1,1,1,0,2,1,0,0,0.49444444444444446
1,0,0.0,1,1,1,0,0,1,0,0,0.0
2,0,0.0,2,2,1,0,2,1,0,0,5.838055555555556
4,0,0.0,3,2,1,0,4,3,1,2,8.012222222222222
35,0,0.0,2,2,2,0,18,2,9,0,8.438333333333333
2,0,0.0,2,2,2,0,1,1,0,0,1.6044444444444443
4,0,0.0,2,2,2,0,3,2,1,0,0.9072222222222223
1,0,0.0,1,1,1,0,1,1,0,0,0.0
2,0,0.0,1,1,1,0,2,1,0,0,0.002777777777777778
2,0,0.0,2,1,1,0,2,1,2,0,2.8919444444444444
2,0,0.0,2,2,1,0,2,1,0,0,5.586111111111111
5,0,0.0,3,3,1,0,5,1,0,0,2.481388888888889
3,0,0.0,2,2,1,0,3,2,2,0,3.7063888888888887
6,0,0.0,2,2,1,0,6,2,4,0,4.895
3,0,0.0,3,2,2,0,2,2,1,0,6.497222222222222
1,0,0.0,1,1,1,0,1,1,1,0,0.0
2,0,0.0,2,2,1,0,2,2,1,0,5.4925
5,0,0.0,2,2,1,0,5,2,4,0,5.434166666666667
3,0,0.0,3,2,1,0,3,2,2,0,3.620277777777778
8,0,0.0,3,4,1,0,8,2,3,0,4.195
21,0,0.0,3,4,1,0,21,2,11,0,8.050555555555556
4,0,0.0,2,3,2,0,3,2,1,0,8.04861111111111
2,0,0.0,2,2,2,0,1,1,0,0,3.9944444444444445
2,0,0.0,2,2,1,0,2,1,0,0,0.06722222222222222
2,0,0.0,2,2,1,0,2,2,1,0,1.3002777777777779
4,0,0.0,3,1,1,0,4,2,3,1,4.841944444444445
2,0,0.0,2,1,1,0,2,2,1,1,5.225
3,0,0.0,1,2,1,0,3,2,1,0,3.6358333333333333
5,0,0.0,3,3,1,0,5,2,3,0,2.3044444444444445
1,0,0.0,1,1,1,0,1,1,0,0,0.0
1,0,0.0,1,1,1,0,1,1,1,0,0.0
6,0,0.0,2,3,1,0,6,2,4,0,7.123611111111111
1,0,0.0,1,1,1,0,1,1,1,0,0.0
5,0,0.0,3,3,2,0,4,3,1,1,2.156388888888889
2,0,0.0,2,2,1,0,2,2,1,0,4.798611111111111
2,0,0.0,1,2,1,0,2,2,1,0,1.7533333333333334
5,0,0.0,2,3,1,0,5,3,1,1,6.278888888888889
4,0,0.0,2,3,1,0,4,2,2,0,6.813611111111111
2,0,0.0,1,2,1,0,2,2,0,1,1.9516666666666667
3,0,0.0,2,3,1,0,3,2,1,0,2.995833333333333
5,0,0.0,3,2,3,0,2,2,0,0,8.015555555555556
5,0,0.0,2,3,1,0,5,2,3,0,7.565555555555555
5,0,0.0,2,2,2,0,4,3,2,1,6.311111111111111
6,0,0.0,2,2,1,0,6,3,3,1,8.349444444444444
1,0,0.0,1,1,1,0,0,1,0,0,0.0
3,0,0.0,2,1,2,0,2,2,2,0,3.7583333333333333
6,0,0.0,5,4,1,0,6,2,2,0,6.994166666666667
2,0,0.0,2,2,1,0,2,2,1,0,6.677777777777778
5,0,0.0,5,2,1,0,5,2,3,0,8.012222222222222
5,0,0.0,3,2,2,0,3,2,3,0,3.885
1,0,0.0,1,1,1,0,1,1,0,0,0.0
5,0,0.0,3,3,2,0,4,2,2,0,5.3116666666666665
3,0,0.0,3,3,2,0,2,1,0,0,0.10166666666666667
4,0,0.0,2,2,1,0,4,2,3,0,8.191666666666666
3,0,0.0,2,2,1,0,3,2,2,0,1.551388888888889
1,0,0.0,1,1,1,0,1,1,1,0,0.0
6,0,0.0,1,1,2,0,5,2,2,0,5.766666666666667
1,0,0.0,1,1,1,0,1,1,1,0,0.0
1,0,0.0,1,1,1,0,1,1,1,0,0.0
5,0,0.0,4,4,1,0,5,1,0,0,7.4655555555555555
1,0,0.0,1,1,1,0,0,1,0,0,0.0
6,0,0.0,4,3,2,0,5,2,3,0,5.541388888888889
3,0,0.0,3,3,2,0,2,1,0,0,6.191388888888889
2,0,0.0,2,2,1,0,2,1,0,0,3.2816666666666667
3,0,0.0,2,2,1,0,3,2,1,0,3.6544444444444446
4,0,0.0,2,2,2,0,3,2,1,0,5.148055555555556
1,0,0.0,1,1,1,0,1,1,1,0,0.0
1,0,0.0,1,1,1,0,1,1,1,0,0.0
4,0,0.0,4,3,1,0,4,2,2,0,7.420833333333333
1,0,0.0,1,1,1,0,1,1,1,0,0.0
130,0,0.0,12,11,2,0,124,3,53,4,8.627777777777778
5,0,0.0,2,2,2,0,4,2,3,0,6.7475
5,0,0.0,3,3,1,0,5,2,3,0,6.941388888888889
2,0,0.0,2,2,1,0,2,2,0,1,0.1686111111111111
6,0,0.0,4,3,1,0,6,2,3,0,8.48611111111111
2,0,0.0,2,1,1,0,2,1,2,0,4.735
1,0,0.0,1,1,1,0,1,1,0,0,0.0
8,0,0.0,2,1,2,0,1,2,1,0,3.8755555555555556
4,0,0.0,2,3,1,0,4,2,1,0,5.495833333333334
2,0,0.0,2,2,1,0,2,2,1,0,3.6663888888888887
4,0,0.0,4,3,1,0,4,2,2,0,0.015
3,0,0.0,2,2,1,0,3,2,2,0,3.7591666666666668
2,0,0.0,2,2,1,0,2,2,1,0,3.1133333333333333
2,0,0.0,2,2,1,0,2,1,0,0,0.7905555555555556
5,0,0.0,5,5,2,0,4,1,0,0,6.8244444444444445
2,0,0.0,1,1,1,0,2,1,0,0,0.03166666666666667
24,0,0.0,4,2,2,0,23,2,4,0,8.063888888888888
2,0,0.0,2,1,2,0,1,2,1,0,2.9294444444444445
6,0,0.0,3,3,2,0,5,2,3,0,6.627222222222223
2,0,0.0,1,2,1,0,2,2,1,0,2.486666666666667
3,0,0.0,3,3,2,0,2,1,0,0,3.233611111111111
3,0,0.0,2,2,1,0,3,2,2,0,1.295
3,0,0.0,3,3,1,0,3,1,0,0,5.674722222222222
1,0,0.0,1,1,1,0,1,1,1,0,0.0
4,0,0.0,2,3,1,0,4,2,2,0,3.75
2,0,0.0,1,1,1,0,2,1,0,2,0.12416666666666666
2,0,0.0,2,2,2,0,1,1,0,0,4.228611111111111
4,0,0.0,2,2,1,0,4,3,1,2,4.190833333333333
2,0,0.0,2,2,2,0,1,1,0,0,1.3783333333333334
7,0,0.0,2,2,2,0,6,2,3,0,7.498888888888889
4,0,0.0,1,1,1,0,4,1,0,0,7.059166666666667
2,0,0.0,2,1,2,0,1,2,1,0,0.018333333333333333
2,0,0.0,1,1,1,0,2,1,0,0,0.75
4,0,0.0,3,3,1,0,4,2,1,0,3.7455555555555557
2,0,0.0,2,1,1,0,2,2,1,1,3.3027777777777776
6,0,0.0,2,3,1,0,6,2,2,0,8.515833333333333
2,0,0.0,2,2,1,0,2,2,1,0,0.8705555555555555
3,0,0.0,3,1,1,0,3,2,2,1,1.66
2,0,0.0,2,2,1,0,2,1,0,0,0.030555555555555555
3,0,0.0,2,2,2,0,2,2,1,0,1.9977777777777779
5,0,0.0,4,4,2,0,4,2,1,0,5.857777777777778
6,0,0.0,4,4,1,0,6,2,2,0,6.326666666666667
1,0,0.0,1,1,1,0,1,1,1,0,0.0
7,0,0.0,3,3,1,0,7,3,2,1,6.9030555555555555
4,0,0.0,4,3,1,0,4,2,3,0,4.884722222222222
5,0,0.0,3,3,2,0,4,2,2,0,7.338055555555556
4,0,0.0,4,2,2,0,3,2,2,0,5.531666666666666
2,0,0.0,1,2,1,0,2,2,1,0,0.925
4,0,0.0,2,2,1,0,4,1,0,0,4.001388888888889
1,0,0.0,1,1,1,0,1,1,1,0,0.0
5,0,0.0,2,3,1,0,5,2,2,0,4.226944444444444
7,0,0.0,3,3,1,0,7,2,2,0,7.096666666666667
5,0,0.0,2,2,1,0,5,2,4,0,3.3419444444444446
6,0,0.0,4,2,2,0,5,2,4,0,5.0475
3,0,0.0,2,3,1,0,3,2,1,0,4.493611111111111
5,0,0.0,2,3,1,0,5,2,1,0,4.942777777777778
7,0,0.0,3,3,1,0,7,3,3,1,8.213888888888889
3,0,0.0,2,2,1,0,3,2,2,0,6.486944444444444
3,0,0.0,2,2,1,0,3,1,0,0,3.254166666666667
2,0,0.0,1,2,1,0,2,2,1,0,2.0
19,0,0.0,7,3,2,0,14,2,9,0,7.400555555555556
2,0,0.0,2,2,1,0,2,2,1,0,5.246666666666667
1,0,0.0,1,1,1,0,1,1,1,0,0.0
3,0,0.0,3,2,2,0,2,2,1,0,0.010277777777777778
3,0,0.0,3,3,1,0,3,2,1,0,6.739444444444445
3,0,0.0,3,3,1,0,3,2,1,0,8.14861111111111
1,0,0.0,1,1,1,0,1,1,1,0,0.0
1,0,0.0,1,1,1,0,1,1,1,0,0.0
3,0,0.0,3,1,2,0,2,2,2,0,7.510833333333333
2,0,0.0,1,2,1,0,2,2,1,0,0.8363888888888888
4,0,0.0,4,4,1,0,4,2,1,0,4.865555555555556
2,0,0.0,2,2,1,0,2,1,0,0,1.36
1,0,0.0,1,1,1,0,1,1,1,0,0.0
1,0,0.0,1,1,1,0,1,1,0,0,0.0
5,0,0.0,3,1,2,0,3,2,3,0,6.7475
2,0,0.0,1,2,2,0,1,1,0,0,1.6647222222222222
4,0,0.0,3,2,2,0,1,1,0,0,5.563055555555556
3,0,0.0,3,2,2,0,2,2,0,1,5.365833333333334
1,0,0.0,1,1,1,0,0,1,0,0,0.0
3,0,0.0,2,2,1,0,3,1,0,0,2.3941666666666666
2,0,0.0,2,2,2,0,1,1,0,0,0.6913888888888889
1,0,0.0,1,1,1,0,1,1,0,0,0.0
39,0,0.0,13,11,3,0,34,3,15,0,8.138055555555555
2,0,0.0,1,1,1,0,2,1,2,0,3.0233333333333334
9,0,0.0,4,3,1,0,9,2,3,0,8.240277777777777
5,0,0.0,3,3,1,0,5,2,2,0,4.2325
3,0,0.0,3,3,2,0,2,1,0,0,4.601944444444444
3,0,0.0,3,3,1,0,3,2,1,0,3.0230555555555556
2,0,0.0,2,2,1,0,2,2,1,0,0.8613888888888889
4,0,0.0,2,1,2,0,3,2,2,0,5.746666666666667
10,0,0.0,3,3,2,0,9,2,5,0,6.493888888888889
8,0,0.0,6,4,1,0,8,2,3,0,6.775277777777778
1,0,0.0,1,1,1,0,1,1,0,0,0.0
4,0,0.0,2,2,1,0,4,2,3,0,5.7252777777777775
2,0,0.0,1,1,1,0,2,1,0,0,1.9547222222222222
3,0,0.0,2,2,2,0,2,1,0,0,3.6105555555555555
3,0,0.0,2,2,1,0,3,2,1,0,5.136111111111111
3,0,0.0,2,2,2,0,2,2,1,0,3.6858333333333335
6,0,0.0,3,3,1,0,6,2,2,0,6.817222222222222
5,0,0.0,5,2,2,0,3,2,2,0,4.75
2,0,0.0,2,2,1,0,2,1,2,0,2.678611111111111
1,0,0.0,1,1,1,0,1,1,0,0,0.0
4,0,0.0,1,2,1,0,4,2,3,0,5.62
3,0,0.0,2,3,1,0,3,2,1,0,1.6608333333333334
2,0,0.0,2,1,1,0,2,2,1,0,8.149722222222222
4,0,0.0,1,1,1,0,4,1,0,0,5.039444444444444
2,0,0.0,1,1,1,0,2,1,2,0,1.3611111111111112
2,0,0.0,2,2,1,0,2,1,0,0,3.621111111111111
4,0,0.0,2,3,2,0,3,2,1,0,6.941666666666666
2,0,0.0,1,1,1,0,2,1,2,0,2.2580555555555555
8,0,0.0,3,2,3,0,5,3,4,0,7.085
3,0,0.0,1,2,1,0,3,2,1,0,5.497222222222222
3,0,0.0,3,1,1,0,3,1,3,0,3.6908333333333334
2,0,0.0,2,2,1,0,2,2,1,0,3.4672222222222224
1,0,0.0,1,1,1,0,1,1,0,0,0.0
3,0,0.0,2,2,2,0,2,1,0,0,0.6063888888888889
3,0,0.0,2,1,1,0,3,1,3,0,4.754166666666666
2,0,0.0,2,1,2,0,1,2,1,0,3.283888888888889
2,0,0.0,2,2,1,0,2,2,1,0,0.3363888888888889
1,0,0.0,1,1,1,0,1,1,1,0,0.0
3,0,0.0,2,2,1,0,3,2,1,0,5.557222222222222
14,0,0.0,3,2,2,0,12,2,3,0,7.318888888888889
3,0,0.0,3,2,2,0,2,2,1,0,6.066944444444444
3,0,0.0,2,2,1,0,3,2,2,0,4.441944444444444
2,0,0.0,2,1,1,0,2,1,2,0,2.4383333333333335
9,0,0.0,3,4,2,0,8,2,3,0,8.099444444444444
2,0,0.0,1,1,1,0,2,2,1,1,1.4822222222222223
3,0,0.0,3,2,1,0,3,2,2,0,1.971111111111111
4,0,0.0,3,2,1,0,4,2,2,0,6.057222222222222
5,0,0.0,2,2,1,0,5,2,3,0,3.4030555555555555
7,0,0.0,4,3,1,0,7,3,4,1,5.020555555555555
1,0,0.0,1,1,1,0,1,1,0,0,0.0
2,0,0.0,1,1,1,0,0,1,0,0,0.22055555555555556
2,0,0.0,2,1,2,0,1,2,1,0,2.8994444444444443
8,0,0.0,4,3,2,0,7,2,3,0,6.1786111111111115
47,0,0.0,6,6,1,0,47,2,20,0,8.158333333333333
2,0,0.0,2,2,2,0,1,1,0,0,0.24638888888888888
9,0,0.0,5,3,1,0,9,2,7,0,4.993055555555555
4,0,0.0,1,2,1,0,4,2,3,0,6.253888888888889
3,0,0.0,2,2,2,0,2,2,1,0,4.098055555555556
4,0,0.0,3,1,2,0,2,2,2,0,3.2491666666666665
4,0,0.0,4,4,1,0,4,2,1,0,7.5025
4,0,0.0,3,2,2,0,3,2,2,0,5.700555555555556
4,0,0.0,3,3,1,0,4,2,1,0,7.315277777777778
6,0,0.0,4,4,3,0,4,3,1,0,6.758333333333334
1,0,0.0,1,1,1,0,1,1,1,0,0.0
10,0,0.0,7,6,2,0,9,2,2,0,8.191666666666666
4,0,0.0,3,2,2,0,3,3,1,1,3.9783333333333335
3,0,0.0,2,2,1,0,3,1,0,0,2.5519444444444446
3,0,0.0,2,3,1,0,3,2,1,0,6.973055555555556
4,0,0.0,3,3,1,0,4,2,2,0,3.028888888888889
1,0,0.0,1,1,1,0,0,1,0,0,0.0
4,0,0.0,4,2,2,0,3,3,1,1,0.15444444444444444
6,0,0.0,5,6,2,0,5,2,1,0,2.683333333333333
2,0,0.0,2,2,1,0,2,1,0,0,0.6836111111111111
19,0,0.0,2,2,1,0,19,2,14,0,7.765833333333333
1,0,0.0,1,1,1,0,1,1,0,0,0.0
259,0,0.0,17,14,2,0,252,2,144,0,8.6425
4,0,0.0,2,2,2,0,3,1,0,0,7.396944444444444
7,0,0.0,4,4,1,0,7,2,3,0,7.879722222222222
1,0,0.0,1,1,1,0,1,1,1,0,0.0
4,0,0.0,3,2,2,0,3,2,1,0,6.818888888888889
2,0,0.0,2,2,1,0,2,1,0,0,0.7888888888888889
2,0,0.0,1,1,1,0,2,1,2,0,5.985833333333333
1,0,0.0,1,1,1,0,1,1,0,0,0.0
1,0,0.0,1,1,1,0,1,1,0,0,0.0
4,0,0.0,2,2,1,0,4,2,2,0,7.2780555555555555
1,0,0.0,1,1,1,0,1,1,1,0,0.0
1,0,0.0,1,1,1,0,0,1,0,0,0.0
3,0,0.0,2,2,1,0,3,1,0,0,6.513055555555556
1,0,0.0,1,1,1,0,1,1,0,0,0.0
1,0,0.0,1,1,1,0,1,1,0,0,0.0
4,0,0.0,2,3,1,0,4,2,1,0,2.1058333333333334
1,0,0.0,1,1,1,0,0,1,0,0,0.0
6,0,0.0,5,5,2,0,5,1,0,0,5.982222222222222
3,0,0.0,2,2,2,0,2,2,1,0,6.250277777777778
5,0,0.0,4,3,2,0,4,2,2,0,5.001944444444445
8,0,0.0,3,3,1,0,8,2,4,0,6.972777777777778
9,0,0.0,3,3,1,0,9,2,6,0,8.33611111111111
4,0,0.0,3,3,1,0,4,2,2,0,5.5125
1,0,0.0,1,1,1,0,1,1,1,0,0.0
8,0,0.0,3,3,1,0,8,3,3,1,5.603611111111111
4,0,0.0,2,2,2,0,3,2,1,0,5.371388888888889
3,0,0.0,3,2,2,0,2,2,1,0,6.644166666666667
2,0,0.0,2,1,2,0,1,2,1,0,0.98
4,0,0.0,3,2,2,0,2,2,1,0,7.103611111111111
6,0,0.0,4,2,2,0,5,2,4,0,6.247222222222222
4,0,0.0,2,3,1,0,4,2,1,0,5.233333333333333
1,0,0.0,1,1,1,0,1,1,0,1,0.0
1,0,0.0,1,1,1,0,1,1,1,0,0.0
53,0,0.0,2,2,2,0,30,2,13,0,7.5536111111111115
3,0,0.0,3,3,1,0,3,2,1,0,0.04777777777777778
5,0,0.0,3,3,2,0,4,2,1,0,6.843333333333334
4,0,0.0,1,2,1,0,4,2,1,0,5.346388888888889
5,0,0.0,3,4,1,0,5,2,1,0,5.092222222222222
5,0,0.0,2,3,1,0,5,3,2,1,7.9880555555555555
2,0,0.0,2,2,1,0,2,1,0,0,0.7561111111111111
4,0,0.0,2,3,1,0,4,2,1,0,0.21944444444444444
3,0,0.0,2,1,2,0,1,2,1,0,4.050277777777778
6,0,0.0,3,3,1,0,6,2,3,0,6.6786111111111115
5,0,0.0,3,3,2,0,3,2,0,1,3.312777777777778
3,0,0.0,2,2,1,0,3,2,1,0,3.3230555555555554
6,0,0.0,4,3,1,0,6,2,4,0,5.288611111111111
2,0,0.0,2,2,1,0,2,1,0,0,6.434444444444445
4,0,0.0,3,2,2,0,3,2,1,0,4.748888888888889
6,0,0.0,6,3,2,0,5,4,2,1,6.371666666666667
5,0,0.0,4,2,2,0,4,3,2,1,7.1975
1,0,0.0,1,1,1,0,1,1,1,0,0.0
3,0,0.0,2,2,2,0,2,2,1,0,0.2411111111111111
8,0,0.0,5,4,1,0,8,3,4,1,3.7825
3,0,0.0,3,3,2,0,2,2,0,0,0.49972222222222223
2,0,0.0,2,2,1,0,2,2,0,1,0.13972222222222222
1,0,0.0,1,1,1,0,1,1,0,0,0.0
5,0,0.0,4,2,2,0,4,2,3,0,3.7530555555555556
8,0,0.0,3,3,1,0,8,2,4,0,7.753888888888889
4,0,0.0,4,3,2,0,3,2,1,0,5.0225
4,0,0.0,3,3,1,0,4,2,2,0,5.161111111111111
5,0,0.0,3,2,2,0,4,2,3,0,2.015277777777778
5,0,0.0,3,3,1,0,5,2,3,0,3.4855555555555555
3,0,0.0,2,2,1,0,3,2,1,0,4.245833333333334
2,0,0.0,1,1,1,0,2,1,0,0,0.2088888888888889
1,0,0.0,1,1,1,0,1,1,0,0,0.0
2,0,0.0,2,2,1,0,2,2,1,0,0.11833333333333333
1,0,0.0,1,1,1,0,1,1,0,0,0.0
7,0,0.0,4,3,2,0,6,2,2,0,6.887222222222222
4,0,0.0,2,3,1,0,4,2,1,0,8.150277777777777
3,0,0.0,2,2,2,0,2,1,0,0,0.6186111111111111
2,0,0.0,2,2,1,0,2,2,1,0,1.9166666666666667
1,0,0.0,1,1,1,0,1,1,1,0,0.0
7,0,0.0,4,3,2,0,6,2,3,0,6.086666666666667
5,0,0.0,2,2,1,0,5,3,2,2,5.204166666666667
3,0,0.0,2,2,1,0,3,2,2,0,6.479722222222223
2,0,0.0,1,1,1,0,2,1,2,0,0.3186111111111111
2,0,0.0,2,2,1,0,2,1,0,0,0.33444444444444443
3,0,0.0,3,3,1,0,3,2,1,0,8.095277777777778
2,0,0.0,2,2,1,0,2,2,1,0,2.1580555555555554
5,0,0.0,3,3,2,0,3,2,1,0,7.489722222222222
1,0,0.0,1,1,1,0,1,1,1,0,0.0
2,0,0.0,1,1,1,0,2,1,0,0,0.009722222222222222
1,0,0.0,1,1,1,0,1,1,1,0,0.0
2,0,0.0,2,2,1,0,2,2,1,0,2.9138888888888888
3,0,0.0,3,3,1,0,3,1,0,0,5.166666666666667
1,0,0.0,1,1,1,0,0,1,0,0,0.0
5,0,0.0,2,2,1,0,5,3,2,1,7.304444444444444
13,0,0.0,5,4,2,0,12,2,8,0,7.295277777777778
4,0,0.0,3,2,2,0,3,2,2,0,7.206666666666667
4,0,0.0,2,3,1,0,4,2,3,0,5.910833333333334
5,0,0.0,4,3,2,0,4,2,2,0,6.122777777777777
1,0,0.0,1,1,1,0,1,1,1,0,0.0
2,0,0.0,1,1,1,0,2,1,0,0,0.2025
6,0,0.0,4,3,2,0,5,3,2,1,5.461944444444445
2,0,0.0,1,2,1,0,2,2,1,0,1.5822222222222222
2,0,0.0,2,1,2,0,1,2,1,0,5.714722222222222
4,0,0.0,2,2,2,0,3,2,2,0,6.5
6,0,0.0,5,4,2,0,5,2,2,0,1.616111111111111
4,0,0.0,2,3,1,0,4,2,2,0,6.792777777777777
6,0,0.0,6,1,2,0,3,2,3,0,7.8597222222222225
247,0,0.0,16,16,2,0,236,2,106,0,8.626388888888888
1,0,0.0,1,1,1,0,1,1,0,0,0.0
3,0,0.0,2,3,1,0,3,2,1,0,6.7775
1,0,0.0,1,1,1,0,1,1,1,0,0.0
5,0,0.0,1,2,2,0,4,2,1,0,6.054166666666666
2,0,0.0,2,2,1,0,2,2,1,0,4.823055555555555
1,0,0.0,1,1,1,0,1,1,0,0,0.0
1,0,0.0,1,1,1,0,1,1,1,0,0.0
6,0,0.0,2,2,1,0,6,2,2,0,3.0930555555555554
3,0,0.0,3,1,2,0,1,1,0,0,1.845
3,0,0.0,2,1,1,0,3,2,2,0,3.850277777777778
4,0,0.0,2,3,1,0,4,3,1,1,2.6958333333333333
4,0,0.0,2,2,1,0,4,2,3,0,6.1525
2,0,0.0,2,2,1,0,2,2,1,0,3.817222222222222
4,0,0.0,1,2,1,0,4,2,2,0,6.205555555555556
4,0,0.0,3,2,1,0,4,2,3,0,3.3819444444444446
3,0,0.0,2,1,1,0,3,1,3,0,2.1269444444444443
4,0,0.0,4,1,2,0,3,2,3,0,6.943333333333333
9,0,0.0,7,4,2,0,7,2,4,0,7.975555555555555
11,0,0.0,3,3,1,0,11,2,7,0,6.578333333333333
2,0,0.0,2,1,1,0,2,1,2,0,4.720833333333333
2,0,0.0,2,1,1,0,2,2,1,0,3.5708333333333333
3,0,0.0,2,2,2,0,2,1,0,0,5.426666666666667
3,0,0.0,3,3,1,0,3,2,1,0,2.191666666666667
5,0,0.0,4,2,1,0,5,3,3,1,0.2811111111111111
3,0,0.0,3,3,1,0,3,2,2,0,3.3355555555555556
2,0,0.0,2,1,1,0,2,1,2,0,1.2008333333333334
2,0,0.0,2,2,1,0,2,1,0,0,0.04388888888888889
2,0,0.0,1,2,1,0,2,2,1,0,1.7527777777777778
3,0,0.0,2,2,1,0,3,2,2,0,5.444444444444445
2,0,0.0,2,2,1,0,2,1,0,0,0.8683333333333333
2,0,0.0,1,2,1,0,2,2,1,0,1.5022222222222221
2,0,0.0,2,2,2,0,1,1,0,0,1.5552777777777778
4,0,0.0,4,2,2,0,1,1,0,0,1.6697222222222223
2,0,0.0,2,2,2,0,1,1,0,0,3.3780555555555556
6,0,0.0,2,2,1,0,6,1,0,0,5.370833333333334
3,0,0.0,2,2,1,0,3,3,1,1,3.640833333333333
3,0,0.0,2,1,1,0,3,1,3,0,1.0002777777777778
1,0,0.0,1,1,1,0,1,1,0,0,0.0
2,0,0.0,2,1,1,0,2,1,2,0,5.815277777777778
1,0,0.0,1,1,1,0,1,1,0,0,0.0
5,0,0.0,4,2,1,0,5,2,4,0,0.14555555555555555
3,0,0.0,3,2,2,0,2,2,1,0,4.513333333333334
7,0,0.0,4,4,1,0,7,3,2,1,7.002777777777778
5,0,0.0,4,2,2,0,4,4,1,1,8.023333333333333
4,0,0.0,3,2,1,0,4,2,2,0,0.5116666666666667
1,0,0.0,1,1,1,0,0,1,0,0,0.0
4,0,0.0,3,2,1,0,4,2,2,0,4.731388888888889
2,0,0.0,2,2,1,0,2,1,0,0,6.575833333333334
3,0,0.0,3,2,2,0,2,2,1,0,6.893611111111111
1,0,0.0,1,1,1,0,1,1,0,0,0.0
1,0,0.0,1,1,1,0,1,1,0,0,0.0
2,0,0.0,2,2,1,0,2,1,0,0,0.0011111111111111111
7,0,0.0,3,3,2,0,6,2,3,0,6.595
2,0,0.0,1,1,2,0,1,2,1,0,0.0725
1,0,0.0,1,1,1,0,1,1,0,0,0.0
1,0,0.0,1,1,1,0,1,1,1,0,0.0
1,0,0.0,1,1,1,0,1,1,1,0,0.0
3,0,0.0,2,2,1,0,3,2,1,0,0.7844444444444445
6,0,0.0,2,2,2,0,5,2,2,0,5.742222222222222
4,0,0.0,3,3,2,0,3,2,2,0,6.475833333333333
3,0,0.0,1,2,1,0,3,2,1,0,4.498888888888889
4,0,0.0,3,3,2,0,3,1,0,0,4.2427777777777775
1,0,0.0,1,1,1,0,1,1,0,0,0.0
2,0,0.0,2,2,1,0,2,1,0,0,2.4991666666666665
1,0,0.0,1,1,1,0,1,1,0,0,0.0
4,0,0.0,3,3,1,0,4,2,2,0,7.0136111111111115
2,0,0.0,1,2,1,0,2,2,1,0,0.40805555555555556
1,0,0.0,1,1,1,0,1,1,0,0,0.0
4,0,0.0,1,2,1,0,4,2,2,0,3.511111111111111
3,0,0.0,2,3,2,0,2,1,0,0,2.5
2,0,0.0,1,1,2,0,1,1,0,0,3.671388888888889
1,0,0.0,1,1,1,0,1,1,0,0,0.0
3,0,0.0,1,2,2,0,2,2,1,0,6.616944444444444
3,0,0.0,1,2,1,0,3,2,1,0,0.019166666666666665
5,0,0.0,3,2,2,0,4,3,1,1,6.802777777777778
4,0,0.0,3,2,1,0,4,2,2,0,5.2427777777777775
7,0,0.0,3,3,2,0,6,2,3,0,7.401666666666666
1,0,0.0,1,1,1,0,1,1,1,0,0.0
4,0,0.0,2,2,1,0,4,3,1,1,7.8875
5,0,0.0,2,3,1,0,5,2,2,0,4.13
1,0,0.0,1,1,1,0,1,1,1,0,0.0
1,0,0.0,1,1,1,0,1,1,0,0,0.0
3,0,0.0,2,2,2,0,2,2,2,0,5.134722222222222
3,0,0.0,2,3,1,0,3,2,1,0,2.495
3,0,0.0,2,1,1,0,3,1,3,0,3.658888888888889
4,0,0.0,2,3,1,0,4,2,1,0,3.6683333333333334
2,0,0.0,2,2,1,0,2,2,1,0,2.1969444444444446
3,0,0.0,3,2,1,0,3,2,1,0,5.988888888888889
2,0,0.0,1,1,1,0,2,1,2,0,1.39
2,0,0.0,1,2,1,0,2,2,1,0,7.076666666666667
2,0,0.0,2,2,1,0,2,2,1,0,2.507222222222222
4,0,0.0,3,3,2,0,3,2,1,0,3.481388888888889
5,0,0.0,3,4,1,0,5,2,2,0,7.964444444444444
2,0,0.0,2,1,2,0,1,2,1,0,2.0997222222222223
4,0,0.0,3,1,1,0,4,1,4,0,6.108888888888889
4,0,0.0,4,3,2,0,2,1,0,0,4.491666666666666
4,0,0.0,3,3,2,0,3,1,0,0,4.894722222222223
4,0,0.0,2,2,2,0,3,2,2,0,5.2425
4,0,0.0,2,2,1,0,4,2,1,0,6.001388888888889
3,0,0.0,2,2,1,0,3,1,0,0,6.875
2,0,0.0,2,1,2,0,1,2,1,0,0.005833333333333334
41,0,0.0,2,2,2,0,24,2,12,0,8.588333333333333
7,0,0.0,5,4,1,0,7,2,3,0,6.713333333333333
9,0,0.0,3,3,1,0,9,2,5,0,7.614166666666667
1,0,0.0,1,1,1,0,0,1,0,0,0.0
4,0,0.0,4,3,2,0,3,2,1,0,6.9127777777777775
3,0,0.0,1,1,1,0,3,2,2,1,5.682777777777778
3,0,0.0,2,2,2,0,2,2,1,0,2.9972222222222222
3,0,0.0,2,2,1,0,3,2,1,0,4.919444444444444
1,0,0.0,1,1,1,0,1,1,0,0,0.0
7,0,0.0,4,4,2,0,6,2,3,0,6.803888888888889
1,0,0.0,1,1,1,0,1,1,1,0,0.0
2,0,0.0,2,2,1,0,2,1,0,0,1.78
4,0,0.0,3,3,1,0,4,1,0,0,8.058055555555555
1,0,0.0,1,1,1,0,1,1,1,0,0.0
5,0,0.0,3,3,1,0,5,2,3,0,2.7741666666666664
12,0,0.0,3,2,1,0,12,2,6,0,6.670555555555556
2,0,0.0,1,2,1,0,2,2,1,0,0.016944444444444446
4,0,0.0,2,3,1,0,4,2,1,0,2.631666666666667
2,0,0.0,2,2,2,0,1,2,0,0,3.8969444444444443
4,0,0.0,2,2,2,0,3,1,0,0,5.7619444444444445
5,0,0.0,3,3,3,0,3,3,1,0,6.813055555555556
5,0,0.0,4,4,1,0,5,2,1,0,7.871388888888889
3,0,0.0,3,2,2,0,2,2,1,0,2.921388888888889
3,0,0.0,2,1,2,0,2,2,2,0,0.16416666666666666
3,0,0.0,1,1,1,0,3,1,3,0,1.7452777777777777
2,0,0.0,2,1,2,0,1,2,1,0,5.4875
3,0,0.0,3,2,1,0,3,2,2,1,5.9302777777777775
4,0,0.0,3,3,1,0,4,2,0,1,5.262777777777778
9,0,0.0,5,4,2,0,8,3,5,0,8.231388888888889
2,0,0.0,1,1,1,0,2,1,0,0,0.059444444444444446
4,0,0.0,3,3,2,0,3,2,1,0,1.5033333333333334
4,0,0.0,3,2,1,0,4,2,2,0,0.25527777777777777
5,0,0.0,5,5,2,0,4,1,0,0,6.375
1,0,0.0,1,1,1,0,1,1,0,0,0.0
3,0,0.0,3,3,1,0,3,2,0,1,4.7844444444444445
5,0,0.0,3,3,1,0,5,2,3,0,0.4766666666666667
3,0,0.0,3,1,1,0,3,1,3,0,3.2794444444444446
5,0,0.0,3,2,1,0,5,2,3,0,5.789444444444444
4,0,0.0,1,2,1,0,4,2,2,0,7.855555555555555
1,0,0.0,1,1,1,0,1,1,0,0,0.0
2,0,0.0,2,1,2,0,1,2,1,0,0.17027777777777778
1,0,0.0,1,1,1,0,1,1,0,0,0.0
4,0,0.0,2,2,1,0,4,2,2,0,2.0380555555555557
5,0,0.0,3,3,1,0,5,3,2,1,7.262777777777778
3,0,0.0,2,1,2,0,1,2,1,0,2.6694444444444443
2,0,0.0,2,1,2,0,1,2,1,0,0.0005555555555555556
1,0,0.0,1,1,1,0,1,1,0,0,0.0
5,0,0.0,2,2,1,0,5,2,3,0,2.203888888888889
3,0,0.0,2,2,2,0,2,2,1,0,4.3725
3,0,0.0,2,2,1,0,3,1,0,0,0.485
3,0,0.0,1,2,1,0,3,2,2,0,4.500277777777778
6,0,0.0,4,5,2,0,5,2,0,1,5.365833333333334
8,0,0.0,2,2,1,0,8,2,4,0,5.854166666666667
4,0,0.0,2,3,1,0,4,2,2,0,3.7108333333333334
2,0,0.0,2,1,2,0,1,2,1,0,2.377222222222222
7,0,0.0,4,5,1,0,7,2,2,0,7.0
3,0,0.0,3,2,2,0,2,3,1,0,7.166666666666667
1,0,0.0,1,1,1,0,1,1,0,0,0.0
2,0,0.0,2,1,1,0,2,1,2,0,1.2616666666666667
3,0,0.0,2,2,1,0,3,2,1,0,4.923611111111111
1,0,0.0,1,1,1,0,1,1,1,0,0.0
2,0,0.0,2,2,1,0,2,2,1,0,7.442222222222222
12,0,0.0,2,3,1,0,12,2,3,0,6.595277777777778
1,0,0.0,1,1,1,0,1,1,1,0,0.0
2,0,0.0,2,1,1,0,2,1,2,0,0.19333333333333333
2,0,0.0,1,2,1,0,2,2,1,0,0.49777777777777776
4,0,0.0,3,3,1,0,4,2,1,0,0.08
2,0,0.0,2,1,2,0,1,2,1,0,2.644722222222222
3,0,0.0,2,3,1,0,3,2,1,0,5.481388888888889
4,0,0.0,3,3,1,0,4,2,2,0,3.555277777777778
5,0,0.0,5,5,1,0,5,2,1,0,6.003333333333333
4,0,0.0,3,2,2,0,3,2,2,0,1.918611111111111
5,0,0.0,4,3,2,0,4,2,2,0,5.080555555555556
4,0,0.0,3,2,2,0,2,2,2,0,1.5102777777777778
4,0,0.0,3,3,1,0,4,2,1,0,6.360833333333333
10,0,0.0,3,4,1,0,10,2,5,0,7.304722222222222
8,0,0.0,4,3,2,0,7,2,3,0,5.933611111111111
2,0,0.0,1,2,1,0,2,2,1,0,3.484166666666667
4,0,0.0,4,3,2,0,3,2,0,1,1.1097222222222223
4,0,0.0,1,2,2,0,3,2,2,0,0.07361111111111111
3,0,0.0,2,3,1,0,3,2,1,0,6.996388888888889
3,0,0.0,3,1,2,0,2,2,2,0,5.927777777777778
1,0,0.0,1,1,1,0,0,1,0,0,0.0
3,0,0.0,3,2,1,0,3,2,2,0,2.0794444444444444
4,0,0.0,2,3,1,0,4,2,1,0,5.652777777777778
3,0,0.0,2,1,2,0,2,2,2,0,0.028055555555555556
2,0,0.0,2,2,1,0,2,1,0,0,2.2172222222222224
1,0,0.0,1,1,1,0,1,1,0,0,0.0
11,0,0.0,7,5,2,0,10,2,5,0,8.117777777777778
1,0,0.0,1,1,1,0,1,1,0,1,0.0
6,0,0.0,2,2,1,0,6,2,4,0,8.042777777777777
6,0,0.0,4,3,1,0,6,2,3,0,6.010555555555555
3,0,0.0,2,2,2,0,2,2,1,0,0.10666666666666667
1,0,0.0,1,1,1,0,1,1,0,0,0.0
5,0,0.0,5,3,1,0,5,2,3,0,7.56
4,0,0.0,2,2,1,0,4,2,3,0,1.701111111111111
7,0,0.0,6,3,2,0,5,2,2,0,5.0008333333333335
3,0,0.0,3,1,1,0,3,2,2,1,7.509722222222222
1,0,0.0,1,1,1,0,1,1,0,0,0.0
2,0,0.0,2,2,1,0,2,2,1,0,3.9697222222222224
4,0,0.0,4,3,2,0,3,2,1,0,0.22
5,0,0.0,3,3,2,0,4,2,2,0,7.151111111111111
4,0,0.0,3,3,1,0,4,2,1,0,0.195
5,0,0.0,1,2,1,0,5,2,2,0,6.514444444444444
5,0,0.0,3,2,2,0,3,4,1,1,1.363611111111111
1,0,0.0,1,1,1,0,1,1,0,0,0.0
43,0,0.0,3,3,2,0,27,2,15,0,8.522777777777778
3,0,0.0,3,2,2,0,2,2,1,0,0.13694444444444445
1,0,0.0,1,1,1,0,1,1,1,0,0.0
1,0,0.0,1,1,1,0,1,1,0,0,0.0
2,0,0.0,2,2,1,0,2,1,0,0,6.243611111111111
4,0,0.0,3,3,1,0,4,2,2,0,0.07666666666666666
5,0,0.0,3,2,2,0,4,2,2,0,5.695833333333334
1,0,0.0,1,1,1,0,1,1,0,0,0.0
37,0,0.0,2,2,2,0,17,2,10,0,8.336666666666666
3,0,0.0,1,1,1,0,3,1,3,0,2.0102777777777776
1,0,0.0,1,1,1,0,1,1,0,1,0.0
4,0,0.0,2,2,1,0,4,1,0,0,6.613611111111111
31,0,0.0,3,4,1,0,31,3,13,1,8.41638888888889
2,0,0.0,1,2,1,0,2,2,1,0,1.688611111111111
2,0,0.0,2,2,1,0,2,1,0,0,0.9952777777777778
3,0,0.0,1,1,1,0,3,1,3,0,1.9172222222222222
6,0,0.0,4,3,2,0,5,2,1,0,5.358611111111111
3,0,0.0,1,1,2,0,0,2,0,0,0.9155555555555556
2,0,0.0,2,2,1,0,2,2,0,1,3.881111111111111
2,0,0.0,2,2,1,0,2,2,1,0,0.012222222222222223
1,0,0.0,1,1,1,0,1,1,0,0,0.0
2,0,0.0,1,1,1,0,2,1,0,0,0.007222222222222222
3,0,0.0,3,3,2,0,2,1,0,0,0.12055555555555555
2,0,0.0,2,2,1,0,2,1,0,0,3.72
1,0,0.0,1,1,1,0,0,1,0,0,0.0
1,0,0.0,1,1,1,0,1,1,0,0,0.0
3,0,0.0,2,3,1,0,3,2,1,0,1.1266666666666667
2,0,0.0,1,1,2,0,1,2,0,1,0.37416666666666665
2,0,0.0,2,2,2,0,1,1,0,0,0.0225
1,0,0.0,1,1,1,0,1,1,1,0,0.0
2,0,0.0,2,2,1,0,2,2,0,1,3.026666666666667
1,0,0.0,1,1,1,0,1,1,1,0,0.0
2,0,0.0,2,2,1,0,2,2,1,0,6.851666666666667
2,0,0.0,2,1,1,0,0,1,0,0,0.7241666666666666
3,0,0.0,2,2,2,0,2,1,0,0,1.8263888888888888
2,0,0.0,1,1,1,0,2,1,2,0,4.738888888888889
1,0,0.0,1,1,1,0,1,1,0,0,0.0
1,0,0.0,1,1,1,0,1,1,1,0,0.0
1,0,0.0,1,1,1,0,1,1,0,0,0.0
5,0,0.0,4,3,2,0,3,2,1,0,1.6288888888888888
1,0,0.0,1,1,1,0,1,1,1,0,0.0
5,0,0.0,2,3,1,0,5,2,1,0,6.1530555555555555
1,0,0.0,1,1,1,0,1,1,0,0,0.0
5,0,0.0,4,3,1,0,5,3,1,1,5.362777777777778
2,0,0.0,1,1,1,0,2,1,2,0,0.4961111111111111
2,0,0.0,2,2,1,0,2,1,0,0,3.9891666666666667
4,0,0.0,1,1,1,0,4,1,0,0,7.865555555555556
1,0,0.0,1,1,1,0,1,1,1,0,0.0
6,0,0.0,3,2,2,0,3,2,2,0,1.1016666666666666
4,0,0.0,3,3,1,0,4,2,2,0,4.988611111111111
6,0,0.0,5,3,2,0,5,3,2,1,5.759166666666666
1,0,0.0,1,1,1,0,1,1,0,0,0.0
3,0,0.0,3,3,2,0,2,2,1,0,4.479166666666667
5,0,0.0,5,2,2,0,4,2,3,0,0.965
5,0,0.0,4,1,2,0,4,3,2,2,7.110833333333333
5,0,0.0,3,2,2,0,4,2,2,0,7.246666666666667
4,0,0.0,3,3,2,0,3,3,2,0,1.5683333333333334
1,0,0.0,1,1,1,0,0,1,0,0,0.0
2,0,0.0,2,1,2,0,0,2,0,0,0.2538888888888889
3,0,0.0,2,2,1,0,3,2,2,0,2.3091666666666666
2,0,0.0,2,2,1,0,2,2,1,0,6.292777777777777
4,0,0.0,4,3,1,0,4,2,1,0,6.561944444444444
3,0,0.0,2,2,1,0,3,2,2,0,2.7891666666666666
3,0,0.0,3,3,1,0,3,2,1,0,0.2536111111111111
3,0,0.0,3,3,2,0,2,1,0,0,6.118333333333333
2,0,0.0,2,2,1,0,2,2,0,1,3.941666666666667
3,0,0.0,2,2,1,0,3,2,1,0,7.613333333333333
4,0,0.0,3,3,2,0,3,1,0,0,3.9880555555555555
2,0,0.0,2,2,1,0,2,2,1,0,0.12944444444444445
3,0,0.0,3,2,2,0,2,2,1,0,0.05388888888888889
1,0,0.0,1,1,1,0,1,1,1,0,0.0
1,0,0.0,1,1,1,0,1,1,1,0,0.0
3,0,0.0,2,2,1,0,3,2,2,0,3.8869444444444445
1,0,0.0,1,1,1,0,1,1,0,0,0.0
1,0,0.0,1,1,1,0,1,1,0,0,0.0
2,0,0.0,2,1,2,0,1,1,0,0,0.49527777777777776
3,0,0.0,2,2,2,0,1,1,0,0,2.2955555555555556
5,0,0.0,2,3,1,0,5,2,2,0,5.513888888888889
7,0,0.0,3,3,2,0,5,2,1,0,7.912222222222222
2,0,0.0,2,2,1,0,2,1,0,0,0.015555555555555555
2,2,1.0,1,1,1,0,0,1,0,0,5.501111111111111
6,0,0.0,5,3,2,0,5,4,2,1,8.62138888888889
2,0,0.0,2,1,2,0,1,2,1,0,8.546666666666667
3,0,0.0,3,3,2,0,2,1,0,0,1.3891666666666667
4,0,0.0,3,3,2,0,3,2,1,0,0.26916666666666667
5,0,0.0,3,4,2,0,4,2,1,0,5.283055555555555
5,0,0.0,4,3,2,0,3,2,1,0,6.850833333333333
5,0,0.0,3,3,2,0,4,2,1,0,3.8047222222222223
3,1,0.3333333333333333,3,2,1,0,3,1,3,0,5.6675
2,0,0.0,2,2,1,0,2,1,0,0,1.701111111111111
5,0,0.0,3,4,1,0,5,2,1,0,0.3363888888888889
1,0,0.0,1,1,1,0,1,1,1,0,0.0
1,0,0.0,1,1,1,0,1,1,0,0,0.0
3,0,0.0,2,2,2,0,2,2,1,0,0.2538888888888889
3,0,0.0,2,3,1,0,3,2,1,0,7.143055555555556
3,0,0.0,2,3,1,0,3,2,1,0,5.468055555555556
2,0,0.0,2,2,1,0,2,1,0,0,2.8430555555555554
1,0,0.0,1,1,1,0,1,1,0,0,0.0
5,0,0.0,5,1,2,0,3,2,2,0,1.7561111111111112
3,0,0.0,2,2,1,0,3,3,1,1,1.2761111111111112
2,0,0.0,2,1,1,0,0,1,0,0,4.7225
1,0,0.0,1,1,1,0,1,1,0,0,0.0
1,0,0.0,1,1,1,0,1,1,1,0,0.0
6,0,0.0,4,4,2,0,5,2,1,0,4.435833333333333
2,0,0.0,2,2,2,0,1,1,0,0,0.09416666666666666
6,0,0.0,4,3,2,0,4,2,2,0,6.757777777777778
8,0,0.0,4,1,2,0,7,2,6,0,6.2375
5,0,0.0,3,4,1,0,5,2,1,0,1.118611111111111
5,0,0.0,4,3,1,0,5,2,2,0,1.2075
9,0,0.0,5,4,2,0,7,2,4,0,7.369722222222222
4,0,0.0,4,2,2,0,3,2,2,0,2.0969444444444445
2,0,0.0,2,2,1,0,2,1,0,0,0.0038888888888888888
7,0,0.0,3,4,1,0,7,2,3,0,3.507222222222222
2,0,0.0,1,2,1,0,2,2,1,0,0.03722222222222222
4,0,0.0,3,2,2,0,3,2,2,0,1.4983333333333333
7,0,0.0,2,3,1,0,7,2,4,0,5.376666666666667
1,0,0.0,1,1,1,0,1,1,0,0,0.0
3,0,0.0,2,2,1,0,3,1,0,0,8.072777777777778
4,0,0.0,2,2,2,0,3,2,2,0,5.268611111111111
1,0,0.0,1,1,1,0,1,1,1,0,0.0
4,0,0.0,1,2,1,0,4,3,1,1,5.481944444444444
7,0,0.0,4,3,1,0,7,2,5,0,4.396388888888889
1,0,0.0,1,1,1,0,1,1,1,0,0.0
5,0,0.0,3,1,2,0,4,2,4,0,6.3966666666666665
1,0,0.0,1,1,1,0,1,1,0,0,0.0
3,0,0.0,3,2,2,0,2,3,1,0,1.5069444444444444
4,0,0.0,4,2,2,0,2,2,1,0,0.24388888888888888
7,0,0.0,5,4,2,0,6,2,3,0,7.823055555555555
6,0,0.0,4,3,1,0,6,2,2,0,6.5575
2,0,0.0,2,2,1,0,2,2,1,0,4.544444444444444
1,0,0.0,1,1,1,0,1,1,1,0,0.0
2,0,0.0,2,1,2,0,1,2,1,0,0.2841666666666667
2,0,0.0,2,1,2,0,1,2,1,0,4.980833333333333
2,0,0.0,2,1,2,0,1,1,0,0,1.6369444444444445
4,0,0.0,4,2,2,0,3,3,2,0,0.8666666666666667
3,0,0.0,3,1,1,0,3,2,2,1,3.385
2,0,0.0,2,2,1,0,2,2,1,0,0.21722222222222223
3,0,0.0,3,3,2,0,2,2,0,0,0.9211111111111111
3,0,0.0,3,2,2,0,2,2,1,0,0.025
2,0,0.0,2,2,1,0,2,2,1,0,5.791666666666667
8,0,0.0,5,3,1,0,8,3,5,1,6.881944444444445
4,0,0.0,3,2,2,0,2,2,1,0,1.1944444444444444
8,0,0.0,6,4,1,0,8,2,4,0,8.421111111111111
1,0,0.0,1,1,1,0,1,1,0,0,0.0
3,0,0.0,2,2,1,0,3,1,0,0,5.334722222222222
6,0,0.0,5,2,3,0,3,3,2,0,0.2833333333333333
3,0,0.0,3,2,2,0,2,2,1,0,0.20583333333333334
3,0,0.0,2,1,1,0,3,1,3,0,0.96
2,0,0.0,1,1,1,0,2,1,0,0,0.025555555555555557
1,0,0.0,1,1,1,0,1,1,0,0,0.0
3,0,0.0,2,2,1,0,3,1,0,0,7.0
2,0,0.0,2,2,1,0,2,1,0,0,3.8569444444444443
2,0,0.0,2,2,1,0,2,2,1,0,4.831944444444445
10,0,0.0,3,2,1,0,10,2,6,0,7.801944444444445
4,0,0.0,3,3,2,0,3,2,1,0,1.606111111111111
7,0,0.0,3,4,1,0,7,2,3,0,4.009444444444444
5,0,0.0,3,4,1,0,5,2,2,0,6.706388888888889
1,0,0.0,1,1,1,0,1,1,0,0,0.0
3,0,0.0,2,2,1,0,3,2,2,0,4.505277777777778
2,0,0.0,2,1,1,0,0,1,0,0,0.017222222222222222
3,0,0.0,3,2,1,0,3,2,2,0,4.999722222222222
4,0,0.0,2,2,2,0,2,1,0,0,4.506111111111111
3,0,0.0,3,1,1,0,3,1,3,0,1.3794444444444445
1,0,0.0,1,1,1,0,1,1,0,0,0.0
4,0,0.0,3,2,1,0,4,2,3,0,3.011388888888889
4,0,0.0,2,2,2,0,3,2,3,0,3.1675
1,0,0.0,1,1,1,0,1,1,0,0,0.0
2,0,0.0,2,2,1,0,2,1,0,0,1.0166666666666666
3,0,0.0,2,2,1,0,3,1,0,0,6.243055555555555
1,0,0.0,1,1,1,0,1,1,1,0,0.0
3,0,0.0,1,2,1,0,3,2,1,0,2.0011111111111113
5,0,0.0,3,3,2,0,4,1,0,0,6.259722222222222
1,0,0.0,1,1,1,0,0,1,0,0,0.0
21,0,0.0,10,7,1,0,21,2,12,0,8.183055555555555
1,0,0.0,1,1,1,0,1,1,1,0,0.0
8,0,0.0,5,4,2,0,6,2,3,0,0.13111111111111112
4,0,0.0,2,2,1,0,4,2,2,0,6.254166666666666
7,0,0.0,5,3,2,0,6,3,3,1,5.9991666666666665
4,0,0.0,4,2,1,0,4,3,2,1,0.5072222222222222
2,0,0.0,2,2,1,0,2,1,0,0,0.1638888888888889
2,0,0.0,2,2,1,0,2,2,1,0,7.514166666666667
5,0,0.0,3,3,1,0,5,2,3,0,6.245833333333334
3,0,0.0,3,3,1,0,3,2,1,0,0.24972222222222223
8,0,0.0,4,4,1,0,8,2,4,0,4.375277777777778
10,0,0.0,7,3,2,0,9,2,7,0,0.7641666666666667
6,0,0.0,3,3,2,0,5,2,2,0,4.081388888888889
5,0,0.0,4,3,2,0,4,3,1,0,0.2536111111111111
2,0,0.0,2,2,1,0,2,2,1,0,7.180833333333333
1,0,0.0,1,1,1,0,0,1,0,0,0.0
1,0,0.0,1,1,1,0,1,1,0,0,0.0
4,0,0.0,2,2,1,0,4,3,1,1,4.700833333333334
2,0,0.0,1,2,1,0,2,2,1,0,2.5027777777777778
3,0,0.0,3,2,3,0,1,2,0,0,3.3158333333333334
1,0,0.0,1,1,1,0,1,1,0,0,0.0
1,0,0.0,1,1,1,0,1,1,0,0,0.0
4,0,0.0,3,4,1,0,4,2,1,0,0.5930555555555556
1,0,0.0,1,1,1,0,0,1,0,0,0.0
1,0,0.0,1,1,1,0,1,1,1,0,0.0
4,0,0.0,3,2,2,0,2,2,1,0,0.195
2,0,0.0,2,2,2,0,1,1,0,0,0.017222222222222222
10,0,0.0,5,3,2,0,9,2,6,0,7.568888888888889
5,0,0.0,3,2,2,0,4,3,2,1,1.208888888888889
3,0,0.0,3,3,1,0,3,2,1,0,0.7202777777777778
4,0,0.0,1,2,1,0,4,2,2,0,5.000277777777778
2,0,0.0,1,2,1,0,2,2,1,0,0.010833333333333334
9,0,0.0,6,2,3,0,6,4,3,3,8.279722222222222
5,0,0.0,3,4,1,0,5,2,2,0,6.582222222222223
1,0,0.0,1,1,1,0,1,1,0,0,0.0
2,0,0.0,2,2,2,0,1,2,0,0,0.004166666666666667
5,0,0.0,3,3,2,0,4,2,2,0,3.053611111111111
4,0,0.0,4,3,3,0,2,3,1,0,2.2327777777777778
4,0,0.0,2,2,1,0,4,3,2,1,7.895833333333333
1,0,0.0,1,1,1,0,1,1,0,0,0.0
3,0,0.0,2,2,2,0,2,2,1,0,0.07666666666666666
1,0,0.0,1,1,1,0,1,1,1,0,0.0
4,0,0.0,2,3,1,0,4,2,2,0,3.466111111111111
6,0,0.0,5,4,2,0,5,2,2,0,6.349722222222222
4,0,0.0,3,4,1,0,4,2,1,0,3.6019444444444444
2,0,0.0,1,2,1,0,2,2,1,0,0.0
2,0,0.0,1,2,1,0,2,2,1,0,3.770277777777778
1,0,0.0,1,1,1,0,1,1,1,0,0.0
4,0,0.0,4,2,1,0,4,2,3,0,3.450833333333333
1,0,0.0,1,1,1,0,1,1,0,0,0.0
4,0,0.0,4,1,2,0,3,2,2,0,0.25555555555555554
4,0,0.0,1,2,2,0,3,2,1,0,6.690555555555555
5,0,0.0,2,3,1,0,5,2,1,0,7.491666666666666
4,0,0.0,2,2,2,0,3,2,2,0,4.011388888888889
2,0,0.0,2,1,1,0,2,1,2,0,2.7180555555555554
1,0,0.0,1,1,1,0,1,1,1,0,0.0
2,0,0.0,1,2,1,0,2,2,1,0,1.0069444444444444
3,0,0.0,3,3,1,0,3,2,1,0,7.525555555555556
2,0,0.0,2,1,1,0,2,1,2,0,1.2319444444444445
4,0,0.0,4,4,2,0,3,1,0,0,4.468055555555556
2,0,0.0,2,2,1,0,2,1,0,0,0.24694444444444444
2,0,0.0,2,2,2,0,1,1,0,0,0.03361111111111111
3,0,0.0,2,2,1,0,3,2,2,0,0.7266666666666667
2,0,0.0,2,1,2,0,1,2,0,1,0.0225
6,0,0.0,5,3,2,0,4,2,2,0,2.016388888888889
4,0,0.0,2,2,1,0,4,1,0,0,7.039722222222222
3,0,0.0,2,2,2,0,2,1,0,0,2.738611111111111
6,0,0.0,2,3,2,0,5,3,2,1,6.095833333333333
3,0,0.0,3,1,2,0,2,2,2,0,3.383611111111111
2,0,0.0,2,2,1,0,2,2,1,0,0.03972222222222222
6,0,0.0,4,3,3,0,4,4,2,1,1.8169444444444445
1,0,0.0,1,1,1,0,1,1,0,0,0.0
1,0,0.0,1,1,1,0,0,1,0,0,0.0
4,0,0.0,3,3,1,0,4,2,1,0,0.17916666666666667
2,0,0.0,2,2,2,0,1,1,0,0,0.010277777777777778
3,0,0.0,1,1,1,0,3,1,0,0,2.058611111111111
1,0,0.0,1,1,1,0,0,1,0,0,0.0
6,0,0.0,3,3,2,0,5,2,2,0,7.441388888888889
2,0,0.0,2,2,2,0,1,1,0,0,6.622777777777777
3,0,0.0,2,1,2,0,1,2,1,0,0.20277777777777778
6,0,0.0,4,4,2,0,5,1,0,0,6.8372222222222225
2,0,0.0,2,2,1,0,2,1,0,0,2.788611111111111
3,0,0.0,2,2,1,0,3,2,2,0,7.645833333333333
5,0,0.0,4,4,1,0,5,3,1,1,5.862777777777778
1,0,0.0,1,1,1,0,1,1,0,0,0.0
4,0,0.0,3,3,1,0,4,2,2,0,4.899166666666667
4,0,0.0,3,2,2,0,2,2,1,0,0.13972222222222222
5,0,0.0,5,4,1,0,5,3,1,1,5.023333333333333
2,0,0.0,2,2,1,0,2,2,1,0,4.0075
1,0,0.0,1,1,1,0,0,1,0,0,0.0
3,0,0.0,2,2,1,0,3,2,2,0,7.318333333333333
10,0,0.0,7,5,1,0,10,3,6,1,4.481944444444444
1,0,0.0,1,1,1,0,1,1,0,0,0.0
1,0,0.0,1,1,1,0,0,1,0,0,0.0
1,0,0.0,1,1,1,0,0,1,0,0,0.0
4,0,0.0,3,2,2,0,2,2,1,0,5.1497222222222225
2,0,0.0,2,1,1,0,2,2,1,1,1.2908333333333333
26,0,0.0,2,2,2,0,13,2,4,0,8.288055555555555
3,0,0.0,2,3,1,0,3,2,1,0,7.656666666666666
7,0,0.0,3,4,1,0,7,2,2,0,7.052777777777778
3,0,0.0,3,2,1,0,3,1,3,0,5.375555555555556
2,0,0.0,2,1,1,0,2,1,2,0,0.0022222222222222222
5,0,0.0,4,2,2,0,4,2,2,0,5.979722222222223
6,0,0.0,4,5,1,0,6,2,0,1,8.213888888888889
1,0,0.0,1,1,1,0,1,1,1,0,0.0
3,0,0.0,2,2,1,0,3,1,0,0,7.760833333333333
3,0,0.0,2,3,2,0,2,1,0,0,0.050277777777777775
33,0,0.0,2,2,2,0,16,2,6,0,8.23
4,0,0.0,2,1,1,0,4,1,4,0,8.038333333333334
7,0,0.0,4,4,2,0,6,2,2,0,7.006111111111111
4,0,0.0,1,1,1,0,4,1,0,0,7.363333333333333
6,0,0.0,5,4,2,0,5,3,2,1,5.940833333333333
1,0,0.0,1,1,1,0,1,1,0,0,0.0
3,0,0.0,2,3,1,0,3,2,1,0,7.198611111111111
5,0,0.0,3,2,1,0,5,3,3,1,8.186388888888889
1,0,0.0,1,1,1,0,1,1,0,0,0.0
5,0,0.0,3,3,1,0,5,2,3,0,6.693611111111111
12,0,0.0,4,4,2,0,9,2,5,0,7.914166666666667
2,0,0.0,2,2,1,0,2,2,1,0,6.211666666666667
1,0,0.0,1,1,1,0,1,1,0,0,0.0
1,0,0.0,1,1,1,0,0,1,0,0,0.0
3,0,0.0,2,2,1,0,3,2,2,0,0.3561111111111111
3,0,0.0,3,3,1,0,3,2,1,0,5.025833333333333
1,0,0.0,1,1,1,0,1,1,1,0,0.0
2,0,0.0,1,1,1,0,2,1,0,0,0.015
31,0,0.0,2,2,2,0,14,2,6,0,8.149722222222222
1,0,0.0,1,1,1,0,1,1,1,0,0.0
3,0,0.0,2,2,1,0,3,2,2,0,1.2419444444444445
5,0,0.0,2,2,1,0,5,2,1,0,5.500277777777778
8,0,0.0,5,5,2,0,7,2,3,0,0.30666666666666664
3,0,0.0,3,2,2,0,2,2,0,1,0.9333333333333333
2,0,0.0,2,2,1,0,2,1,0,0,0.050833333333333335
2,0,0.0,2,2,1,0,2,2,1,0,0.01861111111111111
4,0,0.0,3,3,1,0,4,2,1,0,6.634722222222222
3,0,0.0,2,1,2,0,2,2,2,0,1.8977777777777778
1,0,0.0,1,1,1,0,1,1,0,0,0.0
4,0,0.0,3,2,2,0,3,2,2,0,6.775555555555556
2,0,0.0,2,2,1,0,2,1,0,0,0.020277777777777777
3,0,0.0,2,2,2,0,2,3,1,1,4.2175
5,0,0.0,3,3,1,0,5,2,2,0,4.629166666666666
1,0,0.0,1,1,1,0,1,1,0,0,0.0
4,0,0.0,4,3,1,0,4,2,3,0,6.601111111111111
1,0,0.0,1,1,1,0,1,1,0,0,0.0
7,0,0.0,4,5,1,0,7,2,1,0,7.155
2,0,0.0,2,2,2,0,1,1,0,0,0.03777777777777778
1,0,0.0,1,1,1,0,0,1,0,0,0.0
4,0,0.0,3,4,2,0,3,1,0,0,4.0225
5,0,0.0,4,2,1,0,5,2,4,0,1.2105555555555556
6,0,0.0,4,3,2,0,4,2,1,0,5.739444444444445
3,0,0.0,2,2,1,0,3,1,0,0,5.398611111111111
4,0,0.0,3,1,2,0,3,2,3,0,0.06916666666666667
4,0,0.0,2,2,2,0,3,1,0,0,2.6275
7,0,0.0,3,4,1,0,7,2,1,0,7.508611111111111
2,0,0.0,2,2,1,0,2,1,0,0,0.14972222222222223
4,0,0.0,3,1,2,0,3,2,3,0,0.5208333333333334
5,0,0.0,2,2,2,0,3,2,2,0,6.233055555555556
7,0,0.0,5,4,3,0,4,4,1,1,6.756944444444445
5,0,0.0,3,4,1,0,5,2,2,0,6.211111111111111
2,0,0.0,2,2,1,0,2,1,0,0,0.18805555555555556
1,0,0.0,1,1,1,0,1,1,0,0,0.0
1,0,0.0,1,1,1,0,1,1,1,0,0.0
3,0,0.0,3,2,1,0,3,2,2,0,8.48638888888889
4,0,0.0,3,3,1,0,4,2,1,0,3.8602777777777777
4,0,0.0,3,2,2,0,3,2,2,0,3.2444444444444445
1,0,0.0,1,1,1,0,1,1,0,0,0.0
3,0,0.0,2,1,1,0,3,1,3,0,2.993888888888889
1,0,0.0,1,1,1,0,1,1,1,0,0.0
1,0,0.0,1,1,1,0,1,1,0,0,0.0
1,0,0.0,1,1,1,0,1,1,0,0,0.0
1,0,0.0,1,1,1,0,1,1,1,0,0.0
2,0,0.0,2,1,2,0,1,2,1,0,0.08694444444444445
1,0,0.0,1,1,1,0,1,1,0,0,0.0
3,0,0.0,3,3,3,0,1,2,0,0,0.2722222222222222
13,0,0.0,8,5,1,0,13,3,5,2,7.693611111111111
6,0,0.0,5,4,2,0,5,2,1,0,3.6175
1,0,0.0,1,1,1,0,1,1,1,0,0.0
3,0,0.0,2,2,1,0,3,2,2,0,7.441944444444444
5,0,0.0,4,4,1,0,5,2,2,0,5.455
3,0,0.0,1,2,1,0,3,2,1,0,2.783888888888889
3,0,0.0,3,3,1,0,3,2,2,0,6.7275
6,0,0.0,2,3,1,0,6,2,4,0,7.196666666666666
3,0,0.0,3,3,2,0,2,1,0,0,4.103611111111111
1,0,0.0,1,1,1,0,1,1,1,0,0.0
3,0,0.0,3,1,2,0,1,2,1,0,0.1625
4,0,0.0,2,2,1,0,4,1,0,0,2.5475
7,0,0.0,5,3,2,0,6,2,4,0,0.15611111111111112
11,0,0.0,6,2,2,0,7,3,5,1,7.285277777777778
4,0,0.0,3,3,1,0,4,2,2,0,3.765
9,0,0.0,2,3,1,0,9,2,4,0,8.242777777777778
4,0,0.0,2,3,2,0,3,2,1,0,6.827222222222222
1,0,0.0,1,1,1,0,1,1,1,0,0.0
4,0,0.0,3,2,1,0,4,2,3,0,4.655555555555556
106,0,0.0,15,10,2,0,96,2,44,0,8.304722222222223
10,0,0.0,3,3,2,0,9,2,5,0,4.739722222222222
2,0,0.0,1,2,1,0,2,2,1,0,0.9897222222222222
6,0,0.0,4,3,1,0,6,3,2,2,8.160833333333333
3,0,0.0,3,2,1,0,3,2,2,0,3.3652777777777776
3,0,0.0,2,2,2,0,2,2,0,1,4.485
1,0,0.0,1,1,1,0,1,1,0,0,0.0
3,0,0.0,3,1,1,0,3,2,2,1,3.644722222222222
12,0,0.0,7,6,2,0,10,2,3,0,7.371111111111111
5,0,0.0,3,2,2,0,2,2,1,0,4.4991666666666665
4,0,0.0,3,1,2,0,3,3,2,1,6.500555555555556
4,0,0.0,4,3,1,0,4,2,2,0,6.1875
2,0,0.0,2,2,1,0,2,2,1,0,4.285555555555556
3,0,0.0,2,2,1,0,3,2,2,0,2.1244444444444444
1,0,0.0,1,1,1,0,1,1,0,1,0.0
5,0,0.0,2,3,2,0,4,2,1,0,6.339166666666666
4,0,0.0,3,1,2,0,2,3,1,1,6.328888888888889
4,0,0.0,4,4,1,0,4,2,2,0,5.210277777777778
4,0,0.0,3,2,2,0,3,3,2,0,6.525555555555556
5,0,0.0,3,4,2,0,4,2,2,0,3.513611111111111
15,0,0.0,7,6,2,0,14,2,4,0,8.16611111111111
2,0,0.0,2,2,1,0,2,2,1,0,7.288888888888889
1,0,0.0,1,1,1,0,1,1,0,0,0.0
7,0,0.0,4,2,2,0,6,4,4,1,7.119722222222222
5,0,0.0,4,1,2,0,3,2,3,0,2.0569444444444445
5,0,0.0,3,3,1,0,5,2,3,0,6.219722222222222
24,0,0.0,3,2,2,0,12,2,4,0,8.355
3,0,0.0,3,2,1,0,3,2,2,1,1.8163888888888888
2,0,0.0,2,1,1,0,2,1,2,0,0.735
1,0,0.0,1,1,1,0,1,1,0,0,0.0
5,0,0.0,3,2,1,0,5,2,3,0,1.9605555555555556
2,0,0.0,1,1,1,0,2,1,0,0,2.0080555555555555
4,0,0.0,2,2,1,0,4,2,2,0,5.615277777777778
4,0,0.0,1,2,1,0,4,2,1,0,5.235833333333333
3,0,0.0,2,2,1,0,3,2,2,0,5.915
1,0,0.0,1,1,1,0,1,1,1,0,0.0
1,0,0.0,1,1,1,0,1,1,0,0,0.0
1,0,0.0,1,1,1,0,1,1,0,0,0.0
3,0,0.0,1,2,1,0,3,2,2,0,7.838888888888889
1,0,0.0,1,1,1,0,1,1,1,0,0.0
5,0,0.0,3,2,1,0,5,2,4,0,6.865555555555556
2,0,0.0,2,2,1,0,2,1,0,0,0.3227777777777778
9,0,0.0,3,2,2,0,8,3,2,1,6.934444444444445
1,0,0.0,1,1,1,0,1,1,1,0,0.0
4,0,0.0,2,3,1,0,4,2,2,0,3.1080555555555556
3,0,0.0,2,3,1,0,3,2,1,0,6.241944444444444
1,0,0.0,1,1,1,0,1,1,0,1,0.0
2,0,0.0,2,1,2,0,1,2,1,0,1.6433333333333333
4,0,0.0,2,3,2,0,3,2,1,0,4.613333333333333
3,0,0.0,3,3,1,0,3,2,1,0,3.2980555555555555
3,0,0.0,2,2,2,0,2,2,2,0,0.2536111111111111
3,0,0.0,2,2,1,0,3,2,1,0,3.875277777777778
6,0,0.0,4,2,2,0,5,2,3,0,7.413055555555555
3,0,0.0,3,3,1,0,3,2,1,0,6.823611111111111
4,0,0.0,3,3,3,0,2,2,0,0,0.02638888888888889
2,0,0.0,2,1,1,0,0,1,0,0,0.0002777777777777778
2,0,0.0,1,2,2,0,1,1,0,0,1.6583333333333334
2,0,0.0,2,2,2,0,1,1,0,0,3.6575
2,0,0.0,2,2,1,0,2,1,0,0,0.0033333333333333335
2,0,0.0,2,1,1,0,2,2,1,0,0.006111111111111111
5,0,0.0,4,3,2,0,4,3,1,1,8.141111111111112
2,0,0.0,2,2,1,0,2,1,0,0,0.041666666666666664
1,0,0.0,1,1,1,0,1,1,0,0,0.0
4,0,0.0,2,2,1,0,4,2,3,0,7.805833333333333
4,0,0.0,2,2,2,0,2,1,0,0,6.503055555555555
4,0,0.0,2,2,2,0,3,1,0,0,6.000555555555556
5,0,0.0,4,2,1,0,5,3,2,1,7.1975
2,0,0.0,2,2,1,0,2,2,1,0,5.774166666666667
10,0,0.0,3,3,2,0,9,2,4,0,7.316944444444444
1,0,0.0,1,1,1,0,1,1,0,0,0.0
1,0,0.0,1,1,1,0,1,1,1,0,0.0
3,0,0.0,2,2,2,0,2,2,1,0,5.358611111111111
3,0,0.0,2,1,2,0,2,2,2,0,4.038611111111111
3,0,0.0,3,1,3,0,1,3,1,0,0.43555555555555553
2,0,0.0,1,1,1,0,2,1,2,0,6.246666666666667
3,0,0.0,1,2,1,0,3,2,2,0,2.762777777777778
2,0,0.0,2,1,1,0,2,1,2,0,3.71
4,0,0.0,4,3,2,0,3,2,1,0,5.992222222222222
5,0,0.0,3,2,2,0,3,2,1,0,2.758611111111111
18,0,0.0,2,2,1,0,18,2,9,0,8.345833333333333
5,0,0.0,3,2,2,0,4,2,3,0,6.3875
1,0,0.0,1,1,1,0,1,1,0,1,0.0
2,0,0.0,2,2,1,0,2,2,1,0,2.903888888888889
3,0,0.0,3,3,2,0,2,2,0,0,0.01138888888888889
1,1,1.0,1,1,1,0,0,1,0,0,0.0
1,0,0.0,1,1,1,0,1,1,0,1,0.0
1,0,0.0,1,1,1,0,0,1,0,0,0.0
5,0,0.0,2,2,2,0,3,2,1,0,7.118333333333333
4,0,0.0,3,2,2,0,3,3,1,1,5.615833333333334
1,0,0.0,1,1,1,0,1,1,1,0,0.0
20,0,0.0,4,4,2,0,19,3,11,1,8.165833333333333
1,0,0.0,1,1,1,0,0,1,0,0,0.0
2,0,0.0,2,2,1,0,2,2,1,0,5.346111111111111
4,0,0.0,2,3,1,0,4,2,2,0,6.5777777777777775
3,0,0.0,2,2,2,0,2,2,1,0,6.9025
1,0,0.0,1,1,1,0,0,1,0,0,0.0
1,0,0.0,1,1,1,0,1,1,1,0,0.0
3,0,0.0,2,2,1,0,3,2,1,0,7.8069444444444445
4,0,0.0,4,3,2,0,3,2,1,0,7.956666666666667
3,0,0.0,3,3,1,0,3,1,0,0,4.988888888888889
6,0,0.0,1,2,2,0,4,2,0,1,8.567222222222222
2,0,0.0,2,2,1,0,2,2,1,0,0.2563888888888889
3,0,0.0,2,2,1,0,3,2,2,0,0.8091666666666667
3,0,0.0,1,1,1,0,3,1,3,0,3.0766666666666667
1,0,0.0,1,1,1,0,1,1,0,0,0.0
4,0,0.0,3,3,1,0,4,2,2,0,5.299166666666666
2,0,0.0,1,1,1,0,2,1,2,0,5.2572222222222225
1,0,0.0,1,1,1,0,1,1,0,0,0.0
2,0,0.0,2,2,2,0,1,1,0,0,2.453611111111111
1,0,0.0,1,1,1,0,1,1,0,0,0.0
17,0,0.0,4,3,2,0,16,2,7,0,7.594166666666666
4,0,0.0,2,2,1,0,4,2,2,0,1.8102777777777779
2,0,0.0,2,2,1,0,2,2,1,0,3.415277777777778
4,0,0.0,3,2,1,0,4,2,3,0,7.787222222222222
2,0,0.0,1,2,1,0,2,2,1,0,3.04
3,0,0.0,3,3,1,0,3,2,1,0,0.35388888888888886
4,0,0.0,2,2,1,0,4,2,1,0,4.4991666666666665
5,0,0.0,2,2,1,0,5,2,3,0,2.995
5,0,0.0,3,3,1,0,5,1,0,0,4.462777777777778
3,0,0.0,1,1,1,0,3,1,0,0,6.2588888888888885
1,0,0.0,1,1,1,0,1,1,0,0,0.0
3,0,0.0,2,2,2,0,2,2,1,0,0.0636111111111111
3,0,0.0,2,2,1,0,3,1,0,0,3.9719444444444445
8,0,0.0,6,3,1,0,8,2,4,0,7.379444444444444
5,0,0.0,4,3,1,0,5,2,4,0,4.499444444444444
4,0,0.0,3,2,1,0,4,2,2,0,3.5694444444444446
1,0,0.0,1,1,1,0,0,1,0,0,0.0
4,0,0.0,4,2,2,0,3,3,2,0,0.16305555555555556
2,0,0.0,2,2,2,0,1,1,0,0,1.4302777777777778
9,0,0.0,3,3,2,0,8,2,4,0,8.003055555555555
3,0,0.0,3,1,1,0,3,2,2,0,7.933055555555556
7,0,0.0,3,3,1,0,7,2,4,0,5.010833333333333
2,0,0.0,2,1,2,0,1,2,1,0,0.009444444444444445
3,0,0.0,3,2,1,0,3,2,1,0,4.63
3,0,0.0,3,2,2,0,2,2,1,0,1.788888888888889
6,0,0.0,4,2,1,0,6,3,4,1,2.7377777777777776
2,0,0.0,1,2,2,0,1,1,0,0,0.25305555555555553
6,0,0.0,3,1,2,0,3,2,3,0,5.505
2,0,0.0,1,1,1,0,2,1,0,0,2.0630555555555556
1,0,0.0,1,1,1,0,1,1,0,0,0.0
2,0,0.0,2,2,1,0,2,2,1,0,1.52
2,0,0.0,1,2,1,0,2,2,1,0,4.920277777777778
1,0,0.0,1,1,1,0,1,1,1,0,0.0
4,0,0.0,4,4,2,0,3,1,0,0,3.8247222222222224
1,0,0.0,1,1,1,0,1,1,1,0,0.0
3,0,0.0,2,2,1,0,3,1,0,0,5.118333333333333
1,0,0.0,1,1,1,0,1,1,1,0,0.0
4,0,0.0,3,2,2,0,2,1,0,0,4.594444444444444
5,0,0.0,4,2,2,0,4,2,3,0,4.883333333333334
1,0,0.0,1,1,1,0,1,1,0,0,0.0
4,0,0.0,2,1,2,0,3,3,2,1,6.25
2,0,0.0,2,2,1,0,2,1,0,0,2.7797222222222224
1,0,0.0,1,1,1,0,1,1,0,0,0.0
3,0,0.0,3,3,1,0,3,2,1,0,4.908333333333333
2,0,0.0,1,2,1,0,2,2,1,0,1.9802777777777778
3,0,0.0,2,2,2,0,2,2,1,0,4.900833333333333
2,0,0.0,2,2,1,0,2,2,1,0,1.9697222222222222
1,0,0.0,1,1,1,0,1,1,0,0,0.0
3,0,0.0,3,2,2,0,2,2,0,1,3.1975
4,0,0.0,3,3,1,0,4,1,0,0,0.17583333333333334
1,0,0.0,1,1,1,0,1,1,1,0,0.0
2,0,0.0,2,2,1,0,2,2,1,0,1.666111111111111
2,0,0.0,1,1,2,0,1,2,1,0,0.0
1,0,0.0,1,1,1,0,1,1,1,0,0.0
3,0,0.0,3,1,2,0,2,2,2,0,0.9555555555555556
29,0,0.0,4,3,2,0,26,2,13,0,8.491666666666667
6,0,0.0,5,2,2,0,4,2,3,0,7.895277777777777
4,0,0.0,3,3,1,0,4,3,2,1,5.629166666666666
17,0,0.0,4,4,2,0,16,2,5,0,7.881111111111111
4,0,0.0,3,2,1,0,4,2,3,0,7.255
7,0,0.0,3,1,2,0,4,2,4,0,5.993055555555555
5,0,0.0,4,3,2,0,3,2,1,0,6.543055555555555
4,0,0.0,2,2,1,0,4,2,2,0,7.016388888888889
4,0,0.0,3,3,1,0,4,2,3,0,8.518611111111111
3,0,0.0,2,2,1,0,3,2,2,0,2.2391666666666667
2,0,0.0,2,1,2,0,1,2,1,0,1.6655555555555555
1,0,0.0,1,1,1,0,1,1,1,0,0.0
2,0,0.0,2,1,2,0,1,2,1,0,0.1325
1,0,0.0,1,1,1,0,1,1,0,0,0.0
6,0,0.0,2,3,2,0,5,2,4,0,4.504444444444444
1,0,0.0,1,1,1,0,1,1,1,0,0.0
1,0,0.0,1,1,1,0,1,1,0,0,0.0
2,0,0.0,2,2,1,0,2,2,1,0,2.951388888888889
6,0,0.0,4,4,2,0,5,1,0,0,5.066666666666666
1,0,0.0,1,1,1,0,1,1,0,0,0.0
2,0,0.0,2,2,1,0,2,1,0,0,1.2497222222222222
4,0,0.0,3,2,2,0,3,2,0,1,8.136388888888888
2,0,0.0,1,1,1,0,2,1,0,0,0.013333333333333334
5,0,0.0,3,2,2,0,3,2,2,0,2.941388888888889
4,0,0.0,3,2,2,0,3,2,2,0,6.200555555555556
3,0,0.0,2,3,1,0,3,2,1,0,5.609166666666667
5,0,0.0,2,3,2,0,4,2,1,0,8.261111111111111
2,0,0.0,2,2,1,0,2,2,1,0,0.6805555555555556
1,0,0.0,1,1,1,0,0,1,0,0,0.0
10,0,0.0,4,3,2,0,8,3,3,2,4.873333333333333
1,0,0.0,1,1,1,0,1,1,1,0,0.0
2,0,0.0,1,1,1,0,2,1,2,0,1.0130555555555556
2,0,0.0,2,1,1,0,0,1,0,0,0.33305555555555555
4,0,0.0,3,1,3,0,1,3,1,0,0.25333333333333335
1,0,0.0,1,1,1,0,1,1,0,0,0.0
5,0,0.0,3,2,2,0,4,2,3,0,5.746666666666667
6,0,0.0,2,2,1,0,6,2,3,0,5.389444444444444
1,0,0.0,1,1,1,0,0,1,0,0,0.0
2,0,0.0,1,1,1,0,2,1,0,0,2.0052777777777777
2,0,0.0,1,2,1,0,2,2,1,0,0.09888888888888889
1,0,0.0,1,1,1,0,0,1,0,0,0.0
5,0,0.0,4,4,2,0,4,2,1,0,3.8080555555555557
23,0,0.0,4,3,1,0,23,3,14,1,8.612222222222222
2,0,0.0,1,2,1,0,2,2,1,0,0.8988888888888888
1,0,0.0,1,1,1,0,1,1,0,0,0.0
2,0,0.0,2,2,1,0,2,1,2,0,5.995277777777778
6,0,0.0,3,4,1,0,6,2,2,0,5.3405555555555555
8,0,0.0,4,5,1,0,8,2,4,0,8.033333333333333
1,0,0.0,1,1,1,0,1,1,1,0,0.0
4,0,0.0,4,4,1,0,4,2,1,0,5.560277777777777
2,0,0.0,2,2,1,0,2,1,0,0,0.10361111111111111
3,0,0.0,3,2,2,0,2,3,0,1,0.5877777777777777
1,0,0.0,1,1,1,0,1,1,0,1,0.0
1,0,0.0,1,1,1,0,1,1,0,0,0.0
4,0,0.0,3,1,2,0,3,2,3,0,6.22
2,0,0.0,2,2,1,0,2,2,1,0,2.504722222222222
4,0,0.0,2,2,2,0,3,2,2,0,7.889166666666667
10,0,0.0,4,4,1,0,10,3,5,1,6.770833333333333
4,0,0.0,3,2,1,0,4,2,2,0,4.976666666666667
3,0,0.0,1,2,1,0,3,2,1,0,3.9902777777777776
1,0,0.0,1,1,1,0,1,1,0,0,0.0
6,0,0.0,3,2,2,0,5,3,1,1,5.683055555555556
2,0,0.0,2,2,1,0,2,1,0,0,1.4730555555555556
5,0,0.0,3,2,1,0,5,2,4,0,5.343333333333334
7,0,0.0,4,3,1,0,7,2,4,0,1.386111111111111
2,0,0.0,1,2,1,0,2,2,1,0,1.2397222222222222
1,0,0.0,1,1,1,0,1,1,1,0,0.0
2,0,0.0,2,1,1,0,2,1,2,0,3.056388888888889
7,0,0.0,4,2,2,0,6,2,5,0,8.509444444444444
8,0,0.0,5,3,2,0,6,2,4,0,4.615277777777778
8,0,0.0,3,4,1,0,8,2,2,0,6.183888888888889
1,0,0.0,1,1,1,0,1,1,1,0,0.0
1,0,0.0,1,1,1,0,1,1,1,0,0.0
2,0,0.0,1,2,1,0,2,2,1,0,2.656388888888889
2,0,0.0,2,2,1,0,2,2,1,0,0.0016666666666666668
11,0,0.0,5,3,2,0,9,2,5,0,8.4125
2,0,0.0,2,2,2,0,1,1,0,0,3.5683333333333334
5,0,0.0,4,5,1,0,5,2,2,0,7.549166666666666
2,0,0.0,1,1,1,0,2,1,2,0,7.608888888888889
3,0,0.0,3,2,1,0,3,2,2,0,3.609166666666667
6,0,0.0,2,3,1,0,6,3,2,1,7.4655555555555555
4,0,0.0,4,4,2,0,3,2,0,0,3.5416666666666665
1,0,0.0,1,1,1,0,1,1,1,0,0.0
1,0,0.0,1,1,1,0,0,1,0,0,0.0
3,0,0.0,3,3,1,0,3,2,2,0,6.525833333333333
3,0,0.0,3,1,1,0,3,2,2,0,6.1386111111111115
1,0,0.0,1,1,1,0,1,1,1,0,0.0
2,0,0.0,1,2,1,0,2,2,1,0,4.495
1,0,0.0,1,1,1,0,1,1,0,0,0.0
5,0,0.0,2,2,1,0,5,2,2,0,5.433333333333334
5,0,0.0,3,1,2,0,3,2,3,0,7.0569444444444445
3,0,0.0,2,2,1,0,3,2,2,0,4.118333333333333
18,0,0.0,6,4,2,0,16,2,8,0,8.45
3,0,0.0,3,3,1,0,3,2,1,0,3.885
4,0,0.0,3,3,1,0,4,2,1,0,5.759166666666666
2,0,0.0,1,1,1,0,2,1,2,0,4.025277777777778
1,0,0.0,1,1,1,0,1,1,0,0,0.0
3,0,0.0,1,2,1,0,3,2,1,0,5.1275
1,0,0.0,1,1,1,0,1,1,0,0,0.0
1,0,0.0,1,1,1,0,1,1,0,0,0.0
3,0,0.0,1,2,1,0,3,2,2,0,4.0
4,0,0.0,2,3,1,0,4,2,3,0,5.8372222222222225
1,0,0.0,1,1,1,0,1,1,0,0,0.0
3,0,0.0,2,2,1,0,3,1,0,0,0.6644444444444444
5,0,0.0,4,3,2,0,3,2,1,0,5.519166666666667
2,0,0.0,2,1,2,0,1,2,1,0,0.20833333333333334
43,0,0.0,2,2,2,0,20,2,13,0,8.213333333333333
6,0,0.0,3,2,2,0,5,2,4,0,7.079166666666667
4,0,0.0,1,2,1,0,4,2,2,0,5.498333333333333
5,0,0.0,4,5,1,0,5,2,0,1,3.8475
1,0,0.0,1,1,1,0,1,1,1,0,0.0
6,0,0.0,3,2,1,0,6,3,1,1,5.5
10,0,0.0,6,5,2,0,9,3,3,1,8.314444444444444
3,0,0.0,2,3,1,0,3,2,1,0,3.042777777777778
3,0,0.0,2,2,1,0,3,2,2,0,3.6533333333333333
4,0,0.0,3,1,2,0,2,2,2,0,6.500277777777778
6,0,0.0,3,4,1,0,6,2,1,0,4.0152777777777775
5,0,0.0,4,4,2,0,4,2,2,0,7.934444444444445
1,0,0.0,1,1,1,0,1,1,1,0,0.0
2,0,0.0,1,2,1,0,2,2,1,0,0.7466666666666667
2,0,0.0,2,2,1,0,2,1,0,0,5.4225
3,0,0.0,2,2,1,0,3,2,1,0,1.565
3,0,0.0,1,2,1,0,3,2,2,0,6.046388888888889
6,0,0.0,5,5,2,0,5,1,0,0,7.534166666666667
2,0,0.0,2,2,1,0,2,1,0,0,5.017777777777778
2,0,0.0,1,2,1,0,2,2,1,0,3.7475
6,0,0.0,3,2,2,0,5,2,1,0,3.9480555555555554
5,0,0.0,3,2,2,0,4,2,3,0,5.25
4,0,0.0,2,2,1,0,4,2,3,0,5.552777777777778
5,0,0.0,3,3,1,0,5,2,2,0,6.890833333333333
4,0,0.0,2,2,1,0,4,3,1,1,6.409166666666667
5,0,0.0,4,1,2,0,4,2,4,0,6.507777777777778
3,0,0.0,3,3,1,0,3,2,1,0,1.6827777777777777
1,0,0.0,1,1,1,0,1,1,0,0,0.0
2,0,0.0,2,1,2,0,1,2,1,0,1.1311111111111112
5,0,0.0,3,3,2,0,4,2,2,0,6.626111111111111
4,0,0.0,3,3,1,0,4,2,1,0,7.043055555555555
1,0,0.0,1,1,1,0,1,1,0,0,0.0
24,0,0.0,3,3,1,0,24,2,12,0,7.901111111111111
1,0,0.0,1,1,1,0,1,1,1,0,0.0
2,0,0.0,2,1,1,0,2,1,2,0,0.7966666666666666
7,0,0.0,2,2,1,0,7,2,4,0,6.004166666666666
4,0,0.0,2,3,2,0,3,2,1,0,2.9994444444444444
2,0,0.0,2,2,1,0,2,2,1,0,3.5883333333333334
5,0,0.0,3,3,2,0,4,3,1,1,6.753611111111111
2,0,0.0,2,2,1,0,2,2,1,0,3.5416666666666665
4,0,0.0,3,3,2,0,3,2,1,0,4.033611111111111
3,0,0.0,2,3,1,0,3,2,1,0,0.09861111111111111
6,0,0.0,2,2,2,0,5,2,3,0,4.854722222222223
1,0,0.0,1,1,1,0,1,1,0,0,0.0
2,0,0.0,2,2,1,0,2,2,1,0,0.20972222222222223
4,0,0.0,2,3,1,0,4,2,1,0,4.249722222222222
2,0,0.0,2,2,1,0,2,1,0,0,0.002777777777777778
6,0,0.0,6,2,2,0,4,2,2,0,5.111666666666666
6,0,0.0,3,4,1,0,6,2,3,0,7.003055555555555
4,0,0.0,3,3,2,0,2,1,0,0,7.461111111111111
2,0,0.0,1,1,1,0,2,1,0,0,3.75
4,0,0.0,2,3,1,0,4,2,1,0,5.285833333333334
6,0,0.0,2,2,1,0,6,3,3,1,7.553055555555556
2,0,0.0,2,2,2,0,1,1,0,0,8.39
1,0,0.0,1,1,1,0,0,1,0,0,0.0
2,0,0.0,1,1,1,0,2,1,0,0,0.5
6,0,0.0,2,3,1,0,6,2,3,0,7.497777777777777
6,0,0.0,3,2,2,0,5,2,4,0,7.053055555555556
5,0,0.0,2,2,1,0,5,2,4,0,4.213333333333333
3,0,0.0,1,2,1,0,3,2,1,0,4.983611111111111
4,0,0.0,3,3,1,0,4,2,1,0,1.638611111111111
3,0,0.0,3,3,1,0,3,2,1,0,4.759166666666666
3,0,0.0,2,1,2,0,1,2,0,1,0.11722222222222223
2,0,0.0,2,2,1,0,2,1,0,0,4.750277777777778
1,0,0.0,1,1,1,0,1,1,1,0,0.0
3,0,0.0,2,1,2,0,2,2,2,0,2.7519444444444443
7,0,0.0,3,4,1,0,7,2,1,0,7.186944444444444
1,0,0.0,1,1,1,0,1,1,1,0,0.0
5,0,0.0,2,3,1,0,5,2,3,0,5.1575
4,0,0.0,2,2,1,0,4,2,2,0,0.7491666666666666
3,0,0.0,3,2,1,0,3,2,1,0,1.9741666666666666
4,0,0.0,3,2,2,0,3,2,2,0,2.575
1,0,0.0,1,1,1,0,1,1,0,0,0.0
1,0,0.0,1,1,1,0,1,1,1,0,0.0
3,0,0.0,1,2,1,0,3,2,2,0,2.7675
4,0,0.0,3,2,2,0,2,2,1,0,0.4236111111111111
6,0,0.0,3,2,2,0,5,2,2,0,6.878333333333333
5,0,0.0,2,2,2,0,3,1,0,0,4.776666666666666
2,0,0.0,2,2,2,0,1,1,0,0,0.005833333333333334
3,0,0.0,3,3,1,0,3,2,1,0,4.5377777777777775
10,0,0.0,4,3,2,0,8,2,5,0,6.836111111111111
1,0,0.0,1,1,1,0,1,1,0,0,0.0
2,0,0.0,2,2,2,0,1,1,0,0,0.355
7,0,0.0,3,3,2,0,6,2,4,0,5.7525
1,0,0.0,1,1,1,0,1,1,0,0,0.0
1,0,0.0,1,1,1,0,1,1,1,0,0.0
1,0,0.0,1,1,1,0,1,1,0,0,0.0
1,0,0.0,1,1,1,0,1,1,0,0,0.0
2,0,0.0,2,2,1,0,2,2,1,0,2.3869444444444445
3,0,0.0,2,3,1,0,3,2,1,0,1.6580555555555556
4,0,0.0,2,2,1,0,4,2,3,0,6.491388888888889
6,0,0.0,3,1,2,0,5,2,5,0,6.040277777777778
23,0,0.0,3,5,1,0,23,2,0,9,7.161111111111111
1,0,0.0,1,1,1,0,1,1,0,0,0.0
2,0,0.0,2,2,2,0,1,2,1,0,7.254444444444444
3,0,0.0,1,2,1,0,3,2,2,0,0.6844444444444444
1,0,0.0,1,1,1,0,1,1,0,0,0.0
2,0,0.0,2,2,1,0,2,2,1,0,5.308888888888889
2,0,0.0,1,1,1,0,2,1,2,0,1.2497222222222222
1,0,0.0,1,1,1,0,1,1,0,0,0.0
2,0,0.0,2,2,1,0,2,1,0,0,5.354166666666667
1,0,0.0,1,1,1,0,1,1,1,0,0.0
2,0,0.0,2,1,2,0,1,2,1,0,1.4894444444444443
6,0,0.0,4,5,1,0,6,2,1,0,7.142777777777778
7,0,0.0,3,4,1,0,7,2,2,0,7.601111111111111
3,0,0.0,3,2,1,0,3,3,1,1,4.336666666666667
5,0,0.0,3,2,2,0,4,2,3,0,4.355277777777777
3,0,0.0,3,2,2,0,2,2,1,0,8.325833333333334
2,0,0.0,2,1,1,0,2,2,1,1,3.5838888888888887
1,0,0.0,1,1,1,0,1,1,1,0,0.0
2,0,0.0,1,2,1,0,2,2,1,0,2.766388888888889
2,0,0.0,2,2,2,0,1,1,0,0,0.08444444444444445
3,0,0.0,1,2,1,0,3,2,2,0,2.539722222222222
3,0,0.0,3,1,2,0,2,2,2,0,4.292222222222223
2,0,0.0,2,2,1,0,2,2,1,0,0.7897222222222222
1,0,0.0,1,1,1,0,1,1,1,0,0.0
2,0,0.0,2,2,1,0,2,2,1,0,0.1425
2,0,0.0,1,1,1,0,2,1,0,0,3.4444444444444446
4,0,0.0,3,4,1,0,4,2,1,0,7.086944444444445
4,0,0.0,2,3,1,0,4,2,1,0,3.515833333333333
4,0,0.0,2,2,2,0,3,2,2,0,6.9925
3,0,0.0,2,2,1,0,3,1,0,0,3.4325
1,0,0.0,1,1,1,0,1,1,1,0,0.0
2,0,0.0,2,2,1,0,2,2,1,0,2.347777777777778
3,0,0.0,1,2,1,0,3,2,2,0,6.041111111111111
3,0,0.0,3,2,1,0,3,2,1,0,5.256944444444445
4,0,0.0,2,2,1,0,4,2,3,0,1.646111111111111
5,0,0.0,3,3,1,0,5,2,2,0,8.469166666666666
9,0,0.0,3,4,1,0,9,2,3,0,6.5425
9,0,0.0,4,5,1,0,9,2,3,0,7.386111111111111
2,0,0.0,2,2,1,0,2,2,1,0,4.329722222222222
31,0,0.0,8,5,3,0,29,3,13,0,7.435277777777777
3,0,0.0,2,1,1,0,3,1,3,0,6.27
3,0,0.0,2,3,1,0,3,2,1,0,5.638888888888889
8,0,0.0,4,4,1,0,8,3,3,1,7.55
8,0,0.0,2,3,1,0,8,2,3,0,6.747777777777777
3,0,0.0,2,2,1,0,3,2,2,0,3.41
1,0,0.0,1,1,1,0,1,1,0,0,0.0
4,0,0.0,2,3,1,0,4,2,2,0,4.530833333333334
2,0,0.0,2,2,1,0,2,2,1,0,4.394722222222223
1,0,0.0,1,1,1,0,1,1,1,0,0.0
1,0,0.0,1,1,1,0,0,1,0,0,0.0
5,0,0.0,2,3,1,0,5,2,3,0,4.2636111111111115
3,0,0.0,3,2,1,0,3,2,2,0,1.8138888888888889
2,0,0.0,2,1,2,0,1,2,1,0,4.7347222222222225
1,0,0.0,1,1,1,0,1,1,0,0,0.0
2,0,0.0,2,2,1,0,2,1,0,0,4.996111111111111
3,0,0.0,2,3,1,0,3,2,1,0,6.253055555555555
1,0,0.0,1,1,1,0,1,1,0,1,0.0
5,0,0.0,2,2,1,0,5,2,3,0,7.255833333333333
3,0,0.0,1,2,1,0,3,2,1,0,5.16
2,0,0.0,2,1,1,0,0,1,0,0,0.030555555555555555
6,0,0.0,5,3,2,0,4,2,2,0,8.036666666666667
5,0,0.0,2,2,1,0,5,3,3,1,6.932777777777778
2,0,0.0,2,1,1,0,2,2,1,0,0.0002777777777777778
6,0,0.0,2,3,1,0,6,3,1,1,6.543055555555555
8,0,0.0,4,4,2,0,7,2,4,0,7.881111111111111
9,0,0.0,4,4,2,0,8,4,1,2,8.615
5,0,0.0,2,2,1,0,5,2,4,0,3.653888888888889
1,0,0.0,1,1,1,0,1,1,0,0,0.0
5,0,0.0,2,2,1,0,5,2,3,0,5.301111111111111
3,0,0.0,3,3,1,0,3,2,0,1,5.558611111111111
3,0,0.0,2,2,1,0,3,2,2,0,3.6633333333333336
3,0,0.0,2,2,1,0,3,2,2,0,6.984166666666667
2,0,0.0,1,1,1,0,2,1,0,0,1.6672222222222222
3,0,0.0,2,3,1,0,3,2,1,0,0.024722222222222222
3,0,0.0,2,2,1,0,3,2,2,0,0.0425
3,0,0.0,3,2,2,0,2,2,2,0,1.8244444444444445
5,0,0.0,3,3,1,0,5,1,0,0,4.678888888888889
2,0,0.0,2,1,2,0,1,1,0,0,5.215
3,0,0.0,3,3,1,0,3,2,1,0,0.1175
1,0,0.0,1,1,1,0,1,1,1,0,0.0
3,0,0.0,2,3,2,0,2,2,1,0,6.147222222222222
1,0,0.0,1,1,1,0,1,1,0,1,0.0
3,0,0.0,2,2,2,0,2,1,0,0,5.988888888888889
2,0,0.0,1,2,1,0,2,2,1,0,1.8975
4,0,0.0,1,1,1,0,4,1,0,0,3.7669444444444444
4,0,0.0,3,3,1,0,4,1,0,0,5.138333333333334
1,0,0.0,1,1,1,0,1,1,1,0,0.0
2,0,0.0,2,2,1,0,2,2,1,0,0.31833333333333336
1,0,0.0,1,1,1,0,1,1,0,0,0.0
5,0,0.0,2,3,1,0,5,2,1,0,6.656944444444444
2,0,0.0,2,2,1,0,2,1,0,0,3.216388888888889
3,0,0.0,2,3,1,0,3,2,1,0,6.7619444444444445
3,0,0.0,3,2,2,0,2,2,1,0,4.973055555555556
3,0,0.0,2,2,1,0,3,1,0,0,5.2941666666666665
4,0,0.0,1,2,1,0,4,2,2,0,4.894166666666667
2,0,0.0,1,2,1,0,2,2,1,0,0.0125
3,0,0.0,2,2,1,0,3,1,0,0,5.000555555555556
8,0,0.0,3,3,1,0,8,3,2,1,7.5536111111111115
3,0,0.0,1,2,1,0,3,2,2,0,5.286944444444444
19,0,0.0,5,6,2,0,18,2,7,0,7.4675
4,0,0.0,2,3,1,0,4,2,1,0,2.8005555555555555
3,0,0.0,2,3,1,0,3,2,1,0,1.3775
2,0,0.0,2,1,2,0,1,2,1,0,4.1075
2,0,0.0,2,2,1,0,2,2,1,0,5.5575
5,0,0.0,4,3,1,0,5,3,2,1,5.1925
1,0,0.0,1,1,1,0,1,1,1,0,0.0
3,0,0.0,2,2,1,0,3,2,2,0,7.365
1,0,0.0,1,1,1,0,1,1,1,0,0.0
7,0,0.0,4,1,2,0,6,3,5,1,7.749722222222222
4,0,0.0,2,2,2,0,3,2,2,0,7.434444444444445
1,0,0.0,1,1,1,0,1,1,1,0,0.0
2,0,0.0,2,1,1,0,0,1,0,0,0.0016666666666666668
2,0,0.0,1,1,1,0,2,1,2,0,0.21055555555555555
6,0,0.0,3,2,2,0,5,2,4,0,3.9591666666666665
5,0,0.0,2,2,2,0,3,1,0,0,6.76
5,0,0.0,3,3,2,0,4,1,0,0,6.898333333333333
2,0,0.0,2,2,1,0,2,2,1,0,0.21833333333333332
3,0,0.0,1,2,1,0,3,2,1,0,3.5869444444444443
3,0,0.0,1,2,2,0,2,2,1,0,6.234444444444445
1,0,0.0,1,1,1,0,1,1,1,0,0.0
3,0,0.0,1,2,1,0,3,2,1,0,4.517777777777778
4,0,0.0,2,2,1,0,4,2,2,0,1.8741666666666668
1,0,0.0,1,1,1,0,1,1,0,0,0.0
1,0,0.0,1,1,1,0,1,1,1,0,0.0
3,3,1.0,2,1,2,0,1,2,0,1,0.04888888888888889
4,0,0.0,2,2,2,0,3,2,1,0,2.2416666666666667
2,0,0.0,1,2,1,0,2,2,1,0,1.021388888888889
3,0,0.0,1,2,1,0,3,2,2,0,3.7383333333333333
3,0,0.0,2,2,1,0,3,2,2,0,8.141666666666667
5,0,0.0,3,4,2,0,4,2,1,0,5.003055555555555
3,0,0.0,2,1,1,0,3,2,1,2,1.8066666666666666
3,0,0.0,2,2,1,0,3,2,0,1,5.995833333333334
2,0,0.0,2,2,1,0,2,2,1,0,3.8783333333333334
2,0,0.0,2,1,1,0,2,1,2,0,1.7877777777777777
1,0,0.0,1,1,1,0,1,1,0,0,0.0
4,0,0.0,3,3,2,0,3,2,0,1,3.6347222222222224
2,0,0.0,1,1,1,0,2,1,2,0,0.08388888888888889
6,0,0.0,4,4,1,0,6,2,1,0,4.661388888888889
2,0,0.0,2,1,2,0,1,2,1,0,0.01861111111111111
1,0,0.0,1,1,1,0,1,1,0,0,0.0
23,0,0.0,2,3,1,0,23,2,11,0,8.409722222222221
27,0,0.0,2,2,2,0,10,2,6,0,6.997222222222222
2,0,0.0,2,1,1,0,2,2,1,1,5.344166666666666
2,0,0.0,2,2,1,0,2,2,1,0,6.021111111111111
3,0,0.0,2,2,2,0,1,1,0,0,3.496111111111111
2,0,0.0,2,1,1,0,2,1,2,0,3.3269444444444445
40,0,0.0,16,11,2,0,37,2,15,0,8.522777777777778
1,0,0.0,1,1,1,0,1,1,0,0,0.0
3,0,0.0,1,2,1,0,3,2,1,0,4.003333333333333
1,0,0.0,1,1,1,0,1,1,0,0,0.0
3,0,0.0,3,2,2,0,2,2,1,0,6.726111111111111
3,0,0.0,2,2,1,0,3,2,2,0,3.241388888888889
3,0,0.0,1,2,1,0,3,2,1,0,2.2463888888888888
1,0,0.0,1,1,1,0,1,1,0,0,0.0
2,0,0.0,2,2,1,0,2,1,0,0,2.2630555555555554
2,0,0.0,2,2,1,0,2,2,0,1,1.6613888888888888
3,0,0.0,2,3,2,0,2,1,0,0,7.061388888888889
3,0,0.0,2,2,2,0,2,2,1,0,7.142222222222222
2,0,0.0,2,2,1,0,2,1,0,0,0.30694444444444446
3,0,0.0,2,1,1,0,3,1,3,0,0.19611111111111112
4,0,0.0,2,2,1,0,4,2,2,0,5.249444444444444
5,0,0.0,3,3,2,0,4,2,2,0,6.865277777777778
16,0,0.0,7,7,2,0,15,2,6,0,8.116666666666667
1,0,0.0,1,1,1,0,1,1,1,0,0.0
2,0,0.0,1,2,2,0,1,1,0,0,5.760277777777778
1,0,0.0,1,1,1,0,1,1,0,0,0.0
4,0,0.0,2,2,1,0,4,2,2,0,2.4919444444444445
7,0,0.0,3,3,1,0,7,2,4,0,7.643055555555556
4,0,0.0,3,3,2,0,3,1,0,0,4.750555555555556
3,0,0.0,3,1,1,0,3,2,2,0,7.269722222222223
1,0,0.0,1,1,1,0,1,1,1,0,0.0
2,0,0.0,2,2,1,0,2,2,1,0,0.8955555555555555
2,0,0.0,2,1,1,0,2,1,2,0,3.8025
9,0,0.0,2,3,1,0,9,2,2,0,7.256666666666667
3,0,0.0,2,1,2,0,1,2,1,0,6.555833333333333
4,0,0.0,2,2,2,0,3,2,1,0,3.922222222222222
11,0,0.0,7,4,2,0,9,2,5,0,6.012777777777778
5,0,0.0,2,1,1,0,5,1,5,0,6.1738888888888885
3,0,0.0,2,2,2,0,2,2,1,0,6.419444444444444
3,0,0.0,3,3,2,0,2,2,0,0,5.142222222222222
4,0,0.0,2,2,2,0,2,1,0,0,6.551944444444445
5,0,0.0,3,3,1,0,5,2,2,0,5.746944444444445
2,0,0.0,1,2,1,0,2,2,1,0,2.25
1,0,0.0,1,1,1,0,1,1,0,0,0.0
2,0,0.0,1,1,1,0,2,1,2,0,2.2416666666666667
2,0,0.0,2,1,2,0,1,2,1,0,0.10277777777777777
6,0,0.0,4,3,2,0,5,2,3,0,7.491388888888889
1,0,0.0,1,1,1,0,1,1,0,0,0.0
1,0,0.0,1,1,1,0,1,1,1,0,0.0
6,0,0.0,4,4,1,0,6,2,3,0,6.1241666666666665
4,0,0.0,2,3,1,0,4,2,1,0,7.258333333333334
1,0,0.0,1,1,1,0,0,1,0,0,0.0
1,0,0.0,1,1,1,0,1,1,0,0,0.0
5,0,0.0,5,4,2,0,4,2,1,0,6.115555555555556
2,0,0.0,1,2,1,0,2,2,1,0,3.151111111111111
1,0,0.0,1,1,1,0,0,1,0,0,0.0
2,0,0.0,2,1,1,0,0,1,0,0,0.0
3,0,0.0,2,1,2,0,2,2,2,0,0.08944444444444444
4,0,0.0,3,4,1,0,4,2,1,0,5.864444444444445
1,0,0.0,1,1,1,0,1,1,0,0,0.0
7,0,0.0,3,2,2,0,6,2,3,0,6.448333333333333
1,0,0.0,1,1,1,0,0,1,0,0,0.0
1,0,0.0,1,1,1,0,1,1,1,0,0.0
3,0,0.0,2,1,2,0,2,2,2,0,4.544722222222222
2,0,0.0,2,2,1,0,2,1,0,0,5.013055555555556
2,0,0.0,2,2,1,0,2,2,1,0,0.3080555555555556
2,0,0.0,2,1,1,0,2,2,1,1,1.913888888888889
82,0,0.0,13,9,2,0,68,2,34,0,8.216666666666667
7,0,0.0,4,3,2,0,6,2,4,0,5.110277777777778
2,0,0.0,1,1,1,0,2,1,0,0,2.269722222222222
5,0,0.0,4,3,1,0,5,2,4,0,3.8016666666666667
4,0,0.0,3,3,2,0,2,1,0,0,6.503055555555555
2,0,0.0,1,1,2,0,1,2,0,1,4.848333333333334
4,0,0.0,4,3,2,0,3,2,1,0,7.310833333333333
8,0,0.0,3,2,1,0,8,3,2,1,5.4591666666666665
1,0,0.0,1,1,1,0,1,1,0,0,0.0
3,0,0.0,1,2,2,0,2,2,1,0,3.1816666666666666
19,19,1.0,2,2,1,0,0,1,0,0,8.105
27,0,0.0,2,2,2,0,10,2,7,0,7.928055555555556
1,0,0.0,1,1,1,0,1,1,0,0,0.0
5,0,0.0,3,3,1,0,5,3,1,1,3.6702777777777778
2,0,0.0,2,1,2,0,1,2,1,0,1.301388888888889
1,0,0.0,1,1,1,0,1,1,0,0,0.0
4,0,0.0,2,3,1,0,4,2,2,0,3.2536111111111112
2,0,0.0,1,1,1,0,2,1,2,0,0.24972222222222223
1,0,0.0,1,1,1,0,1,1,0,0,0.0
3,0,0.0,3,3,2,0,2,1,0,0,7.108888888888889
4,0,0.0,2,2,1,0,4,1,0,0,7.425833333333333
6,0,0.0,3,3,2,0,5,2,2,0,6.743888888888889
3,0,0.0,2,2,2,0,2,1,0,0,3.3675
35,0,0.0,3,3,2,0,15,2,6,0,8.608611111111111
2,0,0.0,1,2,1,0,2,2,1,0,0.0038888888888888888
2,0,0.0,2,2,1,0,2,1,0,0,3.7327777777777778
1,0,0.0,1,1,1,0,1,1,0,0,0.0
3,0,0.0,2,2,1,0,3,2,2,0,6.550833333333333
1,0,0.0,1,1,1,0,1,1,0,0,0.0
1,0,0.0,1,1,1,0,1,1,1,0,0.0
4,0,0.0,2,2,1,0,4,2,2,0,4.5119444444444445
2,0,0.0,2,1,1,0,2,1,2,0,2.2794444444444446
15,0,0.0,6,5,2,0,13,2,6,0,8.244722222222222
3,0,0.0,3,1,2,0,2,2,2,0,6.8438888888888885
2,0,0.0,2,1,1,0,2,2,1,1,0.9983333333333333
1,0,0.0,1,1,1,0,1,1,1,0,0.0
6,0,0.0,5,4,1,0,6,3,2,1,5.079444444444444
1,0,0.0,1,1,1,0,1,1,0,0,0.0
2,0,0.0,2,2,2,0,1,1,0,0,0.005833333333333334
3,0,0.0,3,3,1,0,3,2,1,0,6.718333333333334
2,0,0.0,2,2,1,0,2,2,1,0,6.248888888888889
2,0,0.0,1,2,1,0,2,2,1,0,4.2475
4,0,0.0,2,3,1,0,4,2,1,0,3.1766666666666667
5,0,0.0,4,2,1,0,5,3,3,1,8.040277777777778
6,0,0.0,3,2,2,0,5,2,2,0,6.0925
3,0,0.0,3,2,2,0,2,2,1,0,2.830277777777778
6,0,0.0,2,2,2,0,5,2,1,0,7.748888888888889
3,0,0.0,3,1,2,0,2,3,1,1,3.8675
1,0,0.0,1,1,1,0,1,1,1,0,0.0
9,0,0.0,3,4,2,0,8,3,1,3,5.829166666666667
2,0,0.0,1,2,1,0,2,2,1,0,0.7077777777777777
1,0,0.0,1,1,1,0,1,1,0,0,0.0
6,0,0.0,3,3,1,0,6,2,1,0,7.498333333333333
3,0,0.0,2,3,1,0,3,2,1,0,3.9741666666666666
1,0,0.0,1,1,1,0,1,1,0,0,0.0
1,0,0.0,1,1,1,0,1,1,0,0,0.0
2,0,0.0,1,1,1,0,2,1,2,0,1.4919444444444445
4,0,0.0,3,3,1,0,4,2,1,0,6.9430555555555555
40,0,0.0,2,2,2,0,19,2,10,0,7.950833333333334
4,0,0.0,3,3,1,0,4,2,2,0,7.261388888888889
2,0,0.0,1,1,1,0,2,1,0,0,3.5
2,0,0.0,2,2,1,0,2,2,1,0,3.5252777777777777
4,0,0.0,3,3,2,0,3,2,1,0,7.350833333333333
3,0,0.0,2,2,1,0,3,2,2,0,0.0375
3,0,0.0,2,2,1,0,3,2,2,0,2.544722222222222
7,0,0.0,2,2,1,0,7,3,2,1,8.2775
1,0,0.0,1,1,1,0,1,1,1,0,0.0
2,0,0.0,1,1,1,0,2,1,0,0,0.15166666666666667
4,0,0.0,3,2,2,0,3,2,2,0,7.077222222222222
3,0,0.0,1,1,1,0,3,1,3,0,4.7425
1,0,0.0,1,1,1,0,0,1,0,0,0.0
1,0,0.0,1,1,1,0,1,1,0,0,0.0
4,0,0.0,4,3,1,0,4,3,2,1,4.2844444444444445
2,0,0.0,2,2,1,0,2,1,0,0,7.666666666666667
32,0,0.0,3,3,2,0,16,2,7,0,8.571111111111112
3,0,0.0,2,2,1,0,3,2,2,0,5.571944444444444
5,0,0.0,5,2,1,0,5,2,3,0,7.154444444444445
3,0,0.0,2,1,2,0,2,2,1,0,2.1330555555555555
3,0,0.0,3,1,1,0,3,1,3,0,4.751666666666667
4,0,0.0,2,2,1,0,4,2,2,0,6.3838888888888885
6,0,0.0,3,2,1,0,6,3,2,1,4.932777777777778
4,0,0.0,3,2,1,0,4,2,3,0,6.275
4,0,0.0,4,3,1,0,4,2,2,0,4.731388888888889
1,0,0.0,1,1,1,0,0,1,0,0,0.0
2,0,0.0,1,2,1,0,2,2,1,0,2.2544444444444443
2,0,0.0,2,2,1,0,2,2,1,0,2.0430555555555556
3,0,0.0,2,2,1,0,3,2,1,0,5.766944444444444
1,0,0.0,1,1,1,0,1,1,1,0,0.0
3,0,0.0,2,1,2,0,1,2,1,0,0.13333333333333333
2,0,0.0,2,1,2,0,1,2,1,0,4.758055555555556
1,0,0.0,1,1,1,0,1,1,0,0,0.0
7,0,0.0,3,4,1,0,7,2,4,0,7.591944444444445
2,0,0.0,1,1,2,0,1,2,1,0,3.0927777777777776
2,0,0.0,2,2,2,0,1,1,0,0,4.711944444444445
5,0,0.0,3,2,1,0,5,2,4,0,7.032222222222222
39,0,0.0,2,2,2,0,18,2,8,0,8.180833333333334
3,0,0.0,3,3,1,0,3,2,1,0,6.693888888888889
3,0,0.0,1,1,2,0,2,2,2,0,6.025277777777778
5,0,0.0,3,3,2,0,4,2,2,0,3.7088888888888887
3,0,0.0,2,2,1,0,3,2,2,0,4.401666666666666
2,0,0.0,2,1,1,0,2,1,2,0,6.505833333333333
8,0,0.0,4,2,1,0,8,2,7,0,6.576388888888889
3,0,0.0,2,2,1,0,3,2,2,0,6.2219444444444445
3,0,0.0,3,1,1,0,3,1,3,0,4.6033333333333335
3,0,0.0,1,2,1,0,3,2,1,0,2.013333333333333
4,0,0.0,3,3,2,0,3,1,0,0,4.29
5,0,0.0,2,3,1,0,5,2,2,0,6.913888888888889
1,0,0.0,1,1,1,0,1,1,0,0,0.0
1,0,0.0,1,1,1,0,0,1,0,0,0.0
2,0,0.0,2,2,2,0,1,1,0,0,4.489444444444445
4,0,0.0,2,2,1,0,4,2,3,0,5.988888888888889
2,0,0.0,2,1,2,0,1,2,1,0,0.0011111111111111111
5,0,0.0,3,4,1,0,5,2,2,0,5.114166666666667
4,0,0.0,2,1,2,0,3,2,3,0,2.002222222222222
1,0,0.0,1,1,1,0,1,1,0,0,0.0
1,0,0.0,1,1,1,0,1,1,1,0,0.0
1,0,0.0,1,1,1,0,1,1,1,0,0.0
6,0,0.0,3,3,2,0,5,2,3,0,0.3047222222222222
2,0,0.0,2,1,1,0,2,2,1,1,5.317222222222222
2,0,0.0,2,2,1,0,2,2,0,1,4.132777777777778
2,0,0.0,2,2,1,0,2,1,0,0,0.7997222222222222
4,0,0.0,3,3,2,0,3,1,0,0,5.2475
2,0,0.0,2,2,1,0,2,1,0,0,0.6772222222222222
1,0,0.0,1,1,1,0,1,1,0,0,0.0
2,0,0.0,2,1,1,0,2,1,2,0,5.4061111111111115
1,0,0.0,1,1,1,0,1,1,1,0,0.0
4,0,0.0,2,2,2,0,3,2,1,0,4.606944444444444
6,0,0.0,3,3,1,0,6,2,2,0,6.993888888888889
3,0,0.0,2,2,1,0,3,1,0,0,2.359166666666667
1,0,0.0,1,1,1,0,1,1,1,0,0.0
1,0,0.0,1,1,1,0,1,1,1,0,0.0
6,0,0.0,4,4,1,0,6,2,2,0,8.03138888888889
1,0,0.0,1,1,1,0,1,1,1,0,0.0
1,0,0.0,1,1,1,0,1,1,0,0,0.0
3,0,0.0,2,2,2,0,2,2,1,0,5.761388888888889
5,0,0.0,2,2,2,0,4,2,3,0,7.039166666666667
2,0,0.0,2,2,1,0,2,2,1,0,2.8044444444444445
4,0,0.0,3,1,1,0,4,2,2,2,5.344166666666666
4,0,0.0,4,3,1,0,4,2,3,0,1.7372222222222222
1,0,0.0,1,1,1,0,1,1,0,0,0.0
2,0,0.0,2,2,1,0,2,1,0,0,0.6813888888888889
3,0,0.0,2,2,2,0,2,2,1,0,0.0913888888888889
3,0,0.0,2,1,2,0,2,2,2,0,4.942222222222222
3,0,0.0,2,2,1,0,3,1,0,0,5.585555555555556
1,0,0.0,1,1,1,0,1,1,1,0,0.0
1,0,0.0,1,1,1,0,1,1,0,0,0.0
8,0,0.0,5,4,2,0,7,2,2,0,7.464444444444444
2,0,0.0,2,2,1,0,2,2,1,0,0.005555555555555556
3,0,0.0,1,2,2,0,2,2,1,0,4.664444444444444
2,0,0.0,2,1,2,0,1,2,1,0,4.313055555555556
2,0,0.0,2,1,2,0,1,2,1,0,1.7402777777777778
3,0,0.0,1,1,2,0,2,2,2,0,6.984166666666667
2,0,0.0,1,2,1,0,2,2,1,0,0.42277777777777775
3,0,0.0,3,3,1,0,3,2,1,0,3.2080555555555557
2,0,0.0,1,2,1,0,2,2,1,0,2.2422222222222223
4,0,0.0,3,3,1,0,4,2,2,0,6.373888888888889
2,0,0.0,1,1,2,0,1,2,1,0,1.1613888888888888
19,0,0.0,3,2,2,0,10,2,3,0,7.498888888888889
2,0,0.0,2,2,2,0,1,1,0,0,1.005
1,0,0.0,1,1,1,0,1,1,1,0,0.0
3,0,0.0,2,2,1,0,3,3,1,1,4.704444444444444
1,0,0.0,1,1,1,0,1,1,0,0,0.0
4,0,0.0,1,2,1,0,4,2,2,0,5.506111111111111
1,0,0.0,1,1,1,0,1,1,1,0,0.0
2,0,0.0,2,2,1,0,2,2,1,0,0.4041666666666667
5,0,0.0,4,2,2,0,4,2,3,0,3.4130555555555557
9,0,0.0,4,4,1,0,9,2,4,0,7.5475
2,0,0.0,2,2,1,0,2,2,1,0,4.004166666666666
2,0,0.0,1,1,1,0,2,1,0,0,3.417777777777778
3,0,0.0,2,2,1,0,3,2,1,0,4.247222222222222
2,0,0.0,1,1,1,0,2,1,0,0,2.4472222222222224
3,0,0.0,3,2,2,0,1,1,0,0,6.241666666666666
2,0,0.0,1,1,1,0,2,1,0,0,5.501111111111111
1,0,0.0,1,1,1,0,1,1,1,0,0.0
2,0,0.0,1,2,1,0,2,2,1,0,2.3716666666666666
2,0,0.0,2,2,1,0,2,1,0,0,1.0722222222222222
7,1,0.14285714285714285,3,2,2,0,1,2,0,0,8.02
7,0,0.0,3,3,1,0,7,2,3,0,8.006944444444445
2,0,0.0,1,1,1,0,2,1,2,0,4.000277777777778
4,0,0.0,2,1,1,0,4,1,4,0,7.627222222222223
38,0,0.0,2,2,2,0,24,2,6,0,8.288055555555555
3,0,0.0,1,2,1,0,3,2,1,0,5.71
5,0,0.0,3,2,1,0,5,2,3,0,4.9944444444444445
2,0,0.0,1,1,1,0,2,1,0,0,4.243055555555555
6,0,0.0,4,2,3,0,4,3,2,0,8.562777777777777
3,0,0.0,2,3,2,0,2,1,0,0,1.2544444444444445
4,0,0.0,2,2,2,0,3,2,2,0,3.7063888888888887
1,0,0.0,1,1,1,0,0,1,0,0,0.0
1,0,0.0,1,1,1,0,1,1,0,0,0.0
4,0,0.0,2,3,1,0,4,2,1,0,8.257222222222222
19,0,0.0,3,2,2,0,14,2,9,0,7.2058333333333335
6,0,0.0,4,5,1,0,6,2,2,0,4.887777777777778
2,0,0.0,1,2,1,0,2,2,1,0,1.4758333333333333
2,0,0.0,2,2,1,0,2,2,1,0,3.995833333333333
2,0,0.0,2,2,1,0,2,2,1,0,6.113333333333333
2,0,0.0,1,2,1,0,2,2,1,0,1.8647222222222222
4,0,0.0,3,3,1,0,4,2,1,0,7.503333333333333
6,0,0.0,1,2,1,0,6,2,2,0,1.8916666666666666
6,0,0.0,4,4,1,0,6,2,0,1,8.18388888888889
1,0,0.0,1,1,1,0,1,1,1,0,0.0
6,0,0.0,1,2,1,0,6,2,4,0,4.859166666666667
4,0,0.0,2,2,2,0,3,2,2,0,6.1691666666666665
1,0,0.0,1,1,1,0,1,1,0,0,0.0
2,0,0.0,2,2,1,0,2,2,1,0,3.9433333333333334
4,0,0.0,3,3,1,0,4,2,1,0,8.421388888888888
5,0,0.0,4,3,1,0,5,2,3,0,7.654722222222222
4,0,0.0,4,3,2,0,2,1,0,0,4.978888888888889
2,0,0.0,2,2,1,0,2,2,1,0,1.4852777777777777
2,0,0.0,2,2,1,0,2,1,2,0,5.969166666666666
3,0,0.0,2,3,1,0,3,2,1,0,2.019722222222222
36,0,0.0,2,2,2,0,15,2,8,0,8.454166666666667
3,0,0.0,1,2,1,0,3,2,2,0,6.9944444444444445
6,0,0.0,3,3,1,0,6,2,3,0,7.331666666666667
7,0,0.0,5,4,1,0,7,2,4,0,7.92
2,0,0.0,1,2,1,0,2,2,1,0,0.745
42,0,0.0,2,2,2,0,18,2,7,0,8.218333333333334
3,0,0.0,2,2,1,0,3,2,2,0,2.810277777777778
3,0,0.0,3,3,1,0,3,2,1,0,3.7705555555555557
1,0,0.0,1,1,1,0,1,1,1,0,0.0
15,0,0.0,2,2,1,0,15,2,10,0,8.450277777777778
2,0,0.0,2,1,1,0,2,1,2,0,1.7319444444444445
2,0,0.0,2,1,1,0,2,1,2,0,3.5494444444444446
3,0,0.0,1,2,1,0,3,2,2,0,1.4941666666666666
4,0,0.0,3,3,1,0,4,2,2,0,0.5313888888888889
3,0,0.0,3,2,1,0,3,2,2,0,5.257777777777778
1,0,0.0,1,1,1,0,1,1,0,0,0.0
3,0,0.0,1,1,1,0,3,1,3,0,8.250555555555556
2,2,1.0,1,1,1,0,0,1,0,0,0.5333333333333333
1,1,1.0,1,1,1,0,1,1,0,1,0.0
2,0,0.0,2,2,2,0,1,1,0,0,4.666666666666667
2,0,0.0,1,1,1,0,2,1,0,0,0.21611111111111111
2,0,0.0,1,2,2,0,1,1,0,0,1.1519444444444444
4,0,0.0,3,2,1,0,4,2,3,0,4.925833333333333
1,0,0.0,1,1,1,0,1,1,1,0,0.0
1,0,0.0,1,1,1,0,1,1,0,0,0.0
3,0,0.0,2,2,2,0,2,1,0,0,3.7263888888888888
2,0,0.0,2,2,2,0,1,1,0,0,3.435
6,0,0.0,4,2,1,0,6,2,4,0,5.105833333333333
2,0,0.0,2,2,1,0,2,2,1,0,0.6955555555555556
2,0,0.0,2,1,2,0,1,2,1,0,3.2933333333333334
3,0,0.0,2,3,1,0,3,2,2,0,5.613888888888889
2,0,0.0,2,2,1,0,2,2,1,0,0.3458333333333333
4,0,0.0,3,3,2,0,3,2,1,0,2.7488888888888887
4,0,0.0,2,3,1,0,4,2,1,0,8.154722222222222
3,0,0.0,2,2,2,0,2,2,1,0,5.03
4,0,0.0,4,3,2,0,3,2,0,1,7.927777777777778
38,0,0.0,4,2,2,0,37,2,17,0,5.2027777777777775
1,0,0.0,1,1,1,0,1,1,1,0,0.0
2,0,0.0,2,2,1,0,2,1,0,0,0.5138888888888888
3,0,0.0,1,1,1,0,3,1,3,0,3.999722222222222
3,0,0.0,2,2,2,0,2,2,1,0,6.254166666666666
3,0,0.0,3,2,1,0,3,2,2,0,2.328611111111111
4,0,0.0,4,3,2,0,3,2,1,0,3.221111111111111
3,0,0.0,2,1,2,0,2,2,2,0,5.351666666666667
3,0,0.0,2,2,1,0,3,2,2,0,4.014166666666667
7,0,0.0,2,3,1,0,7,2,3,0,6.7575
4,0,0.0,4,3,2,0,3,2,1,0,1.2905555555555555
4,0,0.0,4,1,2,0,3,2,3,0,5.011388888888889
5,0,0.0,5,4,1,0,5,2,2,0,7.349444444444444
3,0,0.0,3,3,1,0,3,2,1,0,4.918611111111111
5,0,0.0,3,3,2,0,4,2,1,0,6.4975
4,0,0.0,2,2,1,0,4,2,2,0,5.166944444444445
6,0,0.0,3,2,2,0,5,3,1,1,6.627222222222223
8,0,0.0,7,4,2,0,5,2,2,0,5.985
1,0,0.0,1,1,1,0,1,1,0,0,0.0
2,0,0.0,2,2,1,0,2,2,1,0,3.591666666666667
5,0,0.0,3,2,2,0,3,2,2,0,4.7475
5,0,0.0,1,2,1,0,5,2,2,0,4.496944444444445
7,0,0.0,3,3,1,0,7,2,1,0,7.970555555555555
2,0,0.0,2,1,1,0,2,2,1,0,2.0652777777777778
3,0,0.0,2,2,2,0,1,1,0,0,0.021944444444444444
6,0,0.0,3,4,1,0,6,2,3,0,7.027222222222222
1,0,0.0,1,1,1,0,1,1,0,0,0.0
3,0,0.0,3,1,1,0,3,1,3,0,4.0
1,0,0.0,1,1,1,0,1,1,0,0,0.0
3,0,0.0,2,2,1,0,3,1,0,0,2.751388888888889
6,0,0.0,3,2,1,0,6,2,5,0,6.7625
4,0,0.0,2,2,1,0,4,2,3,0,3.6780555555555554
2,0,0.0,2,2,1,0,2,2,0,1,4.1738888888888885
2,0,0.0,2,2,2,0,1,1,0,0,2.5772222222222223
4,0,0.0,3,2,1,0,4,2,3,0,5.820555555555556
5,0,0.0,4,3,1,0,5,2,2,0,3.721388888888889
2,0,0.0,2,1,2,0,1,2,0,1,5.290277777777778
1,0,0.0,1,1,1,0,1,1,1,0,0.0
4,0,0.0,4,3,1,0,4,2,3,0,6.609444444444445
4,0,0.0,4,3,2,0,3,2,1,0,1.5566666666666666
3,0,0.0,2,2,2,0,2,2,1,0,5.3175
1,0,0.0,1,1,1,0,1,1,1,0,0.0
1,0,0.0,1,1,1,0,1,1,0,0,0.0
1,0,0.0,1,1,1,0,1,1,0,0,0.0
1,0,0.0,1,1,1,0,1,1,1,0,0.0
2,0,0.0,1,2,1,0,2,2,1,0,6.5088888888888885
1,0,0.0,1,1,1,0,0,1,0,0,0.0
3,0,0.0,2,2,2,0,2,1,0,0,5.8197222222222225
1,0,0.0,1,1,1,0,1,1,0,0,0.0
4,0,0.0,3,3,2,0,3,1,0,0,0.7613888888888889
5,0,0.0,4,3,2,0,4,2,1,0,5.3052777777777775
3,0,0.0,3,2,1,0,3,2,2,0,2.321111111111111
1,0,0.0,1,1,1,0,1,1,0,0,0.0
1,0,0.0,1,1,1,0,1,1,1,0,0.0
5,0,0.0,2,2,1,0,5,2,4,0,6.741388888888889
4,0,0.0,3,3,2,0,2,1,0,0,5.469444444444444
4,0,0.0,3,3,1,0,4,2,2,0,5.4463888888888885
11,0,0.0,4,4,1,0,11,2,7,0,8.455833333333333
39,0,0.0,2,2,2,0,17,2,8,0,8.161111111111111
3,0,0.0,2,3,1,0,3,2,1,0,2.4825
2,0,0.0,1,2,2,0,1,1,0,0,0.015
7,0,0.0,2,2,1,0,7,2,3,0,6.633611111111111
2,0,0.0,2,2,1,0,2,1,0,0,0.7327777777777778
6,0,0.0,2,3,1,0,6,2,3,0,7.286666666666667
1,0,0.0,1,1,1,0,0,1,0,0,0.0
1,0,0.0,1,1,1,0,1,1,1,0,0.0
2,0,0.0,2,2,1,0,2,1,0,0,2.305833333333333
3,0,0.0,2,3,1,0,3,2,1,0,4.220277777777778
3,0,0.0,3,2,1,0,3,2,1,0,5.813055555555556
4,0,0.0,3,3,1,0,4,2,2,0,7.762222222222222
1,0,0.0,1,1,1,0,1,1,0,1,0.0
1,0,0.0,1,1,1,0,0,1,0,0,0.0
4,0,0.0,3,2,2,0,1,1,0,0,5.036111111111111
6,0,0.0,4,3,2,0,5,2,1,0,0.29083333333333333
3,0,0.0,3,1,2,0,2,2,2,0,3.4725
5,0,0.0,2,2,2,0,2,3,1,0,4.856111111111111
4,0,0.0,1,2,1,0,4,2,2,0,5.197222222222222
11,0,0.0,7,3,2,0,10,2,8,0,5.5975
4,0,0.0,2,2,2,0,3,3,1,1,6.214722222222222
6,0,0.0,2,3,1,0,6,2,3,0,6.117222222222222
2,0,0.0,2,2,1,0,2,2,1,0,4.421111111111111
3,0,0.0,3,1,1,0,3,1,3,0,4.727777777777778
3,0,0.0,2,1,2,0,2,2,2,0,2.4775
19,0,0.0,2,2,2,0,18,2,9,0,8.233333333333333
2,0,0.0,1,2,1,0,2,2,1,0,7.255
2,0,0.0,1,1,1,0,2,1,2,0,0.49972222222222223
1,0,0.0,1,1,1,0,1,1,1,0,0.0
4,0,0.0,1,2,2,0,3,2,2,0,5.993055555555555
1,0,0.0,1,1,1,0,1,1,0,0,0.0
3,0,0.0,2,2,2,0,2,2,1,0,2.5083333333333333
2,0,0.0,1,1,1,0,2,1,0,0,1.085
4,0,0.0,2,2,2,0,3,2,2,0,1.0077777777777779
3,0,0.0,2,2,1,0,3,1,0,0,5.7683333333333335
2,0,0.0,2,2,1,0,2,1,0,0,4.623888888888889
4,0,0.0,4,3,1,0,4,2,3,0,6.204444444444444
2,0,0.0,2,2,1,0,2,2,1,0,0.07722222222222222
1,0,0.0,1,1,1,0,1,1,0,0,0.0
2,0,0.0,1,1,1,0,2,1,0,0,1.2347222222222223
3,0,0.0,2,2,1,0,3,2,2,0,3.7066666666666666
2,0,0.0,2,1,2,0,1,2,1,0,0.49472222222222223
4,0,0.0,2,2,1,0,4,2,2,0,3.0391666666666666
9,0,0.0,4,4,3,0,7,3,3,0,7.7075
4,0,0.0,3,4,1,0,4,2,1,0,6.495277777777778
3,0,0.0,2,3,1,0,3,2,1,0,1.6491666666666667
3,0,0.0,3,3,1,0,3,1,0,0,6.566111111111111
3,0,0.0,2,1,2,0,2,2,2,0,2.999722222222222
3,0,0.0,1,1,1,0,3,1,0,0,4.250277777777778
5,0,0.0,4,3,1,0,5,2,3,0,3.7280555555555557
3,0,0.0,2,2,1,0,3,2,1,0,7.001944444444445
3,0,0.0,2,2,1,0,3,2,2,0,3.5702777777777777
4,0,0.0,4,2,1,0,4,3,2,1,0.21027777777777779
5,0,0.0,5,2,2,0,3,3,2,1,4.003055555555555
3,0,0.0,2,2,2,0,2,2,1,0,0.45305555555555554
2,0,0.0,2,2,1,0,2,2,1,0,0.19
1,0,0.0,1,1,1,0,1,1,1,0,0.0
5,0,0.0,4,3,1,0,5,2,3,0,0.5547222222222222
26,0,0.0,2,2,2,0,11,2,7,0,8.367222222222223
3,0,0.0,2,2,1,0,3,2,1,0,0.2897222222222222
3,0,0.0,2,2,1,0,3,2,2,0,0.02361111111111111
4,0,0.0,3,1,3,0,1,3,1,0,0.010555555555555556
4,0,0.0,2,2,1,0,4,2,3,0,0.04111111111111111
1,0,0.0,1,1,1,0,0,1,0,0,0.0
2,0,0.0,2,2,2,0,1,1,0,0,0.021111111111111112
1,0,0.0,1,1,1,0,0,1,0,0,0.0
3,0,0.0,2,2,1,0,3,2,2,0,0.2288888888888889
2,0,0.0,2,1,2,0,1,2,1,0,0.02277777777777778
2,0,0.0,1,1,1,0,2,1,2,0,0.008611111111111111
1,0,0.0,1,1,1,0,0,1,0,0,0.0
4,0,0.0,3,3,1,0,4,2,2,0,0.19416666666666665
1,0,0.0,1,1,1,0,0,1,0,0,0.0
5,0,0.0,4,3,1,0,5,2,3,0,7.819444444444445
2,0,0.0,1,1,1,0,0,1,0,0,0.028055555555555556
1,0,0.0,1,1,1,0,0,1,0,0,0.0
1,0,0.0,1,1,1,0,1,1,1,0,0.0
2,0,0.0,2,1,1,0,0,1,0,0,0.08333333333333333
1,0,0.0,1,1,1,0,0,1,0,0,0.0
1,0,0.0,1,1,1,0,0,1,0,0,0.0
1,1,1.0,1,1,1,0,0,1,0,0,0.0
2,0,0.0,2,1,1,0,2,1,2,0,0.0033333333333333335
1,0,0.0,1,1,1,0,0,1,0,0,0.0
1,0,0.0,1,1,1,0,0,1,0,0,0.0
27,0,0.0,6,5,2,0,26,2,15,0,8.161111111111111
6,0,0.0,4,3,2,0,4,3,1,1,7.1258333333333335
8,0,0.0,6,4,2,0,7,3,2,1,6.010277777777778
4,0,0.0,2,2,2,0,3,2,2,0,3.254166666666667
3,0,0.0,3,3,1,0,3,2,1,0,5.634722222222222
2,0,0.0,2,1,1,0,2,1,2,0,0.1125
2,0,0.0,2,2,2,0,1,1,0,0,3.7475
1,0,0.0,1,1,1,0,1,1,1,0,0.0
4,0,0.0,3,4,1,0,4,2,1,0,4.933055555555556
5,0,0.0,4,3,2,0,3,2,2,0,5.316388888888889
7,0,0.0,5,5,1,0,7,2,3,0,7.987222222222222
3,0,0.0,2,2,1,0,3,2,2,0,3.839166666666667
2,0,0.0,2,2,1,0,2,1,0,0,2.891111111111111
34,0,0.0,2,2,2,0,18,2,8,0,8.495555555555555
45,0,0.0,2,2,2,0,22,2,16,0,8.363055555555556
1,0,0.0,1,1,1,0,1,1,0,0,0.0
4,0,0.0,1,2,1,0,4,2,3,0,4.247777777777777
34,0,0.0,2,2,2,0,17,2,11,0,8.530277777777778
7,0,0.0,3,2,2,0,6,2,4,0,6.4025
2,0,0.0,1,1,1,0,2,1,2,0,4.688055555555556
5,0,0.0,3,4,1,0,5,2,2,0,6.2572222222222225
25,0,0.0,3,2,2,0,17,2,8,0,8.328611111111112
4,0,0.0,4,4,1,0,4,2,1,0,6.096111111111111
1,0,0.0,1,1,1,0,1,1,1,0,0.0
2,0,0.0,2,2,1,0,2,2,1,0,3.0327777777777776
5,0,0.0,3,3,2,0,4,2,1,0,5.316666666666666
4,0,0.0,2,2,1,0,4,1,0,0,0.08611111111111111
2,0,0.0,2,2,1,0,2,1,0,0,1.4136111111111112
4,0,0.0,1,2,1,0,4,2,2,0,6.480833333333333
2,0,0.0,1,1,1,0,2,1,0,0,5.245
4,0,0.0,4,3,2,0,2,1,0,0,1.793611111111111
6,0,0.0,3,2,2,0,5,2,2,0,5.496388888888889
5,0,0.0,3,3,2,0,3,1,0,0,5.985
2,0,0.0,2,2,1,0,2,2,0,1,4.2625
4,0,0.0,2,2,1,0,4,2,3,0,2.266388888888889
1,0,0.0,1,1,1,0,0,1,0,0,0.0
3,0,0.0,3,2,1,0,3,2,2,0,1.1916666666666667
5,0,0.0,3,3,1,0,5,2,2,0,7.083611111111111
2,0,0.0,2,2,1,0,2,2,1,0,0.002777777777777778
1,0,0.0,1,1,1,0,1,1,0,0,0.0
39,0,0.0,2,2,2,0,15,2,7,0,8.35388888888889
4,0,0.0,1,1,1,0,4,1,0,0,7.248888888888889
5,0,0.0,4,4,2,0,4,1,0,0,3.9780555555555557
72,0,0.0,3,2,2,0,29,2,13,0,8.186666666666667
6,0,0.0,5,2,2,0,5,3,1,2,7.8613888888888885
3,0,0.0,2,2,1,0,3,2,2,1,2.5347222222222223
3,0,0.0,2,3,1,0,3,2,1,0,0.7505555555555555
3,0,0.0,1,1,1,0,3,1,0,0,4.754166666666666
5,0,0.0,4,3,1,0,5,2,3,0,6.2575
3,0,0.0,3,3,1,0,3,1,0,0,5.1325
6,0,0.0,3,2,2,0,5,2,3,0,6.958333333333333
6,0,0.0,5,4,2,0,4,3,1,1,5.002777777777778
3,0,0.0,2,2,1,0,3,2,2,0,2.0294444444444446
5,0,0.0,3,3,2,0,4,1,0,0,6.248333333333333
3,0,0.0,2,2,1,0,3,2,2,0,7.301666666666667
1,0,0.0,1,1,1,0,1,1,1,0,0.0
1,0,0.0,1,1,1,0,1,1,0,0,0.0
3,0,0.0,2,2,1,0,3,2,2,0,2.385
7,0,0.0,3,4,1,0,7,2,3,0,6.996666666666667
6,0,0.0,4,4,2,0,5,3,1,1,4.7780555555555555
49,0,0.0,2,2,2,0,25,2,12,0,8.575833333333334
2,0,0.0,1,2,1,0,2,2,1,0,1.531111111111111
1,0,0.0,1,1,1,0,1,1,0,0,0.0
5,0,0.0,2,2,2,0,4,2,2,0,8.243055555555555
37,0,0.0,2,2,2,0,16,2,5,0,8.613333333333333
3,0,0.0,2,2,1,0,3,2,2,0,6.874444444444444
1,0,0.0,1,1,1,0,1,1,1,0,0.0
3,0,0.0,1,2,1,0,3,2,2,0,0.5033333333333333
2,0,0.0,2,1,1,0,2,1,2,0,2.24
3,0,0.0,2,2,1,0,3,3,1,1,8.140833333333333
7,0,0.0,2,2,2,0,4,2,2,0,7.984444444444445
10,0,0.0,6,6,1,0,10,2,3,0,7.917777777777777
3,0,0.0,2,2,1,0,3,2,1,0,7.253611111111111
5,0,0.0,4,4,2,0,4,1,0,0,7.003611111111111
5,0,0.0,4,2,1,0,5,2,4,0,6.658055555555555
6,0,0.0,4,4,1,0,6,2,3,0,7.1883333333333335
3,0,0.0,2,2,1,0,3,2,1,0,3.501388888888889
5,0,0.0,1,2,1,0,5,2,2,0,2.2158333333333333
3,0,0.0,2,1,2,0,2,2,2,0,4.858888888888889
45,0,0.0,2,2,2,0,24,2,10,0,8.188333333333333
3,0,0.0,2,2,1,0,3,2,1,0,7.241388888888889
3,0,0.0,3,3,1,0,3,2,1,0,3.5944444444444446
13,0,0.0,6,6,2,0,12,2,3,0,7.474444444444444
3,0,0.0,3,1,2,0,2,2,2,0,4.127222222222223
11,0,0.0,2,3,2,0,10,2,5,0,8.256388888888889
4,0,0.0,2,2,2,0,3,2,1,0,7.417222222222223
1,0,0.0,1,1,1,0,1,1,0,0,0.0
1,0,0.0,1,1,1,0,1,1,1,0,0.0
15,0,0.0,5,4,2,0,14,2,6,0,8.248611111111112
25,0,0.0,2,2,2,0,13,2,6,0,8.34388888888889
5,0,0.0,3,2,1,0,5,2,4,0,7.195555555555556
3,0,0.0,1,2,1,0,3,2,1,0,2.979722222222222
6,0,0.0,4,5,2,0,5,2,1,0,5.9622222222222225
43,0,0.0,2,2,2,0,19,2,7,0,8.654722222222222
1,0,0.0,1,1,1,0,1,1,0,0,0.0
5,0,0.0,2,2,2,0,4,3,1,1,3.4755555555555557
1,0,0.0,1,1,1,0,1,1,0,0,0.0
50,0,0.0,2,2,2,0,25,2,13,0,8.376944444444444
51,0,0.0,2,2,2,0,27,2,15,0,8.155
1,0,0.0,1,1,1,0,1,1,1,0,0.0
3,0,0.0,2,2,1,0,3,2,2,0,5.2652777777777775
4,0,0.0,2,2,1,0,4,2,3,0,3.2616666666666667
12,0,0.0,3,2,2,0,11,2,7,0,7.4719444444444445
2,0,0.0,1,2,1,0,2,2,1,0,3.7472222222222222
32,0,0.0,2,2,2,0,18,2,9,0,8.45111111111111
3,0,0.0,3,3,1,0,3,2,1,0,3.870277777777778
1,0,0.0,1,1,1,0,0,1,0,0,0.0
8,0,0.0,2,2,1,0,8,2,2,0,7.032777777777778
2,0,0.0,1,1,1,0,2,1,0,0,2.464166666666667
2,0,0.0,2,1,2,0,1,2,1,0,0.3947222222222222
52,0,0.0,2,2,2,0,34,2,18,0,8.438888888888888
4,0,0.0,2,2,2,0,3,2,1,0,6.0775
1,0,0.0,1,1,1,0,0,1,0,0,0.0
2,0,0.0,2,2,1,0,2,2,1,0,1.1247222222222222
2,0,0.0,2,2,1,0,2,2,1,0,4.5697222222222225
5,0,0.0,4,3,1,0,5,2,3,0,4.978888888888889
1,0,0.0,1,1,1,0,0,1,0,0,0.0
2,0,0.0,2,1,1,0,2,1,2,0,0.9716666666666667
39,0,0.0,2,2,2,0,20,2,9,0,8.358611111111111
55,0,0.0,2,2,2,0,29,2,18,0,8.24388888888889
37,0,0.0,2,2,2,0,16,2,10,0,8.038333333333334
4,0,0.0,2,2,1,0,4,1,0,0,6.743888888888889
3,0,0.0,3,3,1,0,3,2,1,0,5.1033333333333335
4,0,0.0,3,3,1,0,4,2,1,0,5.084444444444444
5,0,0.0,4,2,2,0,4,2,3,0,5.623888888888889
1,0,0.0,1,1,1,0,1,1,1,0,0.0
37,0,0.0,2,2,2,0,12,2,7,0,8.196944444444444
5,0,0.0,3,3,1,0,5,2,3,0,4.780833333333334
5,0,0.0,3,3,1,0,5,1,0,0,4.173611111111111
6,0,0.0,3,3,1,0,6,2,3,0,5.098611111111111
3,0,0.0,3,2,1,0,3,2,2,0,5.104722222222223
3,0,0.0,3,3,1,0,3,2,2,0,3.2325
1,0,0.0,1,1,1,0,0,1,0,0,0.0
5,0,0.0,3,2,2,0,4,2,3,0,6.679444444444444
1,0,0.0,1,1,1,0,1,1,0,0,0.0
8,0,0.0,6,4,2,0,7,2,4,0,5.8225
5,0,0.0,3,3,1,0,5,2,3,0,7.756388888888889
1,0,0.0,1,1,1,0,1,1,1,0,0.0
5,0,0.0,3,2,2,0,3,2,2,0,7.102222222222222
1,0,0.0,1,1,1,0,1,1,0,0,0.0
2,0,0.0,2,2,1,0,2,2,1,0,4.960555555555556
2,0,0.0,1,2,1,0,2,2,1,0,2.7533333333333334
17,0,0.0,2,3,1,0,17,2,8,0,7.601666666666667
21,0,0.0,4,3,2,0,13,2,8,0,7.559444444444445
4,0,0.0,3,2,1,0,4,2,3,0,4.508055555555556
1,0,0.0,1,1,1,0,1,1,1,0,0.0
1,0,0.0,1,1,1,0,1,1,0,0,0.0
5,0,0.0,1,2,1,0,5,2,2,0,7.0119444444444445
1,0,0.0,1,1,1,0,1,1,1,0,0.0
5,0,0.0,2,2,1,0,5,3,2,1,6.603055555555556
2,0,0.0,2,2,1,0,2,2,1,0,5.818611111111111
8,0,0.0,6,5,2,0,7,2,3,0,7.859444444444445
1,0,0.0,1,1,1,0,0,1,0,0,0.0
4,0,0.0,3,3,1,0,4,2,1,0,6.001666666666667
32,0,0.0,2,2,2,0,16,2,6,0,8.137777777777778
1,0,0.0,1,1,1,0,1,1,1,0,0.0
7,0,0.0,3,3,2,0,6,2,3,0,5.3975
2,0,0.0,2,2,1,0,2,2,1,0,0.006944444444444444
4,0,0.0,3,4,1,0,4,2,1,0,8.5075
2,0,0.0,1,1,1,0,2,1,0,0,3.0325
2,0,0.0,1,1,1,0,2,1,2,0,5.493055555555555
1,0,0.0,1,1,1,0,1,1,0,0,0.0
3,0,0.0,2,2,1,0,3,2,1,0,0.035555555555555556
1,0,0.0,1,1,1,0,0,1,0,0,0.0
8,0,0.0,2,2,1,0,8,2,6,0,8.307222222222222
3,0,0.0,3,2,2,0,2,1,0,0,2.492777777777778
2,0,0.0,1,2,1,0,2,2,1,0,1.8380555555555556
10,0,0.0,4,4,2,0,9,2,3,0,7.520833333333333
4,0,0.0,2,2,1,0,4,2,2,0,6.784722222222222
4,0,0.0,1,2,1,0,4,2,2,0,8.500555555555556
8,0,0.0,5,5,1,0,8,2,2,0,6.002777777777778
3,0,0.0,3,2,1,0,3,2,2,0,8.066666666666666
23,0,0.0,6,5,3,0,21,3,9,0,8.3325
36,0,0.0,2,2,2,0,18,2,7,0,8.57611111111111
1,0,0.0,1,1,1,0,1,1,1,0,0.0
5,0,0.0,5,3,2,0,3,2,1,0,6.945833333333334
2,0,0.0,1,1,1,0,2,1,0,0,2.2488888888888887
1,0,0.0,1,1,1,0,1,1,1,0,0.0
1,0,0.0,1,1,1,0,1,1,0,0,0.0
2,0,0.0,1,1,1,0,2,1,0,0,5.903333333333333
5,0,0.0,5,3,1,0,5,2,2,0,6.6658333333333335
3,0,0.0,2,2,1,0,3,2,1,0,4.753055555555555
3,0,0.0,2,2,2,0,2,2,1,0,6.257777777777778
1,0,0.0,1,1,1,0,1,1,0,0,0.0
2,0,0.0,2,2,1,0,2,2,1,0,0.006666666666666667
5,0,0.0,3,3,2,0,4,1,0,0,7.268055555555556
1,0,0.0,1,1,1,0,1,1,1,0,0.0
4,0,0.0,3,1,2,0,3,3,2,1,6.328888888888889
2,0,0.0,2,2,1,0,2,1,0,0,1.8572222222222223
6,0,0.0,3,2,2,0,5,2,4,0,5.267222222222222
1,0,0.0,1,1,1,0,1,1,0,0,0.0
6,0,0.0,4,5,1,0,6,2,1,0,6.419444444444444
2,0,0.0,2,2,1,0,2,2,1,0,3.2691666666666666
1,0,0.0,1,1,1,0,1,1,0,0,0.0
1,0,0.0,1,1,1,0,1,1,0,0,0.0
3,0,0.0,1,2,1,0,3,2,2,0,3.2544444444444443
6,0,0.0,3,2,1,0,6,2,4,0,5.161388888888889
3,0,0.0,2,2,1,0,3,2,2,0,3.3675
7,0,0.0,5,4,2,0,6,2,3,0,7.344722222222222
8,0,0.0,3,3,1,0,8,2,1,0,7.393611111111111
1,0,0.0,1,1,1,0,1,1,0,0,0.0
1,0,0.0,1,1,1,0,1,1,0,0,0.0
1,0,0.0,1,1,1,0,1,1,1,0,0.0
1,0,0.0,1,1,1,0,1,1,1,0,0.0
14,0,0.0,1,1,1,0,0,1,0,0,6.553333333333334
4,0,0.0,2,3,1,0,4,3,1,1,6.2780555555555555
4,0,0.0,2,3,1,0,4,2,1,0,6.990277777777778
8,0,0.0,4,4,1,0,8,3,5,1,7.102777777777778
5,0,0.0,5,4,2,0,4,2,1,0,6.915
2,0,0.0,2,2,1,0,2,1,0,0,1.5483333333333333
1,0,0.0,1,1,1,0,1,1,0,0,0.0
1,0,0.0,1,1,1,0,1,1,0,0,0.0
3,0,0.0,2,3,1,0,3,2,1,0,1.9975
3,0,0.0,2,2,1,0,3,2,2,0,3.133611111111111
9,0,0.0,4,4,1,0,9,3,1,0,6.527222222222222
4,0,0.0,2,2,1,0,4,2,2,0,2.5019444444444443
2,0,0.0,2,1,1,0,2,1,2,0,6.108888888888889
2,0,0.0,1,1,2,0,1,2,1,0,1.5777777777777777
1,0,0.0,1,1,1,0,1,1,0,0,0.0
5,0,0.0,3,3,1,0,5,2,1,0,6.953611111111111
4,0,0.0,4,3,1,0,4,2,2,0,5.276388888888889
5,0,0.0,3,4,1,0,5,2,1,0,6.5025
5,0,0.0,2,2,2,0,4,3,3,1,5.7780555555555555
5,0,0.0,1,2,1,0,5,2,4,0,5.5777777777777775
3,0,0.0,3,3,1,0,3,1,0,0,2.3775
3,0,0.0,1,2,1,0,3,2,1,0,3.4966666666666666
2,0,0.0,2,2,2,0,1,1,0,0,4.586388888888889
3,0,0.0,3,2,1,0,3,2,1,0,1.6447222222222222
6,0,0.0,1,2,2,0,5,2,2,0,4.991666666666666
3,0,0.0,3,2,1,0,3,2,2,0,6.1825
6,0,0.0,2,3,1,0,6,2,3,0,5.784722222222222
3,0,0.0,3,1,2,0,2,2,2,0,3.785
2,0,0.0,1,1,1,0,2,1,2,0,0.6844444444444444
2,0,0.0,2,2,1,0,2,1,0,0,2.8366666666666664
7,0,0.0,4,4,1,0,7,2,4,0,7.941666666666666
8,0,0.0,3,3,2,0,7,2,2,0,2.145
1,0,0.0,1,1,1,0,1,1,1,0,0.0
3,0,0.0,2,2,1,0,3,1,0,0,4.555555555555555
4,0,0.0,1,2,1,0,4,2,1,0,5.7025
4,0,0.0,2,2,1,0,4,3,1,1,5.454722222222222
2,0,0.0,2,1,1,0,2,1,2,0,7.183055555555556
16,0,0.0,8,6,2,0,15,2,5,0,7.944166666666667
1,0,0.0,1,1,1,0,1,1,1,0,0.0
3,0,0.0,3,3,2,0,2,1,0,0,7.275277777777778
1,0,0.0,1,1,1,0,1,1,1,0,0.0
5,0,0.0,5,4,1,0,5,2,2,0,5.000555555555556
3,0,0.0,3,3,1,0,3,2,1,0,3.296111111111111
1,0,0.0,1,1,1,0,1,1,0,0,0.0
1,0,0.0,1,1,1,0,1,1,0,0,0.0
6,0,0.0,2,3,1,0,6,2,3,0,5.998333333333333
3,0,0.0,2,2,1,0,3,1,0,0,3.924722222222222
6,0,0.0,2,1,2,0,5,2,5,0,4.000277777777778
4,0,0.0,3,2,1,0,4,2,3,0,3.7241666666666666
3,0,0.0,3,1,2,0,2,2,2,0,8.496944444444445
5,0,0.0,2,3,2,0,4,2,2,0,4.545833333333333
8,0,0.0,3,4,1,0,8,2,4,0,7.873055555555555
4,0,0.0,3,1,1,0,4,1,4,0,5.2844444444444445
1,0,0.0,1,1,1,0,1,1,0,0,0.0
1,0,0.0,1,1,1,0,0,1,0,0,0.0
3,3,1.0,3,1,2,0,2,2,0,2,6.91
1,0,0.0,1,1,1,0,0,1,0,0,0.0
11,0,0.0,6,4,2,0,8,2,3,0,7.04
7,0,0.0,2,3,1,0,7,2,4,0,7.941388888888889
1,0,0.0,1,1,1,0,0,1,0,0,0.0
11,11,1.0,5,1,2,0,9,2,0,9,6.530833333333334
7,0,0.0,4,3,2,0,6,2,4,0,6.264166666666667
5,0,0.0,5,4,2,0,4,2,1,0,7.120833333333334
2,0,0.0,1,2,1,0,2,2,1,0,1.5972222222222223
6,0,0.0,5,1,1,0,6,1,6,0,0.2561111111111111
6,0,0.0,2,2,2,0,5,2,2,0,8.404166666666667
5,0,0.0,4,2,2,0,2,1,0,0,5.671944444444445
1,0,0.0,1,1,1,0,1,1,1,0,0.0
2,0,0.0,2,2,2,0,1,1,0,0,6.694166666666667
3,0,0.0,2,2,1,0,3,1,0,0,2.535277777777778
4,0,0.0,3,4,2,0,3,1,0,0,7.118611111111111
2,0,0.0,2,1,1,0,2,1,2,0,7.458333333333333
1,0,0.0,1,1,1,0,1,1,1,0,0.0
4,0,0.0,3,2,3,0,2,3,1,0,8.470277777777778
3,0,0.0,1,2,1,0,3,2,1,0,1.2175
4,0,0.0,2,3,1,0,4,2,2,0,5.215
1,0,0.0,1,1,1,0,1,1,0,0,0.0
1,0,0.0,1,1,1,0,0,1,0,0,0.0
4,0,0.0,3,2,2,0,3,2,2,0,6.741666666666666
1,0,0.0,1,1,1,0,1,1,1,0,0.0
2,0,0.0,1,1,1,0,2,1,2,0,2.640833333333333
2,0,0.0,1,1,1,0,2,1,0,0,6.935277777777777
2,0,0.0,1,2,1,0,2,2,1,0,1.7902777777777779
3,0,0.0,2,1,2,0,2,2,2,0,5.346666666666667
6,0,0.0,3,3,1,0,6,2,4,0,5.387222222222222
11,0,0.0,6,4,1,0,11,2,8,0,7.876944444444445
4,0,0.0,1,1,1,0,4,1,4,0,4.5488888888888885
2,0,0.0,2,2,1,0,2,2,1,0,3.0813888888888887
2,0,0.0,2,2,1,0,2,2,1,0,5.062777777777778
2,0,0.0,2,1,2,0,1,2,1,0,0.02638888888888889
1,0,0.0,1,1,1,0,1,1,0,0,0.0
3,0,0.0,2,3,1,0,3,2,1,0,2.749722222222222
2,0,0.0,1,1,1,0,2,1,2,0,0.8336111111111111
2,0,0.0,1,1,1,0,2,1,0,0,4.157777777777778
2,0,0.0,1,1,1,0,2,1,0,0,1.2422222222222221
2,0,0.0,1,1,1,0,2,1,2,0,3.1661111111111113
1,0,0.0,1,1,1,0,1,1,1,0,0.0
8,0,0.0,5,5,2,0,7,2,3,0,6.0825
2,0,0.0,1,2,1,0,2,2,1,0,2.2822222222222224
3,0,0.0,2,2,2,0,2,2,1,0,1.5322222222222222
5,0,0.0,4,3,1,0,5,2,2,0,4.710555555555556
7,0,0.0,2,2,1,0,7,2,4,0,6.506388888888889
13,0,0.0,8,5,2,0,10,2,6,0,7.2075
3,0,0.0,1,2,1,0,3,2,2,0,7.673333333333333
2,0,0.0,2,1,1,0,2,1,2,0,8.113333333333333
5,0,0.0,3,2,2,0,4,3,1,1,7.286944444444444
4,0,0.0,3,1,1,0,4,1,4,0,4.604444444444445
3,0,0.0,3,2,1,0,3,2,2,0,3.352777777777778
5,0,0.0,4,3,1,0,5,2,1,0,5.128611111111111
5,0,0.0,3,3,1,0,5,2,3,0,8.255555555555556
4,0,0.0,2,3,1,0,4,2,1,0,1.4997222222222222
4,0,0.0,3,2,1,0,4,1,4,0,2.1105555555555555
3,0,0.0,2,1,1,0,3,1,3,0,3.463611111111111
2,0,0.0,2,2,1,0,2,1,0,0,3.0383333333333336
4,0,0.0,3,1,1,0,4,2,3,1,7.267777777777778
1,0,0.0,1,1,1,0,1,1,1,0,0.0
5,0,0.0,3,2,1,0,5,2,4,0,4.7475
6,0,0.0,3,3,1,0,6,2,2,0,5.248888888888889
2,0,0.0,1,2,1,0,2,2,1,0,3.319722222222222
4,0,0.0,2,2,2,0,3,2,1,0,4.752222222222223
3,0,0.0,2,1,1,0,3,1,3,0,6.511666666666667
5,0,0.0,3,1,1,0,5,2,4,0,7.052222222222222
4,0,0.0,1,2,1,0,4,2,1,0,4.3566666666666665
5,0,0.0,4,2,2,0,3,2,1,0,6.523333333333333
4,0,0.0,4,3,2,0,3,3,1,1,5.259166666666666
5,0,0.0,3,2,1,0,5,2,2,0,5.014444444444444
4,0,0.0,1,2,1,0,4,2,2,0,5.480555555555555
1,0,0.0,1,1,1,0,1,1,0,0,0.0
3,0,0.0,3,2,1,0,3,2,2,0,3.2705555555555557
3,0,0.0,1,2,1,0,3,2,1,0,6.724166666666667
1,0,0.0,1,1,1,0,1,1,1,0,0.0
5,0,0.0,1,2,2,0,4,2,2,0,5.990277777777778
9,0,0.0,3,3,1,0,9,2,6,0,8.401666666666667
2,0,0.0,2,1,1,0,2,1,2,0,0.5586111111111111
4,0,0.0,4,4,2,0,3,1,0,0,4.622222222222222
3,0,0.0,3,2,2,0,2,2,1,0,5.6594444444444445
3,0,0.0,2,1,1,0,3,1,3,0,3.1369444444444445
3,0,0.0,2,2,2,0,2,2,1,0,1.7477777777777779
2,0,0.0,2,1,2,0,1,2,1,0,0.2538888888888889
2,0,0.0,1,1,1,0,2,1,0,0,2.516111111111111
1,0,0.0,1,1,1,0,1,1,0,0,0.0
4,0,0.0,3,3,1,0,4,2,2,0,6.905555555555556
6,0,0.0,5,5,1,0,6,1,0,0,7.5125
9,0,0.0,7,5,2,0,7,2,3,0,8.4875
4,0,0.0,3,3,1,0,4,2,2,0,5.766666666666667
3,0,0.0,3,3,1,0,3,2,1,0,7.55
3,0,0.0,2,1,3,0,1,3,1,0,6.8469444444444445
8,0,0.0,7,5,2,0,6,2,2,0,6.773611111111111
4,0,0.0,2,2,2,0,3,1,0,0,5.8838888888888885
3,0,0.0,1,1,1,0,3,1,0,0,1.1391666666666667
4,0,0.0,2,3,2,0,3,1,0,0,6.3244444444444445
6,0,0.0,4,4,2,0,5,2,1,0,7.118055555555555
2,0,0.0,2,1,1,0,2,1,2,0,4.288611111111111
3,0,0.0,2,2,2,0,2,1,0,0,2.016388888888889
4,0,0.0,3,2,1,0,4,2,3,0,7.297777777777778
1,0,0.0,1,1,1,0,1,1,0,0,0.0
8,0,0.0,5,3,1,0,8,2,5,0,4.198333333333333
4,0,0.0,3,3,1,0,4,2,2,0,6.976388888888889
3,0,0.0,2,2,1,0,3,1,0,0,7.0008333333333335
1,0,0.0,1,1,1,0,1,1,0,0,0.0
6,0,0.0,3,2,1,0,6,3,4,1,7.873333333333333
2,0,0.0,1,1,1,0,2,1,2,0,4.008333333333334
2,0,0.0,1,2,1,0,2,2,1,0,6.237777777777778
5,0,0.0,3,2,1,0,5,3,3,1,6.025277777777778
1,0,0.0,1,1,1,0,1,1,1,0,0.0
6,0,0.0,4,3,1,0,6,2,2,0,7.816666666666666
4,0,0.0,1,2,1,0,4,2,2,0,6.583055555555555
2,0,0.0,2,2,1,0,2,2,1,0,3.3433333333333333
5,0,0.0,2,3,1,0,5,2,1,0,6.283611111111111
1,0,0.0,1,1,1,0,1,1,1,0,0.0
7,0,0.0,4,4,2,0,6,2,1,0,7.873888888888889
1,0,0.0,1,1,1,0,1,1,0,0,0.0
2,0,0.0,2,1,2,0,1,2,1,0,5.1425
1,0,0.0,1,1,1,0,1,1,0,0,0.0
2,0,0.0,1,1,1,0,2,1,0,0,2.8713888888888888
7,0,0.0,4,3,1,0,7,2,4,0,6.7225
3,0,0.0,3,1,1,0,3,2,2,0,1.7502777777777778
4,0,0.0,4,3,2,0,2,1,0,0,5.175833333333333
6,0,0.0,3,3,1,0,6,2,3,0,4.116666666666666
2,0,0.0,1,2,1,0,2,2,1,0,4.2425
4,0,0.0,2,2,2,0,3,2,1,0,7.503055555555555
2,0,0.0,2,2,1,0,2,2,1,0,1.1458333333333333
6,0,0.0,3,3,1,0,6,2,3,0,5.679722222222222
3,0,0.0,1,1,1,0,3,1,3,0,4.25
8,0,0.0,2,3,1,0,8,2,3,0,6.515555555555555
4,0,0.0,3,2,1,0,4,2,2,0,4.0969444444444445
3,0,0.0,2,2,2,0,2,2,1,0,5.648888888888889
4,0,0.0,1,2,1,0,4,2,3,0,5.490833333333334
2,0,0.0,2,1,1,0,2,2,1,1,0.7238888888888889
2,0,0.0,1,2,1,0,2,2,1,0,4.976666666666667
4,0,0.0,3,1,2,0,3,2,3,0,1.5575
3,0,0.0,2,1,2,0,1,2,1,0,6.109444444444445
9,0,0.0,4,3,2,0,6,2,3,0,5.75
2,0,0.0,1,2,1,0,2,2,1,0,0.041666666666666664
3,0,0.0,3,2,2,0,2,2,1,0,6.450277777777778
7,0,0.0,4,5,1,0,7,3,1,1,4.0088888888888885
6,0,0.0,5,3,2,0,4,2,2,0,8.155833333333334
1,0,0.0,1,1,1,0,1,1,0,0,0.0
3,0,0.0,3,1,1,0,3,1,3,0,0.8258333333333333
4,0,0.0,3,3,1,0,4,2,2,0,4.926666666666667
4,0,0.0,2,2,1,0,4,1,0,0,2.749722222222222
4,0,0.0,4,2,2,0,3,2,2,0,5.180555555555555
1,0,0.0,1,1,1,0,0,1,0,0,0.0
3,0,0.0,2,2,1,0,3,2,2,0,5.5713888888888885
3,0,0.0,3,3,2,0,2,3,1,0,4.338611111111111
6,0,0.0,5,3,2,0,5,2,2,0,5.820555555555556
1,0,0.0,1,1,1,0,1,1,0,0,0.0
6,0,0.0,4,3,1,0,6,3,2,1,5.993055555555555
5,0,0.0,4,3,2,0,4,3,2,0,7.5552777777777775
3,0,0.0,1,1,1,0,3,1,3,0,4.6497222222222225
4,0,0.0,3,3,1,0,4,2,1,0,6.204166666666667
3,0,0.0,3,2,2,0,2,2,1,0,4.980555555555555
2,0,0.0,2,1,1,0,2,1,2,0,2.4425
2,0,0.0,2,2,2,0,1,2,0,0,6.166388888888889
2,0,0.0,1,1,1,0,2,1,0,0,2.5727777777777776
1,0,0.0,1,1,1,0,1,1,1,0,0.0
7,0,0.0,2,3,1,0,7,2,3,0,6.7475
3,0,0.0,2,3,1,0,3,2,1,0,4.1875
1,0,0.0,1,1,1,0,1,1,1,0,0.0
2,0,0.0,1,2,1,0,2,2,1,0,3.3308333333333335
2,0,0.0,2,2,1,0,2,1,0,0,5.8902777777777775
1,0,0.0,1,1,1,0,1,1,0,0,0.0
2,0,0.0,2,2,1,0,2,2,1,0,2.5591666666666666
4,0,0.0,2,2,1,0,4,2,1,0,4.094166666666666
2,0,0.0,2,1,1,0,2,1,2,0,2.0
6,0,0.0,2,3,2,0,5,2,2,0,7.144722222222223
6,0,0.0,2,2,1,0,6,2,1,0,7.7908333333333335
6,0,0.0,5,4,2,0,4,2,1,0,8.188611111111111
2,0,0.0,1,2,1,0,2,2,1,0,0.05277777777777778
2,0,0.0,2,2,2,0,1,1,0,0,3.1719444444444442
5,0,0.0,4,4,2,0,4,2,2,0,4.919722222222222
6,0,0.0,3,4,1,0,6,2,3,0,4.941944444444444
5,0,0.0,1,2,1,0,5,2,2,0,5.075277777777778
1,0,0.0,1,1,1,0,1,1,1,0,0.0
5,0,0.0,5,3,1,0,5,2,3,0,7.024166666666667
6,0,0.0,3,3,2,0,5,2,3,0,5.581944444444445
4,0,0.0,2,2,1,0,4,3,2,1,5.477222222222222
8,0,0.0,4,4,2,0,7,2,4,0,6.928888888888889
9,0,0.0,2,2,2,0,8,2,5,0,5.740833333333334
2,0,0.0,2,1,2,0,1,2,1,0,2.2133333333333334
4,0,0.0,2,3,1,0,4,2,2,0,5.8213888888888885
2,0,0.0,1,1,1,0,2,1,2,0,4.7588888888888885
5,0,0.0,3,3,2,0,4,3,2,0,4.370555555555556
5,0,0.0,4,3,2,0,3,2,1,0,7.772777777777778
3,0,0.0,3,3,1,0,3,2,1,0,7.911666666666667
2,0,0.0,1,2,1,0,2,2,1,0,5.7427777777777775
4,0,0.0,3,2,2,0,3,3,1,1,4.216666666666667
2,0,0.0,2,2,1,0,2,1,0,0,7.001666666666667
1,0,0.0,1,1,1,0,1,1,0,0,0.0
5,0,0.0,3,4,1,0,5,2,2,0,4.517777777777778
3,0,0.0,3,3,1,0,3,1,0,0,7.207222222222223
3,0,0.0,1,2,1,0,3,2,2,0,4.858611111111111
4,0,0.0,2,2,1,0,4,2,2,0,4.377777777777778
2,0,0.0,1,2,1,0,2,2,1,0,0.2477777777777778
1,0,0.0,1,1,1,0,1,1,0,0,0.0
7,0,0.0,4,4,1,0,7,2,1,0,7.583333333333333
3,1,0.3333333333333333,2,2,2,0,2,3,0,1,4.776111111111111
7,1,0.14285714285714285,2,2,3,1,5,3,3,0,6.282777777777778
3,0,0.0,1,1,1,0,3,1,3,0,6.000555555555556
3,0,0.0,1,1,1,0,3,1,0,0,1.2897222222222222
6,0,0.0,3,4,1,0,6,2,3,0,6.585833333333333
2,0,0.0,2,2,1,0,2,1,0,0,7.1161111111111115
3,0,0.0,3,2,2,0,1,1,0,0,5.074166666666667
4,0,0.0,4,2,1,0,4,2,3,0,7.178888888888889
1,0,0.0,1,1,1,0,1,1,0,0,0.0
5,0,0.0,3,3,1,0,5,2,2,0,6.001388888888889
1,0,0.0,1,1,1,0,1,1,1,0,0.0
2,0,0.0,1,1,1,0,2,1,2,0,0.45305555555555554
8,0,0.0,3,4,2,0,7,2,2,0,7.174444444444444
3,0,0.0,1,2,1,0,3,2,2,0,3.7483333333333335
2,0,0.0,2,2,1,0,2,2,1,0,0.1
2,0,0.0,2,2,1,0,2,2,1,0,6.8075
7,0,0.0,3,4,1,0,7,2,3,0,6.562222222222222
5,0,0.0,3,3,1,0,5,2,2,0,6.208888888888889
1,0,0.0,1,1,1,0,1,1,1,0,0.0
1,0,0.0,1,1,1,0,1,1,1,0,0.0
2,0,0.0,1,2,1,0,2,2,1,0,1.258888888888889
5,0,0.0,2,2,2,0,3,2,1,0,6.754722222222222
1,0,0.0,1,1,1,0,1,1,1,0,0.0
5,0,0.0,3,4,1,0,5,2,2,0,5.746666666666667
6,0,0.0,3,3,2,0,4,1,0,0,7.499722222222222
15,0,0.0,2,3,1,0,15,2,7,0,7.996111111111111
8,0,0.0,2,2,1,0,8,2,6,0,8.091666666666667
2,0,0.0,2,2,1,0,2,1,0,0,3.8627777777777776
2,0,0.0,2,2,1,0,2,2,1,0,1.4930555555555556
7,0,0.0,3,3,1,0,7,2,1,0,5.987222222222222
2,0,0.0,1,2,1,0,2,2,1,0,3.2105555555555556
8,0,0.0,6,2,2,0,6,2,5,0,6.460833333333333
6,0,0.0,5,3,2,0,5,2,3,0,3.287777777777778
2,0,0.0,2,2,1,0,2,1,0,0,4.032777777777778
3,0,0.0,2,2,2,0,2,2,1,0,4.992222222222222
1,0,0.0,1,1,1,0,1,1,0,0,0.0
1,0,0.0,1,1,1,0,1,1,0,0,0.0
4,0,0.0,2,3,1,0,4,2,1,0,3.6130555555555555
6,0,0.0,4,2,2,0,4,3,1,1,8.03888888888889
4,0,0.0,2,2,1,0,4,2,3,0,1.1444444444444444
4,0,0.0,3,4,1,0,4,2,1,0,3.088611111111111
3,0,0.0,1,1,1,0,3,1,0,0,5.369722222222222
3,0,0.0,3,2,2,0,2,2,1,0,1.2575
2,0,0.0,2,2,2,0,1,1,0,0,3.109166666666667
5,0,0.0,2,2,1,0,5,2,2,0,6.981944444444444
2,0,0.0,2,1,1,0,2,1,2,0,3.145
3,0,0.0,3,2,2,0,1,1,0,0,1.9380555555555556
4,0,0.0,3,3,2,0,3,2,1,0,3.7311111111111113
5,0,0.0,3,2,2,0,4,2,3,0,4.486944444444444
2,0,0.0,2,2,1,0,2,2,1,0,4.506666666666667
1,0,0.0,1,1,1,0,1,1,0,0,0.0
1,0,0.0,1,1,1,0,1,1,1,0,0.0
3,0,0.0,2,2,2,0,2,2,1,0,6.658611111111111
8,0,0.0,3,3,1,0,8,2,2,0,8.033888888888889
3,0,0.0,2,2,2,0,2,1,0,0,0.7108333333333333
4,0,0.0,4,4,1,0,4,1,0,0,1.7961111111111112
2,0,0.0,1,2,1,0,2,2,1,0,1.6125
1,0,0.0,1,1,1,0,1,1,1,0,0.0
2,0,0.0,2,2,1,0,2,2,1,0,0.0008333333333333334
4,0,0.0,2,2,1,0,4,2,3,0,5.003333333333333
1,0,0.0,1,1,1,0,1,1,0,0,0.0
9,0,0.0,6,4,2,0,5,2,2,0,7.737222222222222
2,0,0.0,2,1,1,0,2,2,1,0,3.4919444444444445
2,0,0.0,1,2,1,0,2,2,1,0,1.7497222222222222
6,0,0.0,3,3,2,0,5,2,1,0,7.085
1,0,0.0,1,1,1,0,0,1,0,0,0.0
6,0,0.0,4,2,1,0,6,2,4,0,6.003611111111111
7,0,0.0,4,4,2,0,6,2,2,0,8.28
2,0,0.0,2,2,1,0,2,2,1,0,3.8944444444444444
8,0,0.0,2,2,3,0,5,3,1,0,7.860277777777778
5,0,0.0,2,3,1,0,5,2,2,0,7.560277777777777
3,2,0.6666666666666666,3,2,1,0,3,2,0,2,0.011944444444444445
9,0,0.0,4,2,2,0,8,2,6,0,6.241388888888889
2,0,0.0,2,2,1,0,2,2,1,0,5.01
5,0,0.0,2,2,2,0,4,2,2,0,3.0880555555555556
6,0,0.0,5,5,1,0,6,3,1,1,7.005277777777778
3,0,0.0,2,1,1,0,3,1,3,0,4.2375
4,0,0.0,3,3,2,0,3,1,0,0,5.220555555555555
3,0,0.0,2,1,1,0,3,1,3,0,7.25
4,0,0.0,3,3,2,0,3,2,1,0,6.5075
3,0,0.0,2,1,1,0,3,1,3,0,2.4875
6,0,0.0,4,3,2,0,5,2,3,0,5.997777777777777
8,0,0.0,3,3,1,0,8,3,5,2,6.411111111111111
3,0,0.0,3,2,2,0,2,2,1,0,5.894166666666667
4,0,0.0,2,2,2,0,3,2,1,0,3.683611111111111
7,0,0.0,4,3,2,0,5,2,3,0,7.245555555555556
22,0,0.0,9,5,2,0,20,2,8,0,8.540277777777778
1,0,0.0,1,1,1,0,1,1,0,0,0.0
2,0,0.0,1,1,1,0,2,1,2,0,7.000277777777778
6,0,0.0,3,2,1,0,6,3,2,2,5.834444444444444
3,0,0.0,2,2,1,0,3,2,2,0,3.1766666666666667
6,0,0.0,3,2,2,0,5,2,3,0,5.285
3,0,0.0,2,2,2,0,2,3,1,0,3.513888888888889
1,0,0.0,1,1,1,0,1,1,0,0,0.0
5,0,0.0,2,3,1,0,5,2,2,0,5.691944444444444
1,0,0.0,1,1,1,0,1,1,0,0,0.0
4,0,0.0,3,3,1,0,4,2,1,0,4.970555555555555
3,0,0.0,2,3,1,0,3,2,1,0,3.626388888888889
3,3,1.0,2,1,2,0,1,2,0,1,5.054722222222222
5,0,0.0,3,4,1,0,5,2,1,0,3.2536111111111112
3,0,0.0,2,3,2,0,2,1,0,0,6.595833333333333
1,0,0.0,1,1,1,0,1,1,1,0,0.0
1,0,0.0,1,1,1,0,0,1,0,0,0.0
1,0,0.0,1,1,1,0,1,1,0,0,0.0
10,0,0.0,7,4,2,0,9,3,4,1,6.003611111111111
6,0,0.0,4,3,2,0,5,2,3,0,4.8902777777777775
3,0,0.0,2,3,1,0,3,2,1,0,3.897222222222222
1,0,0.0,1,1,1,0,1,1,0,0,0.0
3,0,0.0,2,2,1,0,3,2,1,0,7.691388888888889
5,0,0.0,2,2,1,0,5,2,2,0,5.683611111111111
6,0,0.0,2,2,1,0,6,2,4,0,6.655555555555556
4,0,0.0,3,2,2,0,3,2,1,0,4.250277777777778
4,0,0.0,4,2,2,0,1,1,0,0,5.233333333333333
2,0,0.0,1,2,1,0,2,2,1,0,4.522222222222222
2,0,0.0,2,2,1,0,2,2,1,0,1.5
6,0,0.0,3,3,2,0,5,2,1,0,8.290833333333333
7,0,0.0,6,2,1,0,7,3,4,1,6.885
4,0,0.0,3,2,1,0,4,2,3,0,7.260277777777778
6,0,0.0,4,2,2,0,5,2,2,0,2.133888888888889
3,0,0.0,2,2,1,0,3,1,0,0,5.41
2,0,0.0,2,2,1,0,2,2,1,0,3.5125
1,0,0.0,1,1,1,0,1,1,1,0,0.0
4,0,0.0,3,2,2,0,3,2,2,0,6.287222222222222
2,0,0.0,2,2,1,0,2,1,0,0,1.673888888888889
6,0,0.0,4,4,1,0,6,2,3,0,8.0
5,0,0.0,5,3,2,0,4,2,2,0,6.486944444444444
1,0,0.0,1,1,1,0,1,1,0,0,0.0
2,0,0.0,2,2,1,0,2,1,0,0,1.5119444444444445
1,0,0.0,1,1,1,0,1,1,0,0,0.0
10,0,0.0,6,5,1,0,10,3,4,1,8.285
2,0,0.0,1,1,2,0,1,2,1,0,1.666111111111111
2,0,0.0,1,2,1,0,2,2,1,0,1.3597222222222223
4,0,0.0,2,2,1,0,4,2,3,0,4.369166666666667
5,0,0.0,3,3,2,0,4,2,1,0,7.746944444444445
5,0,0.0,2,2,2,0,3,2,1,0,5.8575
3,0,0.0,1,1,1,0,3,1,0,0,2.7480555555555557
3,0,0.0,2,2,1,0,3,2,2,0,1.2475
3,0,0.0,1,2,1,0,3,2,1,0,3.932777777777778
11,10,0.9090909090909091,3,1,3,0,4,3,0,4,7.384444444444444
2,0,0.0,2,1,1,0,2,1,2,0,2.5819444444444444
7,0,0.0,2,2,2,0,6,2,3,0,8.003333333333334
5,0,0.0,5,4,2,0,4,2,1,0,4.923333333333333
5,0,0.0,4,2,1,0,5,3,2,1,6.9075
2,0,0.0,2,1,1,0,2,1,2,0,0.0008333333333333334
1,0,0.0,1,1,1,0,1,1,1,0,0.0
3,0,0.0,3,3,1,0,3,1,0,0,3.525
1,0,0.0,1,1,1,0,1,1,0,0,0.0
4,0,0.0,3,2,2,0,3,2,1,0,5.058333333333334
6,0,0.0,5,3,1,0,6,2,4,0,6.005
9,0,0.0,4,3,1,0,9,3,3,1,8.278888888888888
2,0,0.0,1,1,1,0,2,1,2,0,3.0008333333333335
5,0,0.0,4,2,2,0,4,4,2,1,8.29
4,0,0.0,2,2,2,0,3,2,2,0,5.345555555555555
4,0,0.0,2,3,1,0,4,2,1,0,5.073055555555555
3,0,0.0,3,3,2,0,2,1,0,0,4.268888888888889
4,0,0.0,4,2,2,1,3,2,3,0,3.982222222222222
4,0,0.0,2,3,1,0,4,2,1,0,2.0005555555555556
3,0,0.0,1,1,1,0,3,1,3,0,5.427777777777778
1,0,0.0,1,1,1,0,1,1,0,0,0.0
2,0,0.0,2,2,1,0,2,1,0,0,1.7677777777777777
5,0,0.0,3,3,1,0,5,2,3,0,2.370833333333333
1,1,1.0,1,1,1,0,0,1,0,0,0.0
2,0,0.0,1,2,1,0,2,2,1,0,1.246388888888889
2,0,0.0,2,2,2,0,1,1,0,0,1.6008333333333333
2,0,0.0,1,2,1,0,2,2,1,0,0.24805555555555556
3,0,0.0,3,2,2,0,2,2,1,0,7.482777777777778
4,0,0.0,3,3,1,0,4,2,3,0,1.5525
3,0,0.0,1,2,1,0,3,2,2,0,3.9844444444444442
2,0,0.0,2,1,1,0,2,2,1,1,2.417777777777778
3,0,0.0,2,1,2,0,1,2,1,0,6.740555555555556
3,0,0.0,2,3,2,0,2,2,1,0,5.089722222222222
4,0,0.0,3,3,1,0,4,2,2,0,2.063888888888889
4,0,0.0,3,2,2,0,3,2,2,0,5.424722222222222
4,0,0.0,3,2,1,0,4,2,3,0,2.7488888888888887
4,0,0.0,4,3,2,0,3,2,1,0,1.7341666666666666
2,0,0.0,2,2,1,0,2,2,1,0,0.005277777777777778
5,0,0.0,3,2,2,0,3,2,1,0,4.1130555555555555
3,0,0.0,1,2,1,0,3,2,2,0,4.286388888888889
1,0,0.0,1,1,1,0,1,1,0,0,0.0
2,0,0.0,1,2,1,0,2,2,1,0,0.009444444444444445
1,0,0.0,1,1,1,0,0,1,0,0,0.0
5,0,0.0,3,2,1,0,5,2,4,0,8.266666666666667
2,0,0.0,2,2,1,0,2,1,0,0,4.751944444444445
4,0,0.0,3,1,1,0,4,1,4,0,4.503888888888889
3,0,0.0,2,3,1,0,3,2,1,0,1.7094444444444445
6,0,0.0,4,4,1,0,6,2,3,0,6.8805555555555555
2,0,0.0,2,1,2,0,1,1,0,0,0.006388888888888889
2,0,0.0,2,2,1,0,2,1,0,0,0.006388888888888889
9,0,0.0,7,5,2,0,7,3,1,2,6.999444444444444
3,0,0.0,3,2,1,0,3,2,2,0,0.008888888888888889
1,0,0.0,1,1,1,0,1,1,1,0,0.0
3,0,0.0,2,2,1,0,3,2,2,0,0.17694444444444443
2,0,0.0,2,2,1,0,2,2,1,0,1.1866666666666668
6,0,0.0,4,4,1,0,6,2,2,0,6.597222222222222
5,0,0.0,3,1,1,0,5,2,4,0,4.775
1,0,0.0,1,1,1,0,1,1,0,0,0.0
3,0,0.0,2,2,1,0,3,1,0,0,1.943888888888889
3,0,0.0,3,3,1,0,3,2,1,0,1.5122222222222221
3,0,0.0,2,2,2,0,2,2,1,0,6.99
5,0,0.0,2,2,2,0,3,2,2,0,2.3644444444444446
4,0,0.0,2,2,1,0,4,2,3,0,3.537777777777778
7,0,0.0,1,2,1,0,7,2,4,0,6.498333333333333
2,0,0.0,1,2,1,0,2,2,1,0,4.923611111111111
1,0,0.0,1,1,1,0,1,1,0,0,0.0
1,0,0.0,1,1,1,0,1,1,0,0,0.0
12,0,0.0,7,2,2,0,10,2,8,0,7.0136111111111115
2,0,0.0,1,2,1,0,2,2,1,0,0.0030555555555555557
12,0,0.0,7,3,1,0,12,3,8,1,8.000833333333333
13,0,0.0,6,6,1,0,13,2,5,0,6.353888888888889
2,0,0.0,2,1,2,0,1,2,1,0,2.4225
2,0,0.0,1,2,1,0,2,2,1,0,5.657777777777778
2,0,0.0,1,2,1,0,2,2,1,0,0.0005555555555555556
3,0,0.0,3,3,1,0,3,2,1,0,6.870277777777778
3,0,0.0,2,2,1,0,3,1,0,0,4.098333333333334
2,0,0.0,1,1,1,0,2,1,0,0,2.1238888888888887
2,0,0.0,2,1,1,0,2,1,2,0,1.5325
1,0,0.0,1,1,1,0,1,1,0,0,0.0
4,0,0.0,4,1,2,0,2,2,2,0,1.9980555555555555
3,0,0.0,2,2,1,0,3,3,1,1,7.7619444444444445
3,0,0.0,3,3,1,0,3,2,1,0,6.496666666666667
2,0,0.0,1,2,1,0,2,2,1,0,0.4477777777777778
3,0,0.0,2,3,1,0,3,2,1,0,6.952222222222222
2,0,0.0,2,2,1,0,2,1,0,0,3.5075
2,0,0.0,1,2,1,0,2,2,1,0,3.069722222222222
4,0,0.0,3,4,2,0,3,1,0,0,5.534166666666667
9,0,0.0,4,4,1,0,9,2,6,0,8.171944444444444
1,0,0.0,1,1,1,0,1,1,1,0,0.0
1,0,0.0,1,1,1,0,0,1,0,0,0.0
5,0,0.0,5,5,2,0,4,2,1,0,1.7716666666666667
3,0,0.0,1,2,1,0,3,2,1,0,3.249722222222222
5,0,0.0,5,3,1,0,5,2,2,0,6.808055555555556
2,0,0.0,1,2,1,0,2,2,1,0,0.45611111111111113
1,0,0.0,1,1,1,0,1,1,0,0,0.0
2,0,0.0,2,2,1,0,2,1,0,0,5.498888888888889
1,0,0.0,1,1,1,0,1,1,0,0,0.0
2,0,0.0,1,2,1,0,2,2,0,1,5.016666666666667
1,0,0.0,1,1,1,0,0,1,0,0,0.0
14,0,0.0,7,6,1,0,14,2,8,0,8.255555555555556
2,0,0.0,2,1,2,0,1,2,1,0,0.01611111111111111
3,0,0.0,2,2,1,0,3,1,0,0,3.0594444444444444
1,0,0.0,1,1,1,0,0,1,0,0,0.0
2,0,0.0,2,2,2,0,1,1,0,0,1.2855555555555556
6,0,0.0,3,4,1,0,6,2,2,0,7.27
4,0,0.0,2,3,1,0,4,2,1,0,8.247222222222222
2,0,0.0,2,2,1,0,2,2,1,0,7.526111111111111
3,0,0.0,1,2,1,0,3,2,2,0,5.113888888888889
2,0,0.0,1,2,1,0,2,2,1,0,0.49722222222222223
8,0,0.0,6,3,2,0,6,2,4,0,7.947777777777778
3,0,0.0,3,3,1,0,3,2,0,1,2.6725
2,0,0.0,2,1,1,0,2,1,2,0,1.3752777777777778
2,0,0.0,1,1,2,0,1,2,1,0,6.742222222222222
3,0,0.0,2,2,2,0,2,1,0,0,4.926388888888889
1,0,0.0,1,1,1,0,0,1,0,0,0.0
2,0,0.0,2,2,1,0,2,2,1,0,0.9136111111111112
1,0,0.0,1,1,1,0,1,1,0,0,0.0
6,0,0.0,5,3,2,0,5,2,2,0,7.005
3,0,0.0,1,2,2,0,2,3,1,0,5.341111111111111
3,0,0.0,2,2,1,0,3,2,2,0,7.282222222222222
4,0,0.0,1,2,1,0,4,2,3,0,4.990277777777778
3,0,0.0,3,3,1,0,3,2,1,0,6.921944444444445
7,0,0.0,3,3,1,0,7,2,2,0,7.238611111111111
1,0,0.0,1,1,1,0,1,1,0,0,0.0
3,0,0.0,2,2,1,0,3,2,2,0,2.7055555555555557
4,0,0.0,3,3,2,0,3,1,0,0,4.255277777777778
1,0,0.0,1,1,1,0,1,1,1,0,0.0
1,0,0.0,1,1,1,0,1,1,0,0,0.0
2,0,0.0,2,2,1,0,2,2,1,0,4.493888888888889
3,0,0.0,3,2,1,0,3,1,3,0,1.7647222222222223
2,0,0.0,2,2,2,0,1,1,0,0,1.6458333333333333
2,0,0.0,1,1,1,0,2,1,0,0,2.749722222222222
1,0,0.0,1,1,1,0,1,1,1,0,0.0
5,0,0.0,4,2,2,0,2,2,1,0,2.6191666666666666
3,0,0.0,1,1,1,0,3,1,0,0,5.325555555555556
5,0,0.0,2,3,1,0,5,2,2,0,5.605
3,0,0.0,1,2,1,0,3,2,2,0,1.1247222222222222
2,0,0.0,1,2,2,0,1,1,0,0,4.251388888888889
3,0,0.0,3,1,1,0,3,1,3,0,2.315
4,0,0.0,2,2,1,0,4,2,3,0,7.260833333333333
4,0,0.0,2,2,1,0,4,2,3,0,5.171111111111111
6,0,0.0,3,3,2,0,5,2,3,0,6.668055555555555
2,0,0.0,2,1,2,0,1,2,1,0,1.906388888888889
2,0,0.0,2,2,1,0,2,1,0,0,4.088055555555556
3,0,0.0,1,2,2,0,2,2,1,0,6.263055555555556
4,0,0.0,3,3,1,0,4,2,2,0,5.871388888888889
3,0,0.0,3,3,1,0,3,2,1,0,3.9883333333333333
5,0,0.0,3,3,2,0,3,1,0,0,8.490555555555556
6,0,0.0,3,4,1,0,6,2,3,0,8.321666666666667
3,0,0.0,2,2,2,0,2,2,1,0,6.282777777777778
3,0,0.0,2,2,1,0,3,2,1,0,1.238611111111111
9,0,0.0,4,4,2,0,8,3,4,2,3.2919444444444443
2,0,0.0,2,1,2,0,1,2,1,0,5.995277777777778
3,0,0.0,3,3,1,0,3,2,1,0,5.729722222222223
4,0,0.0,3,3,1,0,4,3,1,1,5.318888888888889
7,0,0.0,4,4,1,0,7,2,2,0,8.206944444444444
2,2,1.0,1,1,1,0,0,1,0,0,0.38722222222222225
1,0,0.0,1,1,1,0,1,1,1,0,0.0
1,0,0.0,1,1,1,0,0,1,0,0,0.0
1,0,0.0,1,1,1,0,1,1,0,0,0.0
4,0,0.0,3,2,2,0,3,3,1,1,6.7444444444444445
4,0,0.0,2,2,1,0,4,1,0,0,3.6275
4,0,0.0,3,2,2,0,2,2,1,0,5.997222222222222
1,0,0.0,1,1,1,0,1,1,1,0,0.0
3,0,0.0,3,2,2,0,1,1,0,0,5.554444444444444
1,0,0.0,1,1,1,0,1,1,0,0,0.0
3,0,0.0,2,3,2,0,2,1,0,0,5.946944444444444
3,0,0.0,3,3,2,0,2,1,0,0,6.196111111111111
5,0,0.0,3,3,1,0,5,3,1,2,8.190555555555555
4,0,0.0,2,2,1,0,4,1,0,0,3.505
2,0,0.0,2,2,1,0,2,1,0,0,1.5380555555555555
7,0,0.0,4,3,1,0,7,2,3,0,8.390277777777778
3,0,0.0,2,2,2,0,2,2,1,0,6.465833333333333
2,0,0.0,2,2,1,0,2,2,1,0,0.006388888888888889
4,0,0.0,3,3,2,0,3,2,1,0,5.879722222222222
2,0,0.0,1,2,1,0,2,2,1,0,3.0033333333333334
1,0,0.0,1,1,1,0,0,1,0,0,0.0
2,0,0.0,2,2,1,0,2,2,1,0,3.0636111111111113
5,0,0.0,4,4,2,0,4,2,1,0,5.9927777777777775
6,0,0.0,5,5,2,0,4,1,0,0,6.637777777777778
4,0,0.0,1,2,1,0,4,2,2,0,5.990555555555556
5,0,0.0,3,2,1,0,5,2,2,0,7.4863888888888885
5,0,0.0,4,3,2,0,4,2,1,0,8.218055555555555
8,0,0.0,6,4,1,0,8,3,3,1,8.216944444444444
3,1,0.3333333333333333,3,3,2,0,2,2,0,0,5.8805555555555555
1,0,0.0,1,1,1,0,1,1,0,1,0.0
3,0,0.0,2,1,1,0,3,1,3,0,1.5255555555555556
1,0,0.0,1,1,1,0,1,1,1,0,0.0
1,0,0.0,1,1,1,0,1,1,1,0,0.0
7,0,0.0,3,3,2,0,6,2,3,0,5.4975
2,0,0.0,2,2,2,0,1,1,0,0,6.721666666666667
2,0,0.0,2,1,2,0,1,2,1,0,7.498055555555555
5,0,0.0,4,3,1,0,5,2,2,0,5.828055555555555
10,0,0.0,5,4,1,0,10,2,6,0,8.285833333333333
6,0,0.0,3,3,1,0,6,2,2,0,5.808055555555556
2,0,0.0,2,2,1,0,2,1,0,0,2.0125
3,0,0.0,2,2,1,0,3,2,2,0,5.769444444444445
3,0,0.0,2,2,1,0,3,2,1,0,8.050833333333333
2,0,0.0,2,2,1,0,2,2,1,0,6.0488888888888885
5,0,0.0,3,4,1,0,5,2,1,0,7.4875
1,0,0.0,1,1,1,0,1,1,1,0,0.0
4,0,0.0,2,2,2,0,3,2,2,0,7.233611111111111
7,0,0.0,3,3,1,0,7,2,3,0,3.743611111111111
4,0,0.0,3,3,1,0,4,2,1,0,6.934444444444445
1,0,0.0,1,1,1,0,1,1,1,0,0.0
2,0,0.0,2,2,1,0,2,1,0,0,4.804166666666666
2,0,0.0,2,1,1,0,2,1,2,0,5.306666666666667
3,0,0.0,3,2,1,0,3,2,2,0,1.9680555555555554
6,0,0.0,2,2,1,0,6,2,3,0,5.331388888888889
3,0,0.0,3,2,1,0,3,2,2,0,6.8405555555555555
3,0,0.0,3,2,1,0,3,2,2,0,5.236111111111111
2,0,0.0,2,2,1,0,2,2,1,0,0.16111111111111112
2,0,0.0,1,1,1,0,2,1,0,0,3.5141666666666667
2,0,0.0,2,2,1,0,2,1,0,0,1.0486111111111112
2,0,0.0,1,2,1,0,2,2,1,0,2.486388888888889
4,0,0.0,4,2,2,0,3,2,2,0,6.735277777777778
6,0,0.0,3,3,2,0,5,2,3,0,5.137222222222222
3,0,0.0,2,2,2,0,2,2,1,0,0.011111111111111112
1,0,0.0,1,1,1,0,1,1,1,0,0.0
1,0,0.0,1,1,1,0,1,1,1,0,0.0
7,0,0.0,3,4,1,0,7,2,2,0,6.406666666666666
2,0,0.0,2,1,2,0,1,2,1,0,2.2516666666666665
1,0,0.0,1,1,1,0,1,1,0,0,0.0
3,0,0.0,3,2,1,0,3,2,1,0,4.753333333333333
1,0,0.0,1,1,1,0,1,1,0,0,0.0
2,0,0.0,1,1,1,0,2,1,0,0,5.743055555555555
1,0,0.0,1,1,1,0,1,1,0,0,0.0
1,0,0.0,1,1,1,0,1,1,1,0,0.0
4,0,0.0,3,3,1,0,4,2,2,0,4.460555555555556
1,0,0.0,1,1,1,0,1,1,1,0,0.0
5,0,0.0,3,3,1,0,5,2,2,0,3.7111111111111112
10,0,0.0,4,5,1,0,10,2,3,0,8.175833333333333
2,0,0.0,1,1,1,0,2,1,0,0,7.44
3,0,0.0,2,3,1,0,3,2,1,0,0.04388888888888889
3,0,0.0,3,3,2,0,2,1,0,0,0.17722222222222223
2,0,0.0,2,2,2,0,1,1,0,0,7.942777777777778
5,0,0.0,5,2,2,0,3,3,1,1,3.5116666666666667
3,0,0.0,3,1,1,0,3,2,2,0,5.743888888888889
1,0,0.0,1,1,1,0,1,1,1,0,0.0
6,0,0.0,6,2,2,0,4,2,3,0,6.496388888888889
4,0,0.0,2,2,2,0,2,2,0,1,6.8436111111111115
2,0,0.0,2,2,1,0,2,2,1,0,0.7725
3,0,0.0,3,3,1,0,3,2,1,0,3.6777777777777776
3,0,0.0,3,2,1,0,3,2,2,0,7.49
1,0,0.0,1,1,1,0,1,1,1,0,0.0
5,0,0.0,4,3,2,0,4,2,2,0,7.9847222222222225
3,0,0.0,2,2,1,0,3,2,2,0,4.042777777777777
4,0,0.0,4,3,1,0,4,2,2,0,7.719166666666666
3,0,0.0,1,2,1,0,3,2,2,0,4.551111111111111
4,0,0.0,3,3,1,0,4,2,2,0,2.3933333333333335
6,0,0.0,3,3,1,0,6,2,2,0,6.001388888888889
4,0,0.0,2,1,3,0,2,3,2,0,5.829444444444444
3,0,0.0,3,2,2,0,2,2,1,0,1.7905555555555555
3,0,0.0,2,1,1,0,3,1,3,0,1.0041666666666667
5,0,0.0,3,4,1,0,5,2,1,0,5.583888888888889
5,0,0.0,4,4,2,0,4,2,0,0,3.9919444444444445
6,0,0.0,2,2,2,0,4,1,0,0,4.3869444444444445
9,0,0.0,5,3,2,0,8,2,6,0,7.731944444444444
6,0,0.0,2,2,1,0,6,3,1,1,5.293333333333333
3,0,0.0,2,1,1,0,3,2,1,2,3.4902777777777776
6,0,0.0,4,3,2,0,4,2,2,0,7.768888888888889
10,0,0.0,7,3,1,0,10,2,5,0,8.235833333333334
3,0,0.0,2,3,1,0,3,2,1,0,5.769166666666667
2,0,0.0,2,2,1,0,2,2,1,0,8.12111111111111
5,0,0.0,4,1,2,0,4,3,3,1,3.463888888888889
2,0,0.0,2,2,1,0,2,2,0,1,4.994722222222222
4,0,0.0,1,2,1,0,4,2,3,0,3.5327777777777776
3,0,0.0,2,2,1,0,3,2,1,0,4.264444444444444
26,0,0.0,4,4,1,0,26,2,14,0,8.098055555555556
13,0,0.0,5,4,1,0,13,2,7,0,8.4
4,0,0.0,1,2,1,0,4,2,3,0,7.986111111111111
4,0,0.0,2,3,1,0,4,2,1,0,4.753333333333333
3,0,0.0,2,3,1,0,3,2,1,0,2.547222222222222
6,0,0.0,4,4,1,0,6,2,3,0,7.703888888888889
3,0,0.0,2,2,2,0,2,2,1,0,2.6416666666666666
6,0,0.0,4,4,1,0,6,2,3,0,7.95
4,0,0.0,4,4,1,0,4,2,1,0,6.920277777777778
1,1,1.0,1,1,1,0,1,1,0,1,0.0
5,0,0.0,2,2,1,0,5,2,2,0,4.286944444444444
2,0,0.0,1,2,1,0,2,2,1,0,0.7319444444444444
5,0,0.0,2,2,1,0,5,2,4,0,5.721111111111111
4,0,0.0,2,1,1,0,4,1,4,0,3.443888888888889
1,0,0.0,1,1,1,0,1,1,1,0,0.0
3,0,0.0,2,1,1,0,3,1,3,0,3.3963888888888887
3,0,0.0,2,1,1,0,3,1,3,0,5.0575
3,0,0.0,3,3,1,0,3,2,1,0,3.7580555555555555
7,0,0.0,3,3,1,0,7,2,4,0,7.857222222222222
6,0,0.0,3,2,2,0,5,3,3,0,5.989722222222222
9,0,0.0,5,6,1,0,9,2,3,0,7.008611111111111
4,0,0.0,1,2,1,0,4,2,1,0,7.743611111111111
2,0,0.0,2,2,1,0,2,2,1,0,4.241944444444444
4,0,0.0,2,3,1,0,4,2,2,0,6.006944444444445
4,0,0.0,4,1,2,0,3,2,3,0,6.642777777777778
3,0,0.0,3,3,1,0,3,2,0,1,5.987222222222222
3,0,0.0,1,2,1,0,3,2,2,0,5.001666666666667
3,0,0.0,3,2,2,0,2,2,1,0,2.3647222222222224
1,0,0.0,1,1,1,0,1,1,0,0,0.0
6,0,0.0,2,3,2,0,5,2,3,0,7.110277777777778
6,0,0.0,2,3,1,0,6,2,2,0,7.84
5,0,0.0,3,3,2,0,4,2,2,0,4.552777777777778
1,0,0.0,1,1,1,0,1,1,1,0,0.0
7,0,0.0,3,3,2,0,6,2,2,0,8.364166666666666
4,0,0.0,2,3,1,0,4,2,1,0,5.269722222222223
1,0,0.0,1,1,1,0,1,1,0,0,0.0
2,0,0.0,2,2,1,0,2,2,1,0,4.875555555555556
1,0,0.0,1,1,1,0,1,1,1,0,0.0
2,0,0.0,1,2,1,0,2,2,1,0,0.15
4,0,0.0,3,3,1,0,4,2,1,0,0.7227777777777777
1,0,0.0,1,1,1,0,1,1,0,0,0.0
2,0,0.0,2,1,1,0,2,2,1,0,1.8027777777777778
2,0,0.0,1,2,1,0,2,2,1,0,0.43777777777777777
1,0,0.0,1,1,1,0,1,1,1,0,0.0
3,0,0.0,2,2,1,0,3,1,0,0,5.345
2,0,0.0,2,2,1,0,2,1,0,0,3.9069444444444446
7,0,0.0,5,3,2,0,6,3,2,1,8.269166666666667
3,0,0.0,3,3,2,0,2,1,0,0,3.338888888888889
5,0,0.0,3,3,1,0,5,1,0,0,5.078333333333333
6,0,0.0,3,2,1,0,6,2,4,0,6.049166666666666
7,0,0.0,4,2,2,0,5,2,2,0,6.950277777777778
3,0,0.0,3,2,2,0,2,2,1,0,1.9666666666666666
2,0,0.0,1,1,1,0,2,2,1,0,7.45
2,0,0.0,2,2,1,0,2,2,1,0,0.0025
2,0,0.0,2,1,2,0,1,2,1,0,2.075277777777778
2,0,0.0,2,2,1,0,2,2,0,1,2.8125
22,0,0.0,5,4,1,0,22,3,2,9,7.258055555555556
5,0,0.0,2,3,1,0,5,2,2,0,6.0
2,0,0.0,1,1,1,0,2,1,0,0,0.5225
3,0,0.0,2,2,1,0,3,2,1,0,6.176666666666667
1,0,0.0,1,1,1,0,1,1,0,0,0.0
3,0,0.0,3,2,1,0,3,2,2,1,5.589166666666666
4,0,0.0,3,3,2,0,3,2,1,0,4.897222222222222
2,0,0.0,2,2,1,0,2,2,1,0,2.6238888888888887
4,0,0.0,3,3,1,0,4,2,2,0,3.8569444444444443
1,0,0.0,1,1,1,0,1,1,0,0,0.0
4,0,0.0,3,3,1,0,4,2,2,0,6.993333333333333
6,0,0.0,2,3,1,0,6,2,3,0,6.538888888888889
4,0,0.0,4,2,2,0,3,3,1,1,1.996388888888889
1,0,0.0,1,1,1,0,1,1,0,0,0.0
2,0,0.0,2,2,1,0,2,1,0,0,3.311111111111111
2,0,0.0,1,2,1,0,2,2,1,0,0.49694444444444447
1,0,0.0,1,1,1,0,1,1,1,0,0.0
3,0,0.0,3,3,2,0,2,1,0,0,4.118611111111111
6,0,0.0,2,2,1,0,6,2,5,0,5.5872222222222225
7,0,0.0,4,2,1,0,7,2,4,0,6.343055555555556
2,0,0.0,2,2,2,0,1,2,1,0,5.147777777777778
5,0,0.0,3,2,1,0,5,2,3,0,6.708888888888889
4,0,0.0,2,3,1,0,4,2,0,1,3.205
10,0,0.0,3,3,2,0,9,2,5,0,7.116388888888889
2,0,0.0,2,1,2,0,1,2,1,0,3.3280555555555558
3,0,0.0,1,2,1,0,3,2,1,0,3.160833333333333
2,0,0.0,1,1,1,0,2,1,2,0,1.2413888888888889
3,0,0.0,2,3,1,0,3,2,0,1,7.195833333333334
8,0,0.0,5,5,2,0,7,2,1,0,7.998055555555555
4,0,0.0,1,2,1,0,4,2,3,0,5.496944444444445
5,0,0.0,4,4,2,0,4,1,0,0,7.252777777777778
1,0,0.0,1,1,1,0,1,1,1,0,0.0
1,0,0.0,1,1,1,0,1,1,0,0,0.0
6,0,0.0,4,3,1,0,6,3,1,1,7.970833333333333
2,0,0.0,2,2,1,0,2,2,1,0,3.3394444444444447
2,0,0.0,1,1,1,0,2,1,0,0,0.006666666666666667
1,0,0.0,1,1,1,0,1,1,0,0,0.0
2,0,0.0,2,2,2,0,1,1,0,0,6.074722222222222
4,0,0.0,3,3,2,0,3,1,0,0,5.2625
1,0,0.0,1,1,1,0,1,1,0,0,0.0
5,0,0.0,4,4,2,0,4,1,0,0,6.906944444444444
4,0,0.0,2,3,2,0,3,2,1,0,4.1425
4,0,0.0,3,2,2,0,3,2,2,0,7.835277777777778
2,0,0.0,1,1,2,0,1,2,1,0,5.843055555555556
1,0,0.0,1,1,1,0,1,1,1,0,0.0
5,0,0.0,2,2,2,0,4,2,2,0,8.006388888888889
3,0,0.0,1,2,1,0,3,2,2,0,3.7469444444444444
6,0,0.0,4,3,2,0,5,2,3,0,7.7122222222222225
1,0,0.0,1,1,1,0,1,1,1,0,0.0
1,0,0.0,1,1,1,0,0,1,0,0,0.0
2,0,0.0,1,1,1,0,2,1,2,0,1.7572222222222222
3,0,0.0,2,2,1,0,3,2,2,0,6.255
2,0,0.0,2,2,1,0,2,2,1,0,5.528888888888889
1,0,0.0,1,1,1,0,1,1,0,0,0.0
6,0,0.0,2,2,1,0,6,2,2,0,8.359722222222222
2,0,0.0,2,1,2,0,1,2,1,0,0.5477777777777778
3,0,0.0,3,2,1,0,3,2,1,0,5.7780555555555555
4,0,0.0,2,3,1,0,4,2,2,0,0.06805555555555555
6,0,0.0,2,2,1,0,6,2,3,0,5.589166666666666
7,0,0.0,4,4,2,0,6,3,1,0,7.676388888888889
4,0,0.0,2,2,1,0,4,1,0,0,3.1863888888888887
8,0,0.0,6,3,2,0,5,2,2,0,6.049166666666666
1,0,0.0,1,1,1,0,1,1,1,0,0.0
2,0,0.0,2,2,1,0,2,2,1,0,4.398611111111111
3,0,0.0,3,2,1,0,3,2,2,0,4.062777777777778
3,0,0.0,1,2,1,0,3,2,2,0,5.8325
1,0,0.0,1,1,1,0,1,1,1,0,0.0
3,0,0.0,2,2,2,0,2,1,0,0,0.5958333333333333
1,0,0.0,1,1,1,0,1,1,1,0,0.0
2,0,0.0,2,1,1,0,2,1,2,0,6.000555555555556
4,0,0.0,3,2,2,0,3,2,1,0,5.161111111111111
4,0,0.0,3,2,1,0,4,3,2,1,5.6691666666666665
3,0,0.0,2,2,2,0,2,2,1,0,1.9380555555555556
3,0,0.0,3,3,1,0,3,1,0,0,7.023333333333333
1,0,0.0,1,1,1,0,0,1,0,0,0.0
1,0,0.0,1,1,1,0,1,1,0,1,0.0
3,0,0.0,3,2,1,0,3,2,2,0,6.775555555555556
4,0,0.0,2,1,2,0,3,2,3,0,7.2275
2,0,0.0,1,2,1,0,2,2,1,0,3.4969444444444444
2,0,0.0,1,1,1,0,2,1,0,0,0.7513888888888889
2,0,0.0,2,1,1,0,2,2,1,0,1.698611111111111
1,0,0.0,1,1,1,0,1,1,0,0,0.0
1,0,0.0,1,1,1,0,1,1,1,0,0.0
1,0,0.0,1,1,1,0,0,1,0,0,0.0
4,0,0.0,2,2,1,0,4,2,2,0,6.111111111111111
3,0,0.0,2,1,1,0,3,1,3,0,5.250277777777778
5,0,0.0,3,3,1,0,5,2,3,0,7.3625
7,0,0.0,3,3,2,0,6,3,1,0,5.640555555555555
3,0,0.0,2,2,2,0,2,2,1,0,2.7730555555555556
2,0,0.0,1,1,1,0,2,1,2,0,0.24972222222222223
3,0,0.0,2,2,1,0,3,2,2,0,0.07777777777777778
15,0,0.0,9,5,1,0,15,2,11,0,8.383055555555556
2,0,0.0,1,2,1,0,2,2,1,0,2.4969444444444444
3,0,0.0,2,2,2,0,2,2,1,0,3.7575
3,0,0.0,3,3,1,0,3,1,0,0,7.230555555555555
1,0,0.0,1,1,1,0,1,1,0,0,0.0
4,0,0.0,3,3,2,0,3,2,1,0,3.566666666666667
1,0,0.0,1,1,1,0,1,1,0,0,0.0
2,0,0.0,1,2,1,0,2,2,1,0,2.9972222222222222
2,0,0.0,2,1,2,0,1,2,1,0,1.5630555555555556
5,0,0.0,3,2,1,0,5,2,4,0,3.7969444444444442
3,0,0.0,3,3,1,0,3,2,1,0,7.070555555555556
6,0,0.0,3,3,2,0,5,2,1,0,7.196944444444444
3,0,0.0,2,3,2,0,2,2,1,0,3.3175
3,0,0.0,2,1,1,0,3,1,3,0,5.330555555555556
3,0,0.0,2,2,1,0,3,1,0,0,5.614444444444445
3,0,0.0,2,2,1,0,3,2,2,0,7.341111111111111
3,0,0.0,2,2,1,0,3,2,1,0,4.924444444444444
1,0,0.0,1,1,1,0,0,1,0,0,0.0
1,0,0.0,1,1,1,0,1,1,1,0,0.0
1,0,0.0,1,1,1,0,1,1,0,0,0.0
2,0,0.0,1,1,1,0,2,1,0,0,3.046111111111111
2,0,0.0,2,2,1,0,2,2,1,0,3.455
3,0,0.0,3,2,2,0,2,2,1,0,4.418055555555555
4,0,0.0,2,3,1,0,4,2,1,0,3.0097222222222224
5,0,0.0,2,3,1,0,5,2,2,0,6.000555555555556
4,0,0.0,2,2,1,0,4,2,2,0,5.241944444444444
3,0,0.0,3,3,2,0,2,1,0,0,5.751388888888889
2,0,0.0,1,2,1,0,2,2,1,0,3.391388888888889
1,0,0.0,1,1,1,0,0,1,0,0,0.0
6,0,0.0,3,4,1,0,6,2,1,0,5.804722222222222
2,0,0.0,1,1,1,0,2,1,0,0,1.551111111111111
5,0,0.0,3,3,1,0,5,2,3,0,7.761388888888889
1,0,0.0,1,1,1,0,1,1,0,0,0.0
1,0,0.0,1,1,1,0,1,1,0,0,0.0
4,0,0.0,2,3,2,0,3,1,0,0,5.4927777777777775
4,0,0.0,1,2,1,0,4,2,2,0,4.756666666666667
3,0,0.0,3,2,1,0,3,2,0,1,7.0925
1,0,0.0,1,1,1,0,1,1,1,0,0.0
3,0,0.0,2,1,1,0,3,1,3,0,5.148611111111111
2,0,0.0,1,1,1,0,2,1,2,0,0.5211111111111111
1,0,0.0,1,1,1,0,1,1,0,0,0.0
4,0,0.0,3,3,1,0,4,2,2,0,4.2675
3,0,0.0,2,2,1,0,3,2,2,0,2.3280555555555558
3,0,0.0,2,1,1,0,3,1,3,0,2.006111111111111
2,0,0.0,2,1,1,0,2,1,2,0,2.263888888888889
3,0,0.0,3,1,2,0,1,2,1,0,4.116944444444444
4,0,0.0,2,2,1,0,4,2,2,0,3.59
3,0,0.0,3,2,1,0,3,2,2,0,3.8175
3,0,0.0,3,1,2,0,1,2,1,0,8.063333333333333
6,0,0.0,2,3,1,0,6,2,2,0,6.79
1,0,0.0,1,1,1,0,1,1,0,0,0.0
4,0,0.0,3,2,2,0,3,2,1,0,6.753611111111111
3,0,0.0,1,2,1,0,3,2,1,0,1.24
2,0,0.0,2,2,1,0,2,2,1,0,6.671388888888889
5,0,0.0,4,3,2,0,3,2,1,0,5.967222222222222
2,0,0.0,1,1,1,0,2,1,0,0,4.975833333333333
1,0,0.0,1,1,1,0,1,1,0,0,0.0
4,0,0.0,4,3,1,0,4,2,3,0,5.505833333333333
2,0,0.0,1,1,1,0,2,1,0,0,0.45416666666666666
1,0,0.0,1,1,1,0,1,1,1,0,0.0
1,0,0.0,1,1,1,0,1,1,1,0,0.0
2,0,0.0,1,1,1,0,2,1,0,0,0.6902777777777778
7,0,0.0,3,3,1,0,7,2,3,0,7.012777777777778
2,0,0.0,2,1,2,0,1,2,1,0,5.394722222222223
3,0,0.0,3,3,1,0,3,2,1,0,3.455
3,0,0.0,1,1,1,0,3,1,0,0,3.0708333333333333
6,0,0.0,5,4,2,0,5,2,1,0,7.368333333333333
1,0,0.0,1,1,1,0,1,1,0,0,0.0
2,0,0.0,1,1,1,0,2,1,0,0,6.256111111111111
4,0,0.0,2,3,1,0,4,2,2,0,5.038055555555555
4,0,0.0,2,2,2,0,3,1,0,0,7.482222222222222
3,0,0.0,2,2,1,0,3,2,2,0,5.941111111111111
2,0,0.0,2,1,2,0,1,2,1,0,6.754722222222222
5,0,0.0,5,4,1,0,5,2,1,0,7.495
2,0,0.0,2,1,1,0,2,1,2,0,3.2069444444444444
3,0,0.0,2,2,1,0,3,2,2,0,2.664722222222222
3,0,0.0,2,2,1,0,3,1,0,0,5.1963888888888885
5,0,0.0,5,2,2,0,4,2,3,0,6.399444444444445
3,0,0.0,2,2,2,0,2,2,1,0,6.169722222222222
7,0,0.0,3,2,1,0,7,2,5,0,5.696111111111111
5,0,0.0,3,2,2,0,3,3,1,1,5.473611111111111
3,0,0.0,2,2,1,0,3,1,0,0,1.7075
1,0,0.0,1,1,1,0,1,1,0,0,0.0
1,0,0.0,1,1,1,0,1,1,1,0,0.0
2,0,0.0,2,1,2,0,1,2,1,0,1.246388888888889
1,0,0.0,1,1,1,0,1,1,0,0,0.0
1,0,0.0,1,1,1,0,1,1,0,0,0.0
3,0,0.0,2,2,2,0,2,2,1,0,6.219166666666666
5,0,0.0,2,3,1,0,5,2,1,0,7.047777777777778
1,0,0.0,1,1,1,0,1,1,1,0,0.0
2,0,0.0,2,2,1,0,2,1,0,0,0.0030555555555555557
81,0,0.0,9,8,2,0,78,2,33,0,8.46888888888889
2,0,0.0,1,1,1,0,2,1,2,0,4.625
3,0,0.0,3,3,1,0,3,2,1,0,6.325833333333334
1,0,0.0,1,1,1,0,1,1,1,0,0.0
4,0,0.0,4,2,1,0,4,2,3,0,1.4738888888888888
7,0,0.0,3,2,2,0,6,3,4,1,3.526388888888889
3,0,0.0,2,1,1,0,3,1,3,0,5.444444444444445
4,0,0.0,2,2,1,0,4,2,2,0,3.298888888888889
5,0,0.0,2,3,1,0,5,2,2,0,2.5641666666666665
4,0,0.0,3,2,2,0,2,1,0,0,5.9944444444444445
6,0,0.0,4,3,1,0,6,2,4,0,6.963888888888889
2,0,0.0,2,2,1,0,2,1,2,0,5.362222222222222
2,0,0.0,1,1,1,0,2,1,0,0,7.049722222222222
1,0,0.0,1,1,1,0,1,1,0,0,0.0
4,0,0.0,4,2,2,0,3,2,2,0,6.432777777777778
2,0,0.0,2,2,1,0,2,2,1,0,1.3375
2,0,0.0,2,2,1,0,2,2,1,0,1.9633333333333334
2,0,0.0,2,2,1,0,2,1,0,0,0.6844444444444444
2,0,0.0,2,2,1,0,2,2,1,0,3.2655555555555558
3,0,0.0,2,2,1,0,3,2,2,0,3.9722222222222223
1,0,0.0,1,1,1,0,1,1,1,0,0.0
1,0,0.0,1,1,1,0,1,1,1,0,0.0
7,0,0.0,4,3,2,0,5,2,2,0,6.384444444444444
2,0,0.0,1,2,1,0,2,2,1,0,0.7527777777777778
3,0,0.0,3,2,1,0,3,2,2,0,2.7508333333333335
2,0,0.0,1,1,1,0,2,1,2,0,5.260277777777778
4,0,0.0,2,2,1,0,4,3,1,1,7.120277777777778
1,0,0.0,1,1,1,0,1,1,1,0,0.0
1,0,0.0,1,1,1,0,1,1,0,0,0.0
2,0,0.0,2,1,1,0,2,1,2,0,6.454166666666667
5,0,0.0,2,2,1,0,5,2,4,0,1.8283333333333334
3,0,0.0,2,2,1,0,3,2,2,0,2.8030555555555554
1,0,0.0,1,1,1,0,1,1,0,0,0.0
3,0,0.0,2,1,1,0,3,1,3,0,3.926388888888889
4,0,0.0,2,2,1,0,4,2,3,0,4.881666666666667
1,0,0.0,1,1,1,0,1,1,1,0,0.0
4,0,0.0,4,2,2,0,2,2,1,0,3.9769444444444444
10,0,0.0,7,7,1,0,10,2,3,0,6.253888888888889
4,0,0.0,2,2,1,0,4,2,3,0,6.878333333333333
4,0,0.0,2,3,1,0,4,2,1,0,3.8672222222222223
2,0,0.0,1,2,1,0,2,2,1,0,4.918611111111111
4,0,0.0,3,2,1,0,4,2,2,0,2.0791666666666666
3,1,0.3333333333333333,2,2,2,0,2,2,0,0,5.538055555555555
1,0,0.0,1,1,1,0,1,1,1,0,0.0
1,0,0.0,1,1,1,0,1,1,1,0,0.0
3,0,0.0,1,2,1,0,3,2,1,0,3.5544444444444445
7,0,0.0,2,3,1,0,7,2,4,0,7.789722222222222
8,0,0.0,6,3,2,0,7,2,4,0,7.634722222222222
3,0,0.0,3,2,2,0,1,1,0,0,3.243888888888889
1,0,0.0,1,1,1,0,1,1,0,0,0.0
5,0,0.0,4,3,2,0,3,1,0,0,5.385277777777778
2,0,0.0,1,1,1,0,2,1,0,0,0.48444444444444446
9,0,0.0,7,6,1,0,9,2,4,0,4.738888888888889
1,0,0.0,1,1,1,0,1,1,1,0,0.0
4,0,0.0,2,2,1,0,4,1,0,0,4.936111111111111
5,0,0.0,4,3,2,0,4,2,2,0,5.696666666666666
1,0,0.0,1,1,1,0,0,1,0,0,0.0
2,0,0.0,1,1,1,0,2,1,2,0,1.0508333333333333
7,0,0.0,5,5,1,0,7,3,2,1,7.239166666666667
1,0,0.0,1,1,1,0,1,1,0,0,0.0
4,0,0.0,3,3,1,0,4,2,2,0,6.367222222222222
4,0,0.0,4,4,1,0,4,2,1,0,5.997222222222222
7,0,0.0,4,4,1,0,7,2,3,0,8.00388888888889
5,0,0.0,3,2,2,0,4,2,1,0,6.828333333333333
3,0,0.0,2,1,2,0,1,2,1,0,3.545
2,0,0.0,2,1,2,0,1,2,1,0,5.248333333333333
3,0,0.0,2,2,1,0,3,2,2,0,3.6372222222222224
6,0,0.0,5,2,1,0,6,2,5,0,6.7825
1,0,0.0,1,1,1,0,0,1,0,0,0.0
3,0,0.0,3,3,1,0,3,1,0,0,5.045555555555556
1,0,0.0,1,1,1,0,0,1,0,0,0.0
7,0,0.0,4,2,2,0,6,2,5,0,7.045833333333333
1,0,0.0,1,1,1,0,1,1,1,0,0.0
3,0,0.0,2,3,1,0,3,2,1,0,2.0941666666666667
3,0,0.0,3,1,2,0,2,3,1,1,3.501388888888889
1,0,0.0,1,1,1,0,1,1,0,0,0.0
4,0,0.0,3,3,1,0,4,2,2,0,7.253611111111111
1,0,0.0,1,1,1,0,1,1,1,0,0.0
2,0,0.0,1,1,2,0,1,2,1,0,5.251388888888889
4,0,0.0,2,2,1,0,4,2,3,0,3.701111111111111
2,0,0.0,2,2,1,0,2,1,0,0,3.4169444444444443
3,0,0.0,1,2,1,0,3,2,1,0,7.2813888888888885
2,0,0.0,2,2,1,0,2,1,0,0,4.762222222222222
4,0,0.0,2,2,2,0,3,2,3,0,3.972777777777778
4,0,0.0,2,2,1,0,4,2,2,0,3.584722222222222
2,0,0.0,2,2,2,0,1,1,0,0,0.006111111111111111
1,0,0.0,1,1,1,0,1,1,1,0,0.0
6,0,0.0,4,2,2,0,5,2,3,0,7.525555555555556
5,0,0.0,3,2,2,0,4,2,3,0,7.761388888888889
3,0,0.0,2,2,1,0,3,2,1,0,7.9275
3,0,0.0,2,2,1,0,3,2,2,0,3.281111111111111
3,0,0.0,2,2,1,0,3,2,1,0,1.8994444444444445
4,0,0.0,2,2,2,0,3,2,2,0,1.8411111111111111
2,0,0.0,2,1,1,0,2,1,2,0,4.962777777777778
2,0,0.0,2,2,1,0,2,2,1,0,0.44305555555555554
2,0,0.0,1,1,1,0,2,1,0,0,2.984166666666667
2,0,0.0,1,1,1,0,2,1,0,0,1.75
3,0,0.0,2,2,1,0,3,2,1,0,4.993611111111111
5,0,0.0,2,2,1,0,5,2,4,0,2.9941666666666666
2,0,0.0,2,1,1,0,2,1,2,0,2.4925
7,0,0.0,4,3,1,0,7,2,4,0,7.0625
3,0,0.0,3,2,1,0,3,2,2,0,4.217222222222222
1,0,0.0,1,1,1,0,1,1,1,0,0.0
1,0,0.0,1,1,1,0,1,1,1,0,0.0
4,0,0.0,2,2,2,0,2,2,1,0,3.555833333333333
5,0,0.0,3,2,2,0,4,2,2,0,5.164444444444444
1,0,0.0,1,1,1,0,0,1,0,0,0.0
1,0,0.0,1,1,1,0,1,1,0,0,0.0
8,0,0.0,5,2,3,0,6,4,2,2,5.4275
3,0,0.0,3,2,1,0,3,2,2,0,7.536111111111111
1,0,0.0,1,1,1,0,0,1,0,0,0.0
3,0,0.0,3,2,2,0,1,1,0,0,1.9155555555555555
1,0,0.0,1,1,1,0,1,1,1,0,0.0
2,0,0.0,1,2,1,0,2,2,1,0,2.2472222222222222
2,0,0.0,2,2,1,0,2,2,1,0,8.496666666666666
1,0,0.0,1,1,1,0,1,1,1,0,0.0
2,0,0.0,1,2,1,0,2,2,1,0,4.247222222222222
3,0,0.0,1,2,1,0,3,2,1,0,3.017777777777778
1,0,0.0,1,1,1,0,1,1,0,0,0.0
4,0,0.0,2,2,1,0,4,2,3,0,8.108333333333333
5,0,0.0,1,2,1,0,5,2,3,0,8.25361111111111
1,0,0.0,1,1,1,0,1,1,1,0,0.0
5,0,0.0,2,3,1,0,5,2,2,0,0.6113888888888889
4,0,0.0,2,3,2,0,3,1,0,0,2.8858333333333333
2,0,0.0,2,2,1,0,2,1,0,0,1.3458333333333334
3,0,0.0,2,3,1,0,3,2,1,0,3.3130555555555556
3,0,0.0,3,2,1,0,3,2,2,0,3.8230555555555554
2,0,0.0,2,2,1,0,2,2,1,0,3.390833333333333
4,0,0.0,2,3,1,0,4,2,1,0,7.8566666666666665
7,0,0.0,4,3,2,0,6,2,2,0,4.308611111111111
2,0,0.0,2,2,1,0,2,2,1,0,5.329722222222222
1,0,0.0,1,1,1,0,1,1,0,0,0.0
8,0,0.0,6,4,2,0,6,3,2,1,5.918333333333333
2,0,0.0,1,1,1,0,2,1,2,0,0.14166666666666666
3,0,0.0,2,2,2,0,1,1,0,0,3.468888888888889
4,0,0.0,1,2,1,0,4,2,3,0,7.560833333333333
2,0,0.0,2,1,1,0,2,1,2,0,5.250277777777778
3,0,0.0,3,1,1,0,3,1,3,0,4.449722222222222
3,0,0.0,1,2,1,0,3,2,2,0,0.5530555555555555
4,0,0.0,3,2,1,0,4,2,2,0,5.252777777777778
2,0,0.0,2,2,1,0,2,2,1,0,3.7536111111111112
2,0,0.0,2,2,1,0,2,2,1,0,5.751944444444445
2,0,0.0,1,2,1,0,2,2,1,0,0.23305555555555554
4,0,0.0,3,1,1,0,4,1,4,0,0.6594444444444445
1,0,0.0,1,1,1,0,1,1,1,0,0.0
4,0,0.0,2,3,1,0,4,2,1,0,3.4144444444444444
3,0,0.0,2,2,1,0,3,2,2,0,3.5166666666666666
8,0,0.0,5,4,1,0,8,2,4,0,7.493055555555555
2,0,0.0,2,2,1,0,2,2,1,0,1.471111111111111
2,0,0.0,2,2,1,0,2,1,0,0,6.611111111111111
2,0,0.0,1,1,1,0,2,1,0,0,0.9922222222222222
4,0,0.0,2,3,1,0,4,2,2,0,3.1758333333333333
5,0,0.0,3,3,2,0,4,2,1,0,4.470833333333333
2,0,0.0,2,2,2,0,1,1,0,0,4.752222222222223
1,0,0.0,1,1,1,0,1,1,0,0,0.0
5,0,0.0,3,3,1,0,5,2,1,0,1.8780555555555556
1,0,0.0,1,1,1,0,1,1,0,0,0.0
1,0,0.0,1,1,1,0,1,1,0,0,0.0
1,0,0.0,1,1,1,0,1,1,0,0,0.0
1,0,0.0,1,1,1,0,1,1,1,0,0.0
3,0,0.0,3,2,2,0,2,2,1,0,1.2325
3,0,0.0,2,2,1,0,3,1,0,0,3.5705555555555555
6,0,0.0,4,3,2,0,5,3,2,1,7.0008333333333335
3,0,0.0,2,3,1,0,3,2,1,0,5.026944444444444
8,0,0.0,3,4,1,0,8,2,2,0,7.735277777777778
2,0,0.0,2,2,1,0,2,2,1,0,0.3219444444444444
2,0,0.0,1,1,1,0,2,1,0,0,1.0030555555555556
4,0,0.0,2,3,1,0,4,2,1,0,6.607222222222222
2,0,0.0,2,2,1,0,2,1,0,0,6.9752777777777775
5,0,0.0,5,3,2,0,4,2,2,0,2.011388888888889
4,0,0.0,4,2,2,0,3,2,2,0,7.988333333333333
2,0,0.0,2,2,1,0,2,2,1,0,1.5791666666666666
1,0,0.0,1,1,1,0,1,1,1,0,0.0
3,0,0.0,3,1,1,0,3,1,3,0,5.485277777777778
3,0,0.0,2,2,1,0,3,2,2,0,6.236666666666666
3,0,0.0,3,2,1,0,3,2,1,0,1.9402777777777778
2,0,0.0,2,2,1,0,2,2,1,0,2.0744444444444445
13,0,0.0,5,4,1,0,13,2,7,0,8.516666666666667
4,0,0.0,2,2,2,0,3,2,1,0,2.3444444444444446
4,0,0.0,3,3,1,0,4,1,0,0,3.016111111111111
2,0,0.0,2,2,2,0,1,1,0,0,3.0036111111111112
3,0,0.0,3,3,2,0,2,1,0,0,3.4991666666666665
4,0,0.0,2,3,1,0,4,2,1,0,4.756111111111111
4,0,0.0,2,2,2,0,3,2,1,0,3.385
6,0,0.0,4,3,2,0,5,2,2,0,6.546111111111111
1,0,0.0,1,1,1,0,0,1,0,0,0.0
1,0,0.0,1,1,1,0,0,1,0,0,0.0
1,0,0.0,1,1,1,0,1,1,0,0,0.0
5,0,0.0,2,3,1,0,5,2,1,0,4.144722222222223
2,0,0.0,2,2,1,0,2,1,0,0,0.001388888888888889
4,0,0.0,3,2,1,0,4,2,3,0,5.753611111111111
1,0,0.0,1,1,1,0,1,1,1,0,0.0
2,0,0.0,1,2,1,0,2,2,1,0,3.4558333333333335
5,0,0.0,2,3,1,0,5,2,2,0,8.251388888888888
3,0,0.0,3,3,1,0,3,1,0,0,5.425277777777778
3,0,0.0,1,1,1,0,3,1,3,0,4.514444444444444
1,0,0.0,1,1,1,0,1,1,0,0,0.0
5,0,0.0,2,2,2,0,4,2,2,0,5.749444444444444
2,0,0.0,2,2,1,0,2,2,1,0,0.007222222222222222
2,0,0.0,1,1,1,0,2,1,0,0,6.345833333333333
4,0,0.0,3,2,1,0,4,2,3,0,5.706666666666667
1,0,0.0,1,1,1,0,1,1,0,0,0.0
1,0,0.0,1,1,1,0,1,1,1,0,0.0
5,0,0.0,1,2,1,0,5,2,1,0,6.888888888888889
2,0,0.0,2,1,1,0,0,1,0,0,0.015833333333333335
3,0,0.0,2,2,1,0,3,2,2,0,5.2844444444444445
5,0,0.0,1,2,1,0,5,2,3,0,8.000277777777777
1,0,0.0,1,1,1,0,1,1,1,0,0.0
2,0,0.0,1,1,1,0,2,1,0,0,5.4383333333333335
1,0,0.0,1,1,1,0,1,1,0,0,0.0
1,0,0.0,1,1,1,0,1,1,0,0,0.0
3,0,0.0,3,2,2,0,1,1,0,0,0.9755555555555555
1,0,0.0,1,1,1,0,1,1,0,0,0.0
2,0,0.0,2,2,1,0,2,1,0,0,2.488888888888889
5,0,0.0,3,2,2,0,4,2,3,0,5.948333333333333
1,0,0.0,1,1,1,0,1,1,1,0,0.0
4,0,0.0,2,2,2,0,3,2,2,0,3.7475
3,0,0.0,3,3,2,0,2,1,0,0,0.9163888888888889
2,0,0.0,2,2,1,0,2,2,1,0,2.8855555555555554
1,0,0.0,1,1,1,0,1,1,1,0,0.0
5,0,0.0,3,3,2,0,4,2,2,0,5.331944444444445
2,0,0.0,2,2,1,0,2,2,1,0,3.3075
1,0,0.0,1,1,1,0,1,1,1,0,0.0
3,0,0.0,2,2,1,0,3,1,0,0,4.231111111111111
3,0,0.0,1,2,1,0,3,2,1,0,6.758611111111111
1,0,0.0,1,1,1,0,1,1,1,0,0.0
3,0,0.0,1,2,1,0,3,2,2,0,6.357222222222222
2,0,0.0,1,1,1,0,2,1,0,0,7.973888888888889
1,0,0.0,1,1,1,0,1,1,0,0,0.0
3,0,0.0,2,2,1,0,3,2,2,0,1.1383333333333334
6,0,0.0,2,3,1,0,6,2,2,0,2.609722222222222
4,0,0.0,2,2,2,0,3,1,0,0,6.076944444444444
8,0,0.0,5,3,1,0,8,2,6,0,6.010277777777778
2,0,0.0,1,2,1,0,2,2,1,0,1.2508333333333332
3,0,0.0,3,2,1,0,3,1,3,0,6.990833333333334
2,0,0.0,1,1,1,0,2,1,0,0,6.003888888888889
4,0,0.0,2,2,1,0,4,2,3,0,5.0
1,0,0.0,1,1,1,0,0,1,0,0,0.0
7,0,0.0,4,4,2,0,6,2,3,0,6.180833333333333
3,0,0.0,3,3,1,0,3,2,1,0,5.603888888888889
2,0,0.0,1,1,1,0,2,1,0,0,0.7886111111111112
3,0,0.0,2,3,1,0,3,2,1,0,4.9275
5,0,0.0,4,4,1,0,5,2,2,0,5.171388888888889
3,0,0.0,2,3,1,0,3,2,1,0,4.064166666666667
9,0,0.0,2,2,2,0,8,2,5,0,7.667222222222223
5,0,0.0,2,3,1,0,5,2,2,0,5.389166666666667
1,0,0.0,1,1,1,0,1,1,1,0,0.0
5,0,0.0,5,2,2,0,4,2,3,0,5.000555555555556
4,0,0.0,3,3,1,0,4,2,2,0,0.265
6,0,0.0,2,2,1,0,6,2,3,0,3.9297222222222223
4,0,0.0,3,2,3,0,2,3,1,0,4.187222222222222
3,0,0.0,3,1,1,0,3,1,3,0,1.8722222222222222
1,0,0.0,1,1,1,0,0,1,0,0,0.0
4,0,0.0,4,3,2,0,3,2,1,0,6.000555555555556
3,0,0.0,1,2,1,0,3,2,1,0,3.75
4,0,0.0,3,4,1,0,4,2,1,0,3.2580555555555555
2,0,0.0,1,2,1,0,2,2,1,0,1.3069444444444445
3,0,0.0,3,2,1,0,3,2,2,0,3.6325
4,0,0.0,1,2,1,0,4,2,3,0,3.500277777777778
1,0,0.0,1,1,1,0,1,1,0,0,0.0
1,0,0.0,1,1,1,0,1,1,0,0,0.0
1,0,0.0,1,1,1,0,1,1,0,0,0.0
6,0,0.0,3,3,1,0,6,2,3,0,5.719166666666666
1,0,0.0,1,1,1,0,1,1,0,1,0.0
3,0,0.0,3,2,2,0,2,2,1,0,3.1172222222222223
4,0,0.0,3,2,2,0,3,2,2,0,1.2533333333333334
3,0,0.0,2,2,2,0,2,2,1,0,2.5
4,0,0.0,2,3,1,0,4,2,1,0,5.735555555555556
4,0,0.0,2,3,1,0,4,2,2,0,6.948333333333333
1,0,0.0,1,1,1,0,0,1,0,0,0.0
4,0,0.0,4,4,2,0,3,1,0,0,3.5069444444444446
3,0,0.0,2,3,1,0,3,2,1,0,7.868611111111111
3,0,0.0,3,3,1,0,3,1,0,0,0.8266666666666667
2,0,0.0,2,2,1,0,2,2,1,0,3.4719444444444445
2,0,0.0,2,2,1,0,2,1,0,0,6.236944444444444
1,0,0.0,1,1,1,0,1,1,0,0,0.0
6,0,0.0,3,2,1,0,6,2,3,0,8.229722222222222
3,0,0.0,3,3,1,0,3,1,0,0,6.8661111111111115
5,0,0.0,3,2,2,0,4,2,2,0,4.023611111111111
1,0,0.0,1,1,1,0,1,1,1,0,0.0
9,0,0.0,4,4,2,0,8,2,4,0,8.337222222222222
3,0,0.0,2,2,2,0,2,2,1,0,0.17277777777777778
3,0,0.0,2,1,2,0,1,2,1,0,2.294722222222222
3,0,0.0,3,3,2,0,2,1,0,0,4.143611111111111
2,0,0.0,1,1,1,0,2,1,0,0,1.7002777777777778
2,0,0.0,2,2,1,0,2,1,0,0,3.2
4,0,0.0,2,2,2,0,3,1,0,0,3.5819444444444444
3,0,0.0,1,1,1,0,3,1,0,0,2.0241666666666664
2,0,0.0,2,2,1,0,2,2,1,0,4.7125
1,0,0.0,1,1,1,0,1,1,0,0,0.0
3,0,0.0,3,1,2,0,2,2,2,0,3.818888888888889
1,0,0.0,1,1,1,0,1,1,1,0,0.0
5,0,0.0,4,4,1,0,5,1,0,0,6.6066666666666665
1,0,0.0,1,1,1,0,1,1,1,0,0.0
1,0,0.0,1,1,1,0,1,1,0,0,0.0
1,0,0.0,1,1,1,0,1,1,1,0,0.0
5,0,0.0,3,2,1,0,5,2,3,0,3.7536111111111112
3,0,0.0,3,2,2,0,2,2,1,0,6.656666666666666
2,0,0.0,2,2,1,0,2,1,0,0,2.12
2,0,0.0,1,2,1,0,2,2,1,0,0.17888888888888888
3,0,0.0,2,2,1,0,3,1,0,0,7.500555555555556
3,0,0.0,2,2,2,0,2,1,0,0,4.270277777777777
1,0,0.0,1,1,1,0,0,1,0,0,0.0
2,0,0.0,2,2,1,0,2,2,1,0,4.246388888888889
1,0,0.0,1,1,1,0,1,1,1,0,0.0
3,0,0.0,1,2,1,0,3,2,2,0,4.961944444444445
2,0,0.0,2,1,2,0,1,2,1,0,6.911666666666667
4,0,0.0,3,3,3,0,2,2,0,0,0.21638888888888888
2,0,0.0,1,1,1,0,2,1,0,0,7.756388888888889
4,0,0.0,1,2,1,0,4,2,3,0,2.25
2,0,0.0,2,2,2,0,1,1,0,0,3.4586111111111113
2,0,0.0,2,2,1,0,2,1,0,0,5.231388888888889
3,0,0.0,2,2,1,0,3,2,2,0,8.086944444444445
2,0,0.0,2,2,1,0,2,1,0,0,0.4866666666666667
3,0,0.0,3,2,2,0,1,1,0,0,4.0569444444444445
1,0,0.0,1,1,1,0,1,1,0,0,0.0
3,0,0.0,2,2,1,0,3,2,2,0,2.576388888888889
3,0,0.0,2,3,1,0,3,2,1,0,3.0433333333333334
3,0,0.0,3,2,2,0,1,1,0,0,1.285
2,0,0.0,2,2,1,0,2,1,0,0,1.2
2,0,0.0,1,1,1,0,2,1,2,0,0.76
3,0,0.0,2,3,1,0,3,2,1,0,3.772777777777778
1,0,0.0,1,1,1,0,0,1,0,0,0.0
6,0,0.0,3,2,2,0,5,2,2,0,7.9863888888888885
3,0,0.0,1,2,1,0,3,2,2,0,4.0313888888888885
2,0,0.0,2,1,1,0,2,1,2,0,8.46888888888889
2,0,0.0,2,2,2,0,1,1,0,0,5.803333333333334
4,0,0.0,2,2,2,0,3,2,1,0,2.325277777777778
3,0,0.0,3,2,1,0,3,2,2,0,5.355833333333333
6,0,0.0,4,4,2,0,5,2,3,0,0.2025
3,0,0.0,3,2,2,0,2,2,1,0,2.3675
4,0,0.0,3,3,1,0,4,2,1,0,4.780555555555556
5,0,0.0,2,2,1,0,5,2,4,0,5.006666666666667
2,0,0.0,2,2,1,0,2,2,1,0,3.6191666666666666
3,0,0.0,2,2,1,0,3,2,2,0,5.805833333333333
3,0,0.0,3,2,1,0,3,2,2,0,4.6675
2,0,0.0,1,1,1,0,2,1,0,0,3.26
3,0,0.0,2,2,1,0,3,2,2,0,3.827777777777778
3,0,0.0,3,3,1,0,3,2,1,0,3.0236111111111112
3,0,0.0,2,3,1,0,3,2,1,0,6.965
2,0,0.0,2,2,1,0,2,2,1,0,1.6341666666666668
4,0,0.0,4,3,2,0,3,2,1,0,5.364166666666667
3,0,0.0,3,2,1,0,3,2,2,0,3.631388888888889
1,0,0.0,1,1,1,0,1,1,0,0,0.0
3,0,0.0,2,2,1,0,3,2,2,0,3.4619444444444443
2,0,0.0,1,1,1,0,2,1,2,0,5.104166666666667
2,0,0.0,2,2,1,0,2,1,0,0,7.0841666666666665
125,1,0.008,6,9,1,0,125,4,61,0,8.593055555555555
3,0,0.0,2,1,2,0,1,2,1,0,4.2675
1,0,0.0,1,1,1,0,1,1,1,0,0.0
5,0,0.0,1,2,1,0,5,2,2,0,5.001388888888889
2,0,0.0,1,1,1,0,2,1,2,0,5.76
1,0,0.0,1,1,1,0,1,1,0,0,0.0
7,0,0.0,4,4,1,0,7,3,2,1,7.0808333333333335
5,0,0.0,4,1,2,0,3,3,1,2,4.9927777777777775
5,0,0.0,5,4,2,0,3,1,0,0,6.701666666666667
2,0,0.0,1,2,1,0,2,2,1,0,0.3738888888888889
3,0,0.0,3,3,1,0,3,2,1,0,2.5233333333333334
3,0,0.0,2,2,1,0,3,2,2,0,8.000555555555556
2,0,0.0,1,2,2,0,1,1,0,0,0.004166666666666667
4,0,0.0,2,2,2,0,3,2,2,0,3.8369444444444443
2,0,0.0,2,1,1,0,2,1,2,0,1.0597222222222222
6,0,0.0,4,5,1,0,6,2,1,0,7.004166666666666
13,0,0.0,4,5,1,0,13,2,4,0,8.055833333333334
4,0,0.0,3,2,2,0,3,2,2,0,3.3366666666666664
4,0,0.0,4,3,2,0,3,2,1,0,7.129166666666666
3,0,0.0,2,2,1,0,3,1,0,0,2.8491666666666666
5,0,0.0,3,4,1,0,5,3,2,1,7.747222222222222
2,0,0.0,2,1,2,0,1,2,1,0,2.973888888888889
1,0,0.0,1,1,1,0,1,1,1,0,0.0
2,0,0.0,2,2,1,0,2,1,2,0,6.523333333333333
2,0,0.0,2,2,1,0,2,1,0,0,3.4144444444444444
2,0,0.0,1,1,1,0,2,1,0,0,3.321388888888889
2,0,0.0,1,2,1,0,2,2,1,0,4.248611111111111
4,0,0.0,2,2,2,0,3,1,0,0,3.571111111111111
2,0,0.0,2,2,1,0,2,2,1,0,0.7908333333333334
1,0,0.0,1,1,1,0,0,1,0,0,0.0
4,0,0.0,2,3,1,0,4,2,2,0,3.5297222222222224
1,0,0.0,1,1,1,0,1,1,0,0,0.0
3,0,0.0,2,2,1,0,3,2,1,0,7.659166666666667
2,0,0.0,2,2,1,0,2,2,1,0,4.8694444444444445
1,0,0.0,1,1,1,0,1,1,1,0,0.0
1,0,0.0,1,1,1,0,0,1,0,0,0.0
5,0,0.0,3,2,2,0,4,2,0,1,7.5680555555555555
5,0,0.0,3,4,1,0,5,2,1,0,7.381666666666667
8,0,0.0,4,4,2,0,7,2,2,0,7.206666666666667
1,0,0.0,1,1,1,0,1,1,1,0,0.0
2,0,0.0,2,2,1,0,2,1,0,0,2.2480555555555557
4,0,0.0,3,2,2,0,3,2,1,0,7.967777777777778
5,0,0.0,2,3,2,0,4,2,2,0,7.008055555555556
5,0,0.0,1,2,1,0,5,2,3,0,3.4975
2,0,0.0,2,2,1,0,2,2,1,0,0.018055555555555554
2,0,0.0,2,1,1,0,2,1,2,0,1.9944444444444445
2,0,0.0,2,2,1,0,2,1,0,0,7.801944444444445
2,0,0.0,2,2,1,0,2,1,0,0,1.523611111111111
1,0,0.0,1,1,1,0,1,1,0,0,0.0
2,0,0.0,2,2,1,0,2,2,1,0,4.786666666666667
5,0,0.0,3,1,2,0,4,2,3,0,2.984722222222222
20,0,0.0,4,3,2,0,18,2,6,0,7.924444444444444
1,0,0.0,1,1,1,0,1,1,0,0,0.0
1,0,0.0,1,1,1,0,1,1,0,0,0.0
2,0,0.0,1,1,1,0,2,1,0,0,2.5077777777777777
4,0,0.0,4,2,2,0,2,2,0,1,6.967222222222222
109,0,0.0,5,9,2,0,107,4,51,0,8.261944444444444
4,0,0.0,3,3,2,0,3,2,1,0,4.408888888888889
3,0,0.0,2,2,1,0,3,2,2,0,0.009722222222222222
3,0,0.0,2,2,1,0,3,2,2,0,2.419722222222222
4,0,0.0,2,2,2,0,3,2,2,0,5.684444444444445
4,0,0.0,2,3,1,0,4,2,1,0,7.116388888888889
1,0,0.0,1,1,1,0,1,1,0,0,0.0
2,0,0.0,1,1,1,0,2,1,0,0,1.7502777777777778
6,0,0.0,2,3,2,0,5,2,1,0,7.970277777777778
4,0,0.0,1,2,1,0,4,2,1,0,7.203888888888889
2,0,0.0,2,1,1,0,2,1,2,0,6.485833333333333
1,0,0.0,1,1,1,0,1,1,0,0,0.0
1,0,0.0,1,1,1,0,1,1,1,0,0.0
1,0,0.0,1,1,1,0,1,1,1,0,0.0
6,0,0.0,2,3,2,0,4,2,2,0,6.003611111111111
4,0,0.0,3,2,1,0,4,2,3,0,4.633055555555556
2,0,0.0,1,2,1,0,2,2,1,0,0.5202777777777777
2,0,0.0,2,2,1,0,2,2,1,0,3.5388888888888888
4,0,0.0,2,3,1,0,4,2,1,0,6.879444444444444
3,0,0.0,3,2,2,0,2,3,1,0,7.1594444444444445
4,0,0.0,2,2,2,0,3,1,0,0,7.006111111111111
5,0,0.0,3,3,1,0,5,2,3,0,7.145
2,0,0.0,1,1,1,0,2,1,0,0,3.493888888888889
2,0,0.0,2,1,1,0,2,1,2,0,4.750277777777778
1,0,0.0,1,1,1,0,1,1,1,0,0.0
3,0,0.0,2,1,1,0,3,1,3,0,5.3308333333333335
1,0,0.0,1,1,1,0,1,1,0,0,0.0
6,0,0.0,5,4,1,0,6,2,3,0,6.991944444444444
3,0,0.0,3,2,1,0,3,2,2,0,5.191388888888889
2,0,0.0,2,1,1,0,2,1,2,0,0.9138888888888889
4,0,0.0,2,2,1,0,4,2,2,0,4.611944444444444
5,0,0.0,3,2,1,0,5,2,3,0,5.270555555555555
2,0,0.0,2,1,1,0,2,1,2,0,5.455555555555556
3,0,0.0,1,2,1,0,3,2,1,0,0.25
1,0,0.0,1,1,1,0,1,1,1,0,0.0
2,0,0.0,1,1,1,0,2,1,0,0,1.2472222222222222
7,0,0.0,5,3,1,0,7,2,4,0,6.365833333333334
5,0,0.0,4,2,1,0,5,3,3,1,7.081944444444445
3,0,0.0,3,3,1,0,3,3,1,1,0.6475
4,0,0.0,3,2,2,0,3,2,2,0,6.750277777777778
2,0,0.0,2,1,1,0,2,1,2,0,7.571944444444444
4,0,0.0,3,2,2,0,2,2,1,0,3.48
6,0,0.0,4,3,2,0,5,2,3,0,6.498888888888889
10,0,0.0,6,5,1,0,10,2,4,0,6.212777777777778
6,0,0.0,3,3,1,0,6,2,4,0,5.42
2,0,0.0,2,2,1,0,2,1,0,0,1.9908333333333332
3,0,0.0,2,3,1,0,3,2,1,0,2.0947222222222224
7,0,0.0,4,3,1,0,7,2,5,0,5.423055555555556
4,0,0.0,4,3,2,0,3,2,1,0,7.536944444444444
1,0,0.0,1,1,1,0,1,1,1,0,0.0
2,0,0.0,2,2,2,0,1,1,0,0,5.7444444444444445
3,0,0.0,2,2,1,0,3,2,2,0,0.020833333333333332
5,0,0.0,4,2,2,0,3,2,2,0,7.265
3,0,0.0,1,2,1,0,3,2,1,0,1.7136111111111112
3,0,0.0,2,1,1,0,3,2,2,1,5.377222222222223
4,0,0.0,3,2,1,0,4,2,3,0,7.248611111111111
2,0,0.0,2,2,1,0,2,1,0,0,0.035277777777777776
1,0,0.0,1,1,1,0,1,1,0,0,0.0
4,0,0.0,2,2,1,0,4,2,3,0,5.651666666666666
5,0,0.0,4,3,1,0,5,3,2,1,3.503888888888889
4,0,0.0,2,2,2,0,3,2,2,0,3.7158333333333333
4,0,0.0,1,2,1,0,4,2,2,0,6.499722222222222
3,0,0.0,1,1,1,0,3,1,0,0,1.8675
1,0,0.0,1,1,1,0,1,1,0,1,0.0
3,0,0.0,2,2,1,0,3,2,1,0,6.408055555555555
2,0,0.0,2,1,1,0,2,2,1,1,4.102222222222222
251,0,0.0,5,5,1,0,251,2,124,0,8.654722222222222
5,0,0.0,3,2,2,0,4,2,4,0,5.755277777777778
1,0,0.0,1,1,1,0,1,1,1,0,0.0
4,0,0.0,3,3,1,0,4,2,2,0,7.8838888888888885
1,0,0.0,1,1,1,0,1,1,0,0,0.0
9,0,0.0,5,5,1,0,9,2,3,0,2.3469444444444445
3,0,0.0,1,1,1,0,3,1,3,0,5.035555555555556
1,0,0.0,1,1,1,0,1,1,0,0,0.0
1,0,0.0,1,1,1,0,1,1,1,0,0.0
3,0,0.0,2,2,2,0,2,2,1,0,3.2391666666666667
3,0,0.0,3,2,1,0,3,2,1,0,6.115555555555556
5,0,0.0,3,2,2,0,3,2,1,0,3.5030555555555556
1,0,0.0,1,1,1,0,1,1,0,0,0.0
2,0,0.0,2,2,1,0,2,2,1,0,0.6402777777777777
6,0,0.0,2,3,1,0,6,2,2,0,2.9094444444444445
4,0,0.0,3,1,1,0,4,1,4,0,5.685277777777777
2,0,0.0,1,2,1,0,2,2,1,0,0.24694444444444444
2,0,0.0,2,2,1,0,2,1,2,0,0.29638888888888887
4,0,0.0,1,2,1,0,4,2,3,0,4.688888888888889
3,0,0.0,2,2,1,0,3,2,2,0,1.1452777777777778
2,0,0.0,1,1,1,0,2,1,2,0,0.9283333333333333
4,0,0.0,2,2,2,0,3,2,1,0,4.941111111111111
2,0,0.0,1,1,1,0,2,1,0,0,3.2536111111111112
8,0,0.0,4,3,2,0,7,2,5,0,5.321944444444444
6,0,0.0,5,3,2,0,5,2,3,0,7.988611111111111
5,0,0.0,4,5,1,0,5,2,1,0,4.815833333333333
1,0,0.0,1,1,1,0,1,1,1,0,0.0
1,0,0.0,1,1,1,0,1,1,1,0,0.0
8,0,0.0,6,5,1,0,8,2,4,0,7.229444444444445
3,0,0.0,2,3,1,0,3,2,1,0,7.306666666666667
1,0,0.0,1,1,1,0,1,1,0,0,0.0
3,3,1.0,1,1,1,0,0,1,0,0,4.250555555555556
2,0,0.0,2,2,1,0,2,2,1,0,7.034166666666667
11,0,0.0,4,4,1,0,11,2,5,0,7.6819444444444445
5,0,0.0,4,4,1,0,5,2,2,0,6.4463888888888885
2,0,0.0,2,2,1,0,2,2,1,0,6.970833333333333
1,0,0.0,1,1,1,0,1,1,0,0,0.0
3,0,0.0,3,2,1,0,3,2,2,0,8.091944444444444
2,0,0.0,2,2,1,0,2,1,0,0,6.585555555555556
4,0,0.0,3,2,2,0,2,1,0,0,5.6125
5,0,0.0,4,2,2,0,4,2,3,0,7.316666666666666
1,0,0.0,1,1,1,0,1,1,1,0,0.0
2,0,0.0,1,1,2,0,1,2,1,0,1.2425
11,0,0.0,5,5,2,0,10,3,2,1,8.119166666666667
2,0,0.0,2,2,1,0,2,2,1,0,2.258611111111111
1,0,0.0,1,1,1,0,1,1,0,0,0.0
3,0,0.0,2,2,1,0,3,1,0,0,5.415
2,0,0.0,2,1,1,0,2,1,2,0,1.9880555555555555
3,0,0.0,2,2,2,0,2,2,1,0,6.4222222222222225
3,0,0.0,3,3,2,0,2,1,0,0,2.6658333333333335
2,0,0.0,1,2,1,0,2,2,1,0,2.7530555555555556
3,0,0.0,2,3,1,0,3,2,1,0,3.0861111111111112
4,0,0.0,4,3,2,0,3,1,0,0,4.749722222222222
2,0,0.0,2,1,1,0,2,1,2,0,7.606388888888889
2,0,0.0,2,2,1,0,2,2,1,0,3.945
3,0,0.0,2,2,1,0,3,1,0,0,5.000277777777778
3,0,0.0,2,3,1,0,3,2,1,0,4.7425
1,0,0.0,1,1,1,0,1,1,1,0,0.0
2,0,0.0,2,2,1,0,2,2,1,0,6.19
3,0,0.0,2,3,2,0,2,1,0,0,4.633333333333334
3,0,0.0,3,1,2,0,2,2,1,0,6.822777777777778
3,0,0.0,2,3,2,0,2,1,0,0,5.276944444444444
9,0,0.0,5,4,2,0,8,2,4,0,7.362222222222222
1,0,0.0,1,1,1,0,1,1,1,0,0.0
2,0,0.0,2,2,1,0,2,2,1,0,4.272222222222222
1,0,0.0,1,1,1,0,1,1,0,0,0.0
4,0,0.0,3,2,2,0,3,1,0,0,3.9975
2,0,0.0,2,1,2,0,1,2,1,0,2.249722222222222
2,0,0.0,2,2,1,0,2,2,1,0,3.3802777777777777
4,0,0.0,3,3,1,0,4,2,2,0,6.0713888888888885
2,0,0.0,2,1,2,0,1,2,1,0,0.35194444444444445
6,0,0.0,5,2,1,0,6,3,4,1,6.028333333333333
1,0,0.0,1,1,1,0,1,1,0,0,0.0
1,0,0.0,1,1,1,0,1,1,0,0,0.0
2,0,0.0,1,2,1,0,2,2,1,0,2.2669444444444444
2,0,0.0,2,1,1,0,2,2,1,0,0.0002777777777777778
13,0,0.0,7,5,1,0,13,3,5,2,7.993333333333333
5,0,0.0,5,2,2,0,4,2,3,0,4.012777777777778
3,0,0.0,2,2,1,0,3,2,1,0,6.203888888888889
1,0,0.0,1,1,1,0,1,1,1,0,0.0
7,0,0.0,5,3,2,0,4,2,1,0,8.205277777777777
8,0,0.0,3,4,1,0,8,2,2,0,7.204166666666667
4,0,0.0,3,2,1,0,4,2,3,0,4.993611111111111
2,0,0.0,2,1,1,0,2,1,2,0,0.001388888888888889
6,0,0.0,1,2,1,0,6,2,3,0,6.300277777777778
4,0,0.0,3,4,1,0,4,3,1,1,3.4141666666666666
2,0,0.0,2,2,1,0,2,2,1,0,1.7352777777777777
4,0,0.0,1,2,1,0,4,2,3,0,2.346111111111111
1,0,0.0,1,1,1,0,1,1,1,0,0.0
2,0,0.0,2,1,1,0,2,1,2,0,2.4905555555555554
2,0,0.0,2,1,2,0,1,2,1,0,5.362777777777778
2,0,0.0,2,2,1,0,2,2,1,0,6.586944444444445
2,0,0.0,2,1,1,0,2,2,1,0,0.08722222222222223
15,0,0.0,6,5,2,0,12,2,6,0,7.976666666666667
1,0,0.0,1,1,1,0,1,1,0,0,0.0
3,0,0.0,3,1,1,0,3,1,3,0,2.8980555555555556
4,0,0.0,2,2,1,0,4,2,3,0,2.9008333333333334
3,0,0.0,2,2,1,0,3,2,0,1,5.365833333333334
2,0,0.0,2,2,1,0,2,2,1,0,1.3425
4,0,0.0,4,2,1,0,4,2,3,0,5.9558333333333335
1,0,0.0,1,1,1,0,1,1,1,0,0.0
2,0,0.0,1,2,1,0,2,2,1,0,3.5572222222222223
4,0,0.0,1,2,1,0,4,2,2,0,1.2469444444444444
3,0,0.0,2,2,2,0,2,1,0,0,3.700277777777778
4,0,0.0,2,2,1,0,4,2,3,0,5.843333333333334
2,0,0.0,2,1,1,0,2,1,2,0,0.21
3,0,0.0,3,2,2,0,1,1,0,0,0.10472222222222222
5,0,0.0,2,3,1,0,5,2,2,0,3.4916666666666667
2,0,0.0,2,2,1,0,2,1,0,0,3.783333333333333
2,0,0.0,2,1,2,0,1,2,1,0,2.7919444444444443
2,0,0.0,2,2,1,0,2,2,1,0,2.472777777777778
13,0,0.0,8,6,1,0,13,3,6,1,6.154166666666667
3,0,0.0,2,3,1,0,3,2,1,0,4.506944444444445
3,0,0.0,2,2,1,0,3,2,0,1,5.065555555555555
1,0,0.0,1,1,1,0,1,1,0,0,0.0
5,0,0.0,3,3,2,0,4,2,1,0,5.035833333333334
1,0,0.0,1,1,1,0,1,1,1,0,0.0
4,0,0.0,3,1,2,0,2,1,0,0,5.011388888888889
1,0,0.0,1,1,1,0,1,1,0,0,0.0
4,0,0.0,3,2,1,0,4,2,1,0,7.230277777777777
6,0,0.0,2,2,2,0,4,2,2,0,8.132222222222222
3,0,0.0,2,2,1,0,3,2,1,0,2.9341666666666666
2,0,0.0,2,2,1,0,2,1,0,0,7.905
3,0,0.0,1,2,1,0,3,2,2,0,5.516388888888889
2,0,0.0,1,1,1,0,2,1,2,0,1.005
2,0,0.0,2,2,1,0,2,1,0,0,1.2508333333333332
4,0,0.0,1,2,1,0,4,2,3,0,3.948611111111111
3,0,0.0,3,1,1,0,3,2,2,0,5.5375
4,0,0.0,3,2,2,0,2,2,1,0,1.8797222222222223
3,0,0.0,2,2,2,0,2,2,0,1,0.9063888888888889
61,0,0.0,1,2,1,0,61,2,33,0,3.2463888888888888
5,0,0.0,3,4,1,0,5,2,1,0,5.753611111111111
5,0,0.0,2,2,1,0,5,2,3,0,6.227777777777778
2,0,0.0,2,2,2,0,1,1,0,0,0.005277777777777778
2,0,0.0,2,2,1,0,2,1,0,0,2.1527777777777777
3,0,0.0,3,3,1,0,3,2,1,0,3.6105555555555555
9,0,0.0,5,4,1,0,9,3,4,1,8.1525
6,0,0.0,3,3,1,0,6,2,2,0,7.2
1,0,0.0,1,1,1,0,1,1,1,0,0.0
1,0,0.0,1,1,1,0,1,1,1,0,0.0
1,0,0.0,1,1,1,0,1,1,1,0,0.0
3,0,0.0,1,1,1,0,3,1,0,0,3.7505555555555556
7,0,0.0,3,4,1,0,7,2,4,0,7.958333333333333
2,0,0.0,2,1,2,0,1,2,1,0,5.000277777777778
2,0,0.0,2,1,2,0,1,2,1,0,6.370555555555556
1,0,0.0,1,1,1,0,1,1,1,0,0.0
1,0,0.0,1,1,1,0,1,1,1,0,0.0
4,0,0.0,2,2,2,0,3,2,1,0,5.266111111111111
3,0,0.0,2,2,1,0,3,1,0,0,1.1794444444444445
3,0,0.0,3,1,2,0,2,2,2,0,3.6469444444444443
1,0,0.0,1,1,1,0,1,1,0,0,0.0
3,0,0.0,2,2,2,0,2,2,1,0,5.414166666666667
3,0,0.0,2,2,1,0,3,2,1,0,1.53
2,0,0.0,2,2,1,0,2,2,1,0,1.4102777777777777
3,0,0.0,2,2,1,0,3,2,2,0,1.9761111111111112
2,0,0.0,1,1,1,0,2,1,2,0,1.7527777777777778
4,0,0.0,2,3,1,0,4,2,1,0,5.9725
4,0,0.0,2,3,1,0,4,2,0,2,1.5186111111111111
1,0,0.0,1,1,1,0,1,1,0,0,0.0
1,0,0.0,1,1,1,0,1,1,0,0,0.0
3,0,0.0,2,2,1,0,3,2,1,0,6.764444444444444
3,0,0.0,3,3,1,0,3,2,1,0,4.843055555555556
1,0,0.0,1,1,1,0,1,1,0,0,0.0
3,0,0.0,3,2,2,0,2,2,1,0,3.5825
4,0,0.0,4,3,1,0,4,2,2,0,3.382222222222222
1,0,0.0,1,1,1,0,1,1,1,0,0.0
4,0,0.0,3,3,2,0,3,2,1,0,3.1366666666666667
5,0,0.0,4,4,1,0,5,2,2,0,6.7219444444444445
4,0,0.0,3,2,1,0,4,1,4,0,5.757777777777778
4,0,0.0,3,2,1,0,4,2,1,0,2.1269444444444443
1,0,0.0,1,1,1,0,1,1,0,0,0.0
1,0,0.0,1,1,1,0,1,1,0,0,0.0
4,0,0.0,2,3,1,0,4,2,2,0,4.753055555555555
1,0,0.0,1,1,1,0,1,1,0,0,0.0
3,0,0.0,2,2,1,0,3,2,2,0,3.6569444444444446
5,0,0.0,3,3,2,0,4,1,0,0,7.920555555555556
5,0,0.0,2,2,2,0,2,2,1,0,8.143611111111111
10,0,0.0,3,3,2,0,9,2,6,0,6.863611111111111
5,0,0.0,2,3,1,0,5,2,1,0,5.562222222222222
8,0,0.0,4,4,2,0,7,2,1,0,5.384444444444444
2,0,0.0,1,1,1,0,2,1,0,0,2.5
3,0,0.0,1,1,1,0,3,1,3,0,5.790555555555556
2,0,0.0,1,1,1,0,2,1,0,0,6.487222222222222
2,0,0.0,2,2,1,0,2,1,2,0,5.1177777777777775
1,0,0.0,1,1,1,0,1,1,1,0,0.0
4,0,0.0,4,4,1,0,4,2,1,0,2.808333333333333
2,0,0.0,2,1,1,0,2,1,2,0,1.0991666666666666
1,0,0.0,1,1,1,0,1,1,1,0,0.0
5,0,0.0,2,2,2,0,4,2,4,0,6.769722222222223
1,0,0.0,1,1,1,0,1,1,0,0,0.0
2,0,0.0,1,1,1,0,2,1,2,0,0.7491666666666666
3,0,0.0,2,2,1,0,3,2,2,0,4.332777777777777
5,0,0.0,1,2,1,0,5,2,3,0,7.253055555555555
3,0,0.0,2,2,2,0,2,2,1,0,7.7058333333333335
5,0,0.0,1,2,1,0,5,2,1,0,6.751944444444445
1,0,0.0,1,1,1,0,1,1,0,0,0.0
1,0,0.0,1,1,1,0,1,1,1,0,0.0
4,4,1.0,2,2,1,0,0,1,0,0,3.7516666666666665
1,1,1.0,1,1,1,0,1,1,0,1,0.0
2,0,0.0,2,1,1,0,2,1,2,0,6.449722222222222
4,0,0.0,3,2,1,0,4,2,2,0,7.410555555555556
1,0,0.0,1,1,1,0,1,1,1,0,0.0
1,0,0.0,1,1,1,0,1,1,1,0,0.0
4,0,0.0,3,4,1,0,4,2,1,0,5.730555555555555
5,0,0.0,1,2,1,0,5,2,1,0,5.25
4,0,0.0,3,3,1,0,4,1,0,0,6.89
3,0,0.0,3,2,2,0,2,2,1,0,5.626666666666667
1,0,0.0,1,1,1,0,1,1,0,0,0.0
2,0,0.0,1,1,1,0,2,1,0,0,8.249722222222223
2,0,0.0,1,1,1,0,2,1,0,0,1.1094444444444445
2,0,0.0,1,2,1,0,2,2,1,0,2.2472222222222222
4,0,0.0,3,2,1,0,4,2,3,0,5.595555555555555
3,0,0.0,2,2,1,0,3,2,2,0,4.711111111111111
2,0,0.0,2,2,1,0,2,1,0,0,3.933333333333333
2,0,0.0,2,1,1,0,2,1,2,0,2.5102777777777776
2,0,0.0,2,2,2,0,1,1,0,0,1.011388888888889
2,0,0.0,1,2,1,0,2,2,1,0,1.5338888888888889
2,0,0.0,2,1,1,0,2,1,2,0,3.651111111111111
1,0,0.0,1,1,1,0,1,1,1,0,0.0
7,0,0.0,5,5,2,0,6,2,1,0,6.0008333333333335
6,0,0.0,4,3,2,0,4,2,2,0,5.665555555555556
4,0,0.0,3,2,2,0,3,2,2,0,4.835277777777778
1,0,0.0,1,1,1,0,1,1,1,0,0.0
3,0,0.0,2,2,1,0,3,2,2,0,4.059722222222222
1,0,0.0,1,1,1,0,1,1,1,0,0.0
5,0,0.0,2,2,1,0,5,2,2,0,6.004444444444444
2,0,0.0,1,2,2,0,1,1,0,0,1.806111111111111
1,0,0.0,1,1,1,0,1,1,0,0,0.0
1,0,0.0,1,1,1,0,1,1,0,0,0.0
2,0,0.0,2,2,1,0,2,2,1,0,3.752222222222222
5,0,0.0,2,3,1,0,5,2,2,0,5.247222222222222
118,0,0.0,17,12,2,0,94,3,51,1,8.588611111111112
4,0,0.0,3,2,2,0,3,3,1,1,4.855
1,0,0.0,1,1,1,0,1,1,0,0,0.0
4,0,0.0,3,3,1,0,4,2,1,0,5.1963888888888885
6,0,0.0,5,2,2,0,4,2,2,0,6.020277777777777
2,0,0.0,2,1,2,0,1,2,0,1,1.78
1,0,0.0,1,1,1,0,1,1,0,0,0.0
5,0,0.0,2,3,1,0,5,2,2,0,5.497222222222222
3,0,0.0,2,2,1,0,3,2,2,0,1.8663888888888889
3,0,0.0,1,2,1,0,3,2,2,0,4.314722222222223
6,0,0.0,6,4,2,0,4,2,1,0,7.3405555555555555
1,0,0.0,1,1,1,0,1,1,0,0,0.0
2,0,0.0,1,2,1,0,2,2,1,0,0.9894444444444445
4,0,0.0,3,2,2,0,3,3,1,1,5.966111111111111
4,0,0.0,1,2,1,0,4,2,1,0,2.011111111111111
5,0,0.0,3,2,2,0,4,3,2,0,6.468333333333334
5,0,0.0,3,3,1,0,5,2,2,0,6.065277777777778
1,0,0.0,1,1,1,0,1,1,0,0,0.0
3,0,0.0,3,3,1,0,3,1,0,0,8.277777777777779
9,0,0.0,4,5,1,0,9,2,2,0,4.503888888888889
2,0,0.0,1,1,1,0,2,1,2,0,0.9983333333333333
1,0,0.0,1,1,1,0,1,1,1,0,0.0
3,0,0.0,2,3,1,0,3,2,1,0,7.088888888888889
1,0,0.0,1,1,1,0,1,1,1,0,0.0
3,0,0.0,2,2,1,0,3,2,1,0,2.4955555555555557
73,0,0.0,4,7,1,0,73,3,45,0,8.665277777777778
1,0,0.0,1,1,1,0,1,1,0,0,0.0
3,0,0.0,1,2,1,0,3,2,2,0,4.506111111111111
4,0,0.0,2,2,2,0,3,2,1,0,1.4469444444444444
2,0,0.0,2,1,2,0,1,2,1,0,0.48277777777777775
103,0,0.0,4,7,2,0,101,2,48,0,8.492777777777778
2,0,0.0,2,1,1,0,2,1,2,0,1.8519444444444444
4,0,0.0,2,3,1,0,4,2,1,0,5.2475
3,0,0.0,2,2,1,0,3,1,0,0,4.0075
4,0,0.0,4,2,1,0,4,2,3,0,5.850833333333333
4,0,0.0,2,1,2,0,3,2,3,0,3.6830555555555557
2,0,0.0,1,1,1,0,2,1,0,0,0.7766666666666666
3,0,0.0,3,2,2,0,2,2,1,0,6.751388888888889
3,0,0.0,2,2,1,0,3,1,0,0,7.969444444444444
3,0,0.0,3,1,2,0,2,2,1,0,3.786388888888889
1,0,0.0,1,1,1,0,1,1,1,0,0.0
1,0,0.0,1,1,1,0,1,1,0,0,0.0
1,0,0.0,1,1,1,0,1,1,1,0,0.0
3,0,0.0,2,1,2,0,1,2,1,0,1.8983333333333334
2,0,0.0,2,2,1,0,2,2,1,0,1.2444444444444445
4,0,0.0,2,3,1,0,4,2,2,0,5.018055555555556
4,0,0.0,3,3,1,0,4,2,2,0,5.666666666666667
2,0,0.0,2,1,1,0,2,1,2,0,3.477222222222222
8,0,0.0,3,2,1,0,8,3,5,1,6.057222222222222
3,0,0.0,3,2,2,0,1,1,0,0,2.7775
2,0,0.0,1,1,1,0,2,1,2,0,0.5102777777777778
1,0,0.0,1,1,1,0,1,1,0,0,0.0
1,0,0.0,1,1,1,0,1,1,0,0,0.0
5,0,0.0,2,3,1,0,5,2,1,0,6.299722222222222
1,0,0.0,1,1,1,0,1,1,0,0,0.0
5,0,0.0,2,3,2,0,4,2,2,0,4.014722222222222
1,0,0.0,1,1,1,0,1,1,0,0,0.0
5,0,0.0,4,3,2,0,3,1,0,0,6.497222222222222
5,0,0.0,2,3,1,0,5,2,2,0,6.6883333333333335
4,0,0.0,3,1,1,0,4,1,4,0,3.1166666666666667
3,0,0.0,3,2,1,0,3,3,1,1,3.6230555555555557
1,0,0.0,1,1,1,0,1,1,1,0,0.0
2,0,0.0,1,2,1,0,2,2,1,0,1.1780555555555556
5,0,0.0,1,2,1,0,5,2,4,0,7.503611111111111
1,0,0.0,1,1,1,0,1,1,1,0,0.0
9,0,0.0,4,4,1,0,9,2,3,0,6.569166666666667
1,0,0.0,1,1,1,0,1,1,1,0,0.0
3,0,0.0,2,1,2,0,2,2,2,0,5.3661111111111115
4,0,0.0,2,2,2,0,3,1,0,0,5.989722222222222
3,0,0.0,3,3,1,0,3,2,1,0,0.29888888888888887
1,0,0.0,1,1,1,0,1,1,0,0,0.0
4,0,0.0,3,1,2,0,2,2,2,0,4.850833333333333
2,0,0.0,1,2,1,0,2,2,1,0,0.018333333333333333
2,0,0.0,2,1,1,0,2,1,2,0,0.010833333333333334
1,0,0.0,1,1,1,0,0,1,0,0,0.0
5,0,0.0,5,2,2,0,4,2,3,0,5.543055555555555
2,0,0.0,2,2,1,0,2,2,1,0,5.2075
3,0,0.0,3,1,2,0,2,2,1,0,5.94
5,0,0.0,3,4,1,0,5,2,2,0,4.092777777777778
3,0,0.0,2,2,2,0,2,2,1,0,2.7530555555555556
2,0,0.0,2,2,1,0,2,2,1,0,0.9575
2,0,0.0,2,2,2,0,1,1,0,0,6.525833333333333
375,0,0.0,19,15,2,0,364,2,183,0,8.655277777777778
1,0,0.0,1,1,1,0,1,1,1,0,0.0
2,0,0.0,1,2,1,0,2,2,1,0,5.743611111111111
1,0,0.0,1,1,1,0,1,1,1,0,0.0
3,0,0.0,2,2,1,0,3,2,2,0,5.6475
1,0,0.0,1,1,1,0,1,1,0,0,0.0
2,0,0.0,2,2,2,0,1,2,0,0,2.6025
2,0,0.0,2,1,2,0,1,2,1,0,3.48
32,0,0.0,3,2,2,0,31,2,17,0,8.043055555555556
8,0,0.0,6,6,1,0,8,2,2,0,7.682777777777778
1,0,0.0,1,1,1,0,1,1,0,0,0.0
2,0,0.0,2,2,1,0,2,2,1,0,0.013888888888888888
1,0,0.0,1,1,1,0,1,1,1,0,0.0
6,0,0.0,4,3,1,0,6,2,4,0,7.217777777777778
4,0,0.0,3,3,1,0,4,1,0,0,4.765
1,0,0.0,1,1,1,0,0,1,0,0,0.0
1,0,0.0,1,1,1,0,1,1,0,0,0.0
2,0,0.0,2,1,1,0,2,2,1,1,2.0119444444444445
5,0,0.0,5,4,2,0,4,3,1,0,6.920833333333333
4,0,0.0,3,2,2,0,3,2,1,0,4.8875
2,0,0.0,2,2,1,0,2,1,0,0,5.046666666666667
1,0,0.0,1,1,1,0,1,1,1,0,0.0
4,0,0.0,2,3,1,0,4,2,1,0,6.208055555555555
3,0,0.0,1,1,1,0,3,1,3,0,5.739444444444445
3,0,0.0,2,2,1,0,3,2,1,0,0.10861111111111112
4,0,0.0,4,1,2,0,3,2,3,0,5.411111111111111
1,0,0.0,1,1,1,0,1,1,1,0,0.0
5,0,0.0,2,3,1,0,5,2,3,0,4.338055555555556
4,0,0.0,2,3,1,0,4,2,2,0,7.026388888888889
10,0,0.0,6,7,1,0,10,2,1,0,8.089166666666667
4,0,0.0,2,2,1,0,4,2,1,0,3.714166666666667
1,0,0.0,1,1,1,0,1,1,0,0,0.0
5,0,0.0,4,2,2,0,4,3,2,1,6.181111111111111
1,0,0.0,1,1,1,0,1,1,1,0,0.0
2,0,0.0,1,1,1,0,2,1,0,0,1.5
2,0,0.0,2,2,1,0,2,1,0,0,0.355
3,0,0.0,2,3,1,0,3,2,1,0,3.533333333333333
4,0,0.0,4,3,1,0,4,2,2,0,5.245555555555556
4,0,0.0,3,1,2,0,2,2,2,0,4.5
9,0,0.0,7,5,1,0,9,3,4,1,7.957222222222223
3,0,0.0,3,3,2,0,2,1,0,0,7.115833333333334
3,0,0.0,2,2,1,0,3,2,2,0,3.4277777777777776
3,0,0.0,3,1,2,0,1,2,1,0,6.7091666666666665
1,0,0.0,1,1,1,0,1,1,0,0,0.0
4,0,0.0,3,2,2,0,3,2,2,0,3.500277777777778
5,0,0.0,2,3,1,0,5,2,1,0,6.25
1,0,0.0,1,1,1,0,1,1,1,0,0.0
2,0,0.0,2,2,1,0,2,2,1,0,1.781111111111111
3,0,0.0,2,1,2,0,2,2,2,0,8.449166666666667
3,0,0.0,2,1,1,0,3,1,3,0,2.733888888888889
5,0,0.0,4,4,2,0,4,1,0,0,7.280277777777778
2,0,0.0,1,2,1,0,2,2,1,0,2.7544444444444443
1,0,0.0,1,1,1,0,1,1,0,0,0.0
4,0,0.0,2,1,1,0,4,1,4,0,5.761666666666667
4,0,0.0,3,3,1,0,4,2,2,0,6.845
1,0,0.0,1,1,1,0,1,1,1,0,0.0
5,0,0.0,4,2,2,0,4,2,3,0,6.201944444444444
6,0,0.0,3,3,2,0,4,1,0,0,5.269166666666667
1,0,0.0,1,1,1,0,1,1,0,0,0.0
1,0,0.0,1,1,1,0,1,1,1,0,0.0
6,0,0.0,6,4,2,0,5,2,2,0,8.219722222222222
3,0,0.0,3,2,2,0,2,2,1,0,0.0125
2,0,0.0,2,2,1,0,2,1,0,0,1.6172222222222221
6,0,0.0,3,4,1,0,6,2,3,0,7.785555555555556
2,0,0.0,1,1,1,0,2,1,0,0,3.5925
1,0,0.0,1,1,1,0,1,1,0,0,0.0
1,0,0.0,1,1,1,0,1,1,1,0,0.0
1,0,0.0,1,1,1,0,1,1,1,0,0.0
1,0,0.0,1,1,1,0,1,1,1,0,0.0
2,0,0.0,2,2,1,0,2,2,1,0,1.8872222222222221
2,0,0.0,2,1,2,0,1,2,1,0,1.758888888888889
2,0,0.0,2,1,1,0,2,1,2,0,7.104722222222223
3,0,0.0,2,2,1,0,3,2,2,0,4.955277777777778
4,0,0.0,2,3,1,0,4,2,2,0,6.663333333333333
3,0,0.0,2,1,1,0,3,1,3,0,5.249722222222222
3,0,0.0,2,2,2,0,2,1,0,0,3.5705555555555555
3,0,0.0,3,3,1,0,3,1,0,0,4.2283333333333335
3,0,0.0,3,1,2,0,2,2,2,0,3.2558333333333334
113,0,0.0,14,10,3,0,105,4,50,2,8.606111111111112
5,0,0.0,2,3,1,0,5,2,1,0,6.494722222222222
1,0,0.0,1,1,1,0,1,1,0,0,0.0
2,0,0.0,2,2,1,0,2,2,1,0,5.262777777777778
2,0,0.0,1,2,1,0,2,2,1,0,4.038055555555555
1,0,0.0,1,1,1,0,1,1,0,0,0.0
4,0,0.0,2,2,1,0,4,2,1,0,8.016666666666667
3,0,0.0,2,2,2,0,2,2,1,0,3.1372222222222224
5,0,0.0,4,4,2,0,4,2,1,0,3.390833333333333
4,0,0.0,2,2,1,0,4,2,2,0,0.07527777777777778
6,0,0.0,4,2,2,0,3,2,2,0,6.198888888888889
3,0,0.0,3,3,2,0,2,2,0,0,2.0797222222222222
7,0,0.0,5,4,2,0,4,2,1,0,8.23611111111111
5,0,0.0,3,2,1,0,5,2,4,0,6.050277777777778
1,0,0.0,1,1,1,0,1,1,1,0,0.0
2,0,0.0,1,1,1,0,2,1,0,0,0.008611111111111111
1,0,0.0,1,1,1,0,1,1,1,0,0.0
5,0,0.0,4,3,2,0,3,2,1,0,4.977222222222222
1,0,0.0,1,1,1,0,1,1,1,0,0.0
3,0,0.0,1,2,1,0,3,2,2,0,4.084722222222222
2,0,0.0,1,2,1,0,2,1,2,0,1.3205555555555555
5,0,0.0,4,4,1,0,5,2,2,0,4.035277777777778
3,0,0.0,3,2,1,0,3,2,2,0,1.0991666666666666
2,0,0.0,1,2,1,0,2,2,1,0,4.253888888888889
6,0,0.0,4,2,3,0,4,3,1,0,8.016388888888889
10,0,0.0,3,4,1,0,10,2,3,0,6.994166666666667
9,0,0.0,5,4,2,0,8,2,5,0,6.994166666666667
6,0,0.0,5,4,2,0,5,2,2,0,5.981388888888889
1,0,0.0,1,1,1,0,1,1,0,1,0.0
2,0,0.0,2,2,1,0,2,2,0,1,2.189722222222222
1,0,0.0,1,1,1,0,1,1,1,0,0.0
8,0,0.0,5,3,2,0,7,2,3,0,4.038888888888889
3,0,0.0,2,3,1,0,3,2,1,0,3.5969444444444445
4,0,0.0,4,3,1,0,4,2,2,0,3.213611111111111
6,0,0.0,3,2,2,0,4,2,3,0,6.054722222222222
1,0,0.0,1,1,1,0,1,1,1,0,0.0
2,0,0.0,2,1,1,0,2,1,2,0,3.9522222222222223
2,0,0.0,1,1,1,0,2,1,0,0,0.4761111111111111
23,0,0.0,5,4,3,0,20,3,7,0,8.416666666666666
1,0,0.0,1,1,1,0,1,1,0,0,0.0
1,0,0.0,1,1,1,0,1,1,1,0,0.0
5,0,0.0,4,2,2,0,4,2,2,0,5.665
4,0,0.0,3,2,2,0,3,2,2,0,5.203055555555555
1,0,0.0,1,1,1,0,1,1,0,0,0.0
3,0,0.0,3,3,1,0,3,2,1,0,3.999722222222222
2,0,0.0,2,1,1,0,2,1,2,0,1.3988888888888888
4,0,0.0,2,1,2,0,2,3,1,1,2.7475
3,0,0.0,2,2,1,0,3,2,1,0,6.0280555555555555
3,0,0.0,2,3,1,0,3,2,1,0,1.2402777777777778
2,0,0.0,2,2,1,0,2,2,1,0,0.9522222222222222
5,0,0.0,3,3,1,0,5,2,2,0,6.1755555555555555
1,0,0.0,1,1,1,0,1,1,0,0,0.0
1,0,0.0,1,1,1,0,1,1,1,0,0.0
3,0,0.0,2,3,1,0,3,2,1,0,3.064722222222222
4,0,0.0,3,2,2,0,2,2,1,0,3.4852777777777777
1,0,0.0,1,1,1,0,1,1,1,0,0.0
2,0,0.0,2,1,1,0,2,1,2,0,1.6191666666666666
1,0,0.0,1,1,1,0,1,1,0,0,0.0
3,0,0.0,2,3,1,0,3,2,1,0,0.025555555555555557
381,0,0.0,19,18,2,0,376,2,182,0,8.629166666666666
3,0,0.0,2,2,2,0,2,2,1,0,5.853055555555556
1,0,0.0,1,1,1,0,1,1,0,0,0.0
3,0,0.0,2,2,1,0,3,2,2,0,1.7441666666666666
7,0,0.0,3,2,3,0,4,4,2,1,5.7411111111111115
4,0,0.0,4,3,1,0,4,3,1,1,3.7158333333333333
2,0,0.0,1,1,1,0,2,1,0,0,1.7522222222222221
5,0,0.0,5,4,1,0,5,2,2,0,4.7780555555555555
6,0,0.0,3,3,1,0,6,2,3,0,6.235833333333333
2,0,0.0,1,1,1,0,2,2,1,1,6.825555555555556
3,0,0.0,3,2,1,0,3,2,2,0,1.8936111111111111
5,0,0.0,1,2,1,0,5,2,2,0,4.015555555555555
2,0,0.0,2,2,1,0,2,2,1,0,2.1344444444444446
5,0,0.0,4,4,2,0,4,1,0,0,4.830277777777778
4,0,0.0,4,1,2,0,2,3,1,1,6.175277777777778
1,0,0.0,1,1,1,0,1,1,0,1,0.0
4,0,0.0,2,2,1,0,4,2,3,0,6.000555555555556
4,0,0.0,4,4,1,0,4,2,1,0,6.086666666666667
4,0,0.0,3,3,2,0,3,1,0,0,3.488611111111111
1,0,0.0,1,1,1,0,1,1,1,0,0.0
3,0,0.0,3,3,1,0,3,2,1,0,6.060555555555555
5,0,0.0,3,4,2,0,4,1,0,0,6.636666666666667
2,0,0.0,2,2,1,0,2,2,1,0,5.561944444444444
3,0,0.0,3,1,2,0,2,2,2,0,5.181388888888889
6,0,0.0,3,2,2,0,5,3,3,1,7.079166666666667
5,0,0.0,4,4,1,0,5,2,2,0,6.225
3,0,0.0,2,2,2,0,2,2,1,0,2.7025
3,0,0.0,2,2,1,0,3,2,1,0,4.043611111111111
3,0,0.0,2,2,2,0,2,2,0,1,0.5780555555555555
5,0,0.0,4,3,2,0,4,3,2,0,4.304722222222222
6,0,0.0,3,4,1,0,6,2,2,0,7.022222222222222
4,0,0.0,3,3,1,0,4,2,2,0,5.958888888888889
1,0,0.0,1,1,1,0,0,1,0,0,0.0
1,0,0.0,1,1,1,0,1,1,1,0,0.0
4,0,0.0,2,2,2,0,2,1,0,0,5.664166666666667
4,0,0.0,3,2,1,0,4,2,3,0,4.646388888888889
7,0,0.0,4,3,2,0,5,2,2,0,4.633333333333334
2,0,0.0,2,1,2,0,1,2,1,0,0.006666666666666667
2,0,0.0,2,2,2,0,1,2,0,0,0.5794444444444444
1,0,0.0,1,1,1,0,1,1,1,0,0.0
1,0,0.0,1,1,1,0,1,1,1,0,0.0
4,0,0.0,3,2,2,0,3,2,2,0,0.5716666666666667
1,0,0.0,1,1,1,0,1,1,0,0,0.0
2,0,0.0,1,2,1,0,2,2,1,0,5.262777777777778
1,0,0.0,1,1,1,0,1,1,0,0,0.0
2,0,0.0,2,2,2,0,1,1,0,0,6.557222222222222
3,0,0.0,3,2,2,0,2,1,0,0,0.9669444444444445
5,0,0.0,5,2,2,0,3,2,2,0,6.005833333333333
5,0,0.0,3,3,2,0,4,3,1,0,2.915277777777778
407,0,0.0,7,6,2,0,405,2,197,0,8.530555555555555
1,0,0.0,1,1,1,0,0,1,0,0,0.0
2,0,0.0,2,2,1,0,2,2,1,0,3.966111111111111
3,0,0.0,2,2,1,0,3,2,1,0,4.498888888888889
2,0,0.0,2,2,1,0,2,2,1,0,2.7733333333333334
1,0,0.0,1,1,1,0,1,1,0,0,0.0
135,1,0.007407407407407408,6,12,1,0,135,3,62,0,8.390277777777778
7,0,0.0,3,4,1,0,7,2,2,0,7.0475
1,0,0.0,1,1,1,0,0,1,0,0,0.0
6,0,0.0,3,3,1,0,6,2,2,0,6.728055555555556
4,0,0.0,1,2,1,0,4,2,2,0,4.747222222222222
7,0,0.0,6,5,1,0,7,2,4,0,7.15
3,0,0.0,3,1,1,0,3,2,2,1,2.589722222222222
3,0,0.0,2,2,1,0,3,1,0,0,0.19611111111111112
2,0,0.0,2,2,1,0,2,2,1,0,3.5969444444444445
3,0,0.0,2,3,1,0,3,2,1,0,6.313611111111111
2,0,0.0,2,2,1,0,2,2,1,0,7.303055555555556
7,0,0.0,3,3,2,0,6,2,2,0,5.2525
1,0,0.0,1,1,1,0,1,1,0,0,0.0
1,0,0.0,1,1,1,0,1,1,0,0,0.0
5,0,0.0,4,3,2,0,4,2,1,0,0.011944444444444445
3,0,0.0,2,3,1,0,3,2,1,0,4.716111111111111
5,0,0.0,4,2,1,0,5,3,2,1,6.246944444444445
5,0,0.0,4,3,1,0,5,2,3,0,5.127777777777778
3,0,0.0,2,1,1,0,3,1,3,0,4.9816666666666665
1,0,0.0,1,1,1,0,1,1,0,0,0.0
4,0,0.0,3,3,2,0,3,2,1,0,3.795
3,0,0.0,3,3,1,0,3,1,0,0,6.006666666666667
2,0,0.0,2,2,1,0,2,1,0,0,0.11861111111111111
2,0,0.0,1,2,1,0,2,2,1,0,2.9980555555555557
2,0,0.0,1,2,1,0,2,2,1,0,0.0
1,0,0.0,1,1,1,0,1,1,1,0,0.0
3,0,0.0,2,2,1,0,3,2,2,0,4.631666666666667
11,0,0.0,7,4,2,0,9,2,6,0,2.1911111111111112
6,0,0.0,3,3,1,0,6,2,4,0,6.6691666666666665
3,0,0.0,3,2,2,0,2,1,0,0,3.5975
6,0,0.0,5,3,1,0,6,2,3,0,1.4891666666666667
7,0,0.0,6,2,2,0,5,2,4,0,2.0855555555555556
3,0,0.0,2,3,1,0,3,2,1,0,3.7005555555555554
7,0,0.0,4,4,1,0,7,2,4,0,7.174722222222222
1,0,0.0,1,1,1,0,0,1,0,0,0.0
1,0,0.0,1,1,1,0,0,1,0,0,0.0
6,0,0.0,3,3,1,0,6,3,3,1,5.537222222222222
2,0,0.0,2,2,1,0,2,1,0,0,0.6677777777777778
3,0,0.0,3,2,2,0,2,2,1,0,0.32083333333333336
6,0,0.0,5,3,3,0,4,3,2,0,3.008611111111111
2,0,0.0,2,2,1,0,2,2,1,0,5.36
4,0,0.0,2,3,1,0,4,2,1,0,2.7469444444444444
5,0,0.0,3,3,1,0,5,2,2,0,5.2683333333333335
2,0,0.0,1,1,1,0,2,1,2,0,1.7175
3,0,0.0,3,2,2,0,1,1,0,0,1.8347222222222221
3,0,0.0,2,3,1,0,3,2,1,0,1.866111111111111
3,0,0.0,3,2,2,0,2,2,1,0,5.434444444444445
3,0,0.0,3,3,2,0,2,1,0,0,2.3602777777777777
6,0,0.0,4,3,2,0,5,2,2,0,2.7025
5,0,0.0,3,2,2,0,4,2,3,0,6.368888888888889
2,0,0.0,2,2,1,0,2,2,1,0,2.3986111111111112
3,0,0.0,2,2,1,0,3,1,0,0,1.9125
414,0,0.0,16,15,2,0,359,2,184,0,8.662777777777778
4,0,0.0,3,2,2,0,3,2,2,0,5.500555555555556
2,0,0.0,2,1,2,0,1,2,1,0,2.4941666666666666
2,0,0.0,1,1,1,0,2,1,2,0,3.005
4,0,0.0,2,2,1,0,4,2,2,0,3.0347222222222223
3,0,0.0,2,2,1,0,3,2,2,0,1.5455555555555556
4,0,0.0,4,2,1,0,4,2,2,0,5.352777777777778
3,0,0.0,3,1,2,0,2,2,2,0,2.4966666666666666
2,0,0.0,2,2,1,0,2,2,1,0,0.10916666666666666
7,0,0.0,4,2,2,0,6,2,4,0,7.947777777777778
1,0,0.0,1,1,1,0,1,1,0,0,0.0
2,0,0.0,2,1,2,0,1,2,1,0,0.9144444444444444
8,0,0.0,3,3,2,0,7,3,2,1,7.051388888888889
5,0,0.0,3,3,1,0,5,2,1,0,5.326388888888889
3,0,0.0,3,2,1,0,3,2,2,0,6.178333333333334
8,0,0.0,6,4,1,0,8,2,4,0,4.630277777777778
2,0,0.0,2,2,1,0,2,1,0,0,1.4841666666666666
3,0,0.0,2,3,1,0,3,2,1,0,2.8152777777777778
3,0,0.0,2,2,1,0,3,2,1,0,3.9255555555555555
4,0,0.0,3,2,3,0,2,2,0,0,0.2613888888888889
1,0,0.0,1,1,1,0,1,1,1,0,0.0
6,0,0.0,4,2,2,0,5,3,1,1,1.256388888888889
1,0,0.0,1,1,1,0,1,1,1,0,0.0
3,0,0.0,1,2,1,0,3,2,2,0,4.25
5,0,0.0,4,3,1,0,5,2,3,0,3.000277777777778
3,0,0.0,3,3,1,0,3,1,0,0,5.766388888888889
3,0,0.0,3,2,2,0,2,2,1,0,7.241666666666666
2,0,0.0,2,1,2,0,1,2,1,0,0.19027777777777777
2,0,0.0,1,2,1,0,2,2,1,0,1.5880555555555556
6,0,0.0,2,3,2,0,5,2,1,0,5.733055555555556
1,0,0.0,1,1,1,0,1,1,1,0,0.0
3,0,0.0,3,1,2,0,2,2,2,0,1.1033333333333333
5,0,0.0,3,3,2,0,4,2,0,0,6.233333333333333
3,0,0.0,2,2,2,0,2,2,1,0,5.058333333333334
1,0,0.0,1,1,1,0,1,1,0,0,0.0
3,0,0.0,3,3,1,0,3,2,1,0,0.8463888888888889
4,0,0.0,2,2,1,0,4,2,2,0,4.739722222222222
3,0,0.0,3,3,2,0,2,3,1,0,4.535277777777778
6,0,0.0,2,3,1,0,6,2,2,0,7.803333333333334
6,0,0.0,5,4,2,0,5,2,2,0,0.25555555555555554
5,0,0.0,3,3,2,0,4,2,1,0,6.891944444444444
3,0,0.0,2,2,1,0,3,2,1,0,2.0130555555555554
2,0,0.0,1,1,1,0,2,1,0,0,0.0025
2,0,0.0,1,2,1,0,2,2,1,0,0.017222222222222222
7,0,0.0,2,2,1,0,7,2,5,0,2.4980555555555557
1,0,0.0,1,1,1,0,1,1,0,0,0.0
4,0,0.0,2,1,1,0,4,2,1,3,8.513055555555555
5,0,0.0,2,2,3,0,3,3,0,1,1.6322222222222222
7,0,0.0,6,4,2,0,5,2,2,0,2.4269444444444446
3,0,0.0,2,2,1,0,3,3,1,1,6.003055555555555
5,0,0.0,2,3,1,0,5,2,3,0,5.751944444444445
4,0,0.0,2,3,1,0,4,2,2,0,7.755277777777778
9,0,0.0,6,4,2,0,8,2,4,0,2.33
5,0,0.0,3,3,2,0,4,1,0,0,6.008611111111111
4,0,0.0,3,3,1,0,4,2,2,0,8.405833333333334
2,0,0.0,2,2,1,0,2,2,1,0,4.401388888888889
4,0,0.0,2,2,2,0,2,2,1,0,7.281944444444444
3,0,0.0,2,3,1,0,3,2,1,0,3.4516666666666667
5,0,0.0,3,3,2,0,4,2,1,0,3.8516666666666666
3,0,0.0,2,3,1,0,3,2,1,0,4.256666666666667
2,0,0.0,1,1,1,0,2,1,2,0,2.1505555555555556
3,0,0.0,2,2,1,0,3,2,1,0,4.144444444444445
4,0,0.0,3,1,1,0,4,2,3,0,7.261111111111111
4,0,0.0,2,1,1,0,4,1,4,0,1.2655555555555555
1,0,0.0,1,1,1,0,1,1,1,0,0.0
109,0,0.0,6,9,1,0,109,3,48,0,8.600555555555555
2,0,0.0,2,2,1,0,2,2,1,0,3.263611111111111
3,0,0.0,2,2,1,0,3,1,0,0,3.220833333333333
3,0,0.0,2,1,2,0,2,2,2,0,4.627777777777778
4,0,0.0,3,3,1,0,4,2,2,0,2.6638888888888888
2,0,0.0,2,1,1,0,2,1,2,0,0.5694444444444444
2,0,0.0,2,2,2,0,1,1,0,0,3.118333333333333
1,0,0.0,1,1,1,0,1,1,0,0,0.0
3,0,0.0,2,2,1,0,3,2,2,0,7.487222222222222
7,0,0.0,4,2,1,0,7,2,5,0,5.604722222222223
2,0,0.0,2,2,1,0,2,1,0,0,1.7152777777777777
6,0,0.0,3,3,1,0,6,2,3,0,6.435833333333333
4,0,0.0,2,2,1,0,4,1,0,0,2.846388888888889
1,0,0.0,1,1,1,0,1,1,1,0,0.0
5,0,0.0,3,2,2,0,4,3,1,1,7.230555555555555
2,0,0.0,2,2,1,0,2,1,0,0,6.128333333333333
1,0,0.0,1,1,1,0,1,1,1,0,0.0
1,0,0.0,1,1,1,0,0,1,0,0,0.0
4,0,0.0,4,2,2,0,3,2,2,0,0.6355555555555555
4,0,0.0,3,2,1,0,4,2,2,0,6.251111111111111
4,0,0.0,3,3,1,0,4,1,0,0,0.07805555555555556
1,0,0.0,1,1,1,0,1,1,0,0,0.0
8,0,0.0,7,4,1,0,8,2,4,0,8.2025
2,0,0.0,2,2,1,0,2,1,0,0,0.1622222222222222
4,0,0.0,3,2,1,0,4,2,3,0,6.236111111111111
6,0,0.0,5,5,1,0,6,2,2,0,4.843333333333334
4,0,0.0,3,4,1,0,4,2,1,0,3.4955555555555557
1,0,0.0,1,1,1,0,1,1,0,0,0.0
2,0,0.0,2,2,1,0,2,1,0,0,1.591388888888889
1,0,0.0,1,1,1,0,1,1,0,0,0.0
4,0,0.0,1,2,1,0,4,2,1,0,5.815
1,0,0.0,1,1,1,0,0,1,0,0,0.0
3,0,0.0,2,3,1,0,3,2,1,0,3.736666666666667
7,0,0.0,2,2,2,0,6,2,4,0,5.5936111111111115
1,0,0.0,1,1,1,0,0,1,0,0,0.0
5,0,0.0,2,2,2,0,4,2,3,0,0.04527777777777778
3,0,0.0,3,3,1,0,3,2,0,1,2.013611111111111
4,0,0.0,3,2,1,0,4,2,2,0,1.62
4,0,0.0,2,2,1,0,4,3,2,1,5.904722222222222
2,0,0.0,2,2,1,0,2,1,0,0,1.5763888888888888
3,0,0.0,2,2,1,0,3,3,1,1,2.425
5,0,0.0,3,3,1,0,5,3,2,1,2.486666666666667
2,0,0.0,2,1,1,0,2,1,2,0,3.2736111111111112
1,0,0.0,1,1,1,0,1,1,0,0,0.0
3,0,0.0,3,3,2,0,2,1,0,0,6.811388888888889
10,0,0.0,4,5,2,0,7,3,2,0,6.816666666666666
2,0,0.0,2,2,1,0,2,1,0,0,0.9597222222222223
2,0,0.0,2,1,1,0,2,1,2,0,7.083611111111111
5,0,0.0,2,3,1,0,5,2,2,0,0.25333333333333335
3,0,0.0,3,1,2,0,2,2,2,0,5.811944444444444
1,0,0.0,1,1,1,0,1,1,0,0,0.0
3,0,0.0,3,2,2,0,2,2,2,0,3.7022222222222223
5,0,0.0,3,1,2,0,4,2,3,0,5.608888888888889
3,0,0.0,3,3,2,0,2,2,1,0,1.8816666666666666
3,0,0.0,3,2,1,0,3,2,2,0,0.015277777777777777
4,0,0.0,4,3,2,0,3,2,1,0,0.22305555555555556
1,0,0.0,1,1,1,0,1,1,0,0,0.0
1,0,0.0,1,1,1,0,1,1,1,0,0.0
5,0,0.0,3,3,1,0,5,3,2,1,5.765833333333333
3,0,0.0,3,3,1,0,3,2,1,0,8.24611111111111
2,0,0.0,2,2,1,0,2,1,0,0,1.4869444444444444
4,0,0.0,3,2,1,0,4,2,3,0,2.0008333333333335
24,0,0.0,3,3,2,0,23,2,12,0,7.918611111111111
2,0,0.0,1,2,1,0,2,2,1,0,4.53
2,0,0.0,2,1,1,0,2,1,2,0,0.04472222222222222
2,0,0.0,1,1,1,0,2,1,0,0,4.7575
4,0,0.0,4,4,1,0,4,2,1,0,4.206388888888889
3,0,0.0,3,3,2,0,2,2,0,0,5.9222222222222225
3,0,0.0,3,3,1,0,3,2,1,0,2.5613888888888887
3,0,0.0,2,3,1,0,3,2,1,0,1.5508333333333333
83,0,0.0,5,8,1,0,83,2,50,0,8.483611111111111
6,0,0.0,3,3,2,0,4,3,1,1,5.761388888888889
4,0,0.0,3,1,1,0,4,1,4,0,4.028611111111111
3,0,0.0,3,2,2,0,1,1,0,0,7.2625
3,0,0.0,3,2,2,0,2,3,1,0,0.11361111111111111
4,0,0.0,2,2,2,0,2,1,0,0,3.5483333333333333
3,0,0.0,3,2,1,0,3,2,2,0,5.006388888888889
4,0,0.0,3,4,2,0,3,1,0,0,2.0844444444444443
1,0,0.0,1,1,1,0,1,1,1,0,0.0
5,0,0.0,3,3,3,0,3,3,2,0,0.7838888888888889
1,0,0.0,1,1,1,0,0,1,0,0,0.0
3,0,0.0,3,2,2,0,2,3,1,0,7.943888888888889
5,0,0.0,3,4,1,0,5,2,3,0,5.852222222222222
1,0,0.0,1,1,1,0,1,1,0,0,0.0
1,0,0.0,1,1,1,0,1,1,0,0,0.0
5,0,0.0,2,3,1,0,5,3,1,1,6.795277777777778
1,0,0.0,1,1,1,0,1,1,1,0,0.0
1,0,0.0,1,1,1,0,1,1,1,0,0.0
8,0,0.0,4,2,2,0,6,3,3,1,7.203055555555555
1,0,0.0,1,1,1,0,1,1,0,0,0.0
2,0,0.0,2,2,1,0,2,2,0,1,6.626666666666667
2,0,0.0,2,1,2,0,1,2,1,0,1.583888888888889
3,0,0.0,3,2,2,0,2,2,1,0,5.106944444444444
5,0,0.0,2,3,1,0,5,2,2,0,4.655555555555556
1,0,0.0,1,1,1,0,1,1,1,0,0.0
3,0,0.0,3,2,1,0,3,3,1,1,5.682222222222222
1,0,0.0,1,1,1,0,1,1,0,0,0.0
2,0,0.0,1,1,1,0,2,1,0,0,6.039722222222222
4,0,0.0,2,3,1,0,4,2,2,0,5.788055555555555
2,0,0.0,2,1,1,0,0,1,0,0,1.7786111111111111
1,0,0.0,1,1,1,0,1,1,1,0,0.0
3,0,0.0,3,3,2,0,2,1,0,0,3.571111111111111
2,0,0.0,2,2,1,0,2,2,1,0,2.4969444444444444
2,0,0.0,2,2,1,0,2,2,1,0,1.5422222222222222
2,0,0.0,2,1,1,0,2,2,1,0,5.254444444444444
1,0,0.0,1,1,1,0,1,1,0,0,0.0
4,0,0.0,2,3,1,0,4,2,1,0,7.758611111111111
2,0,0.0,2,2,2,0,1,1,0,0,0.32722222222222225
3,0,0.0,2,2,2,0,2,2,1,0,1.448888888888889
4,0,0.0,4,1,2,0,2,2,2,0,0.1763888888888889
5,0,0.0,3,3,2,0,4,2,3,0,1.4088888888888889
2,0,0.0,2,2,1,0,2,1,0,0,4.885
3,0,0.0,3,1,1,0,3,1,3,0,0.03611111111111111
4,0,0.0,3,2,2,0,3,2,2,0,1.9802777777777778
5,0,0.0,3,3,2,0,4,2,1,0,4.9175
4,0,0.0,4,2,2,0,3,2,2,0,4.475555555555555
5,0,0.0,5,2,2,0,4,2,3,0,1.7561111111111112
4,0,0.0,3,3,2,0,3,2,1,0,2.6544444444444446
2,0,0.0,2,2,1,0,2,2,1,0,0.23194444444444445
6,0,0.0,1,2,1,0,6,2,2,0,8.435277777777777
2,0,0.0,1,1,1,0,0,1,0,0,0.19305555555555556
6,0,0.0,2,2,2,0,5,2,1,0,8.143333333333333
7,0,0.0,4,4,1,0,7,2,4,0,7.173611111111111
2,0,0.0,2,1,1,0,2,1,2,0,2.066388888888889
4,0,0.0,2,1,2,0,2,2,1,0,1.9752777777777777
3,0,0.0,2,2,2,0,2,2,1,0,4.633055555555556
4,0,0.0,3,2,2,0,1,1,0,0,5.9191666666666665
6,0,0.0,3,2,2,0,5,2,3,0,4.492222222222222
2,0,0.0,1,2,1,0,2,2,1,0,2.004166666666667
5,0,0.0,5,2,2,0,4,3,3,0,0.16194444444444445
2,0,0.0,1,2,1,0,2,2,1,0,2.082777777777778
6,0,0.0,5,4,2,0,5,3,1,1,6.7058333333333335
2,0,0.0,1,1,1,0,2,1,2,0,1.4016666666666666
2,0,0.0,2,1,1,0,2,2,1,0,0.7294444444444445
4,0,0.0,3,3,2,0,2,1,0,0,0.035555555555555556
3,0,0.0,3,2,2,0,2,2,1,0,0.6572222222222223
3,0,0.0,1,2,1,0,3,2,1,0,6.155277777777778
2,0,0.0,2,2,2,0,1,1,0,0,0.03944444444444444
2,0,0.0,2,1,2,0,1,2,1,0,6.0975
2,0,0.0,1,2,1,0,2,2,1,0,0.9794444444444445
2,0,0.0,2,2,1,0,2,1,0,0,1.2305555555555556
10,0,0.0,6,3,2,0,7,2,2,0,0.6202777777777778
2,0,0.0,2,2,1,0,2,2,1,0,6.654166666666667
2,0,0.0,1,1,1,0,2,1,0,0,1.5225
2,0,0.0,2,2,1,0,2,1,0,0,5.6066666666666665
4,0,0.0,3,1,3,0,2,3,2,0,6.919722222222222
5,0,0.0,3,1,2,0,4,3,3,1,5.968055555555556
4,0,0.0,3,3,2,0,3,2,1,0,0.6433333333333333
2,0,0.0,2,1,1,0,2,1,2,0,0.3163888888888889
1,0,0.0,1,1,1,0,1,1,1,0,0.0
4,0,0.0,3,3,2,0,3,2,1,0,1.9147222222222222
9,0,0.0,4,3,2,0,7,2,1,0,7.826944444444444
3,0,0.0,3,3,1,0,3,1,0,0,2.0172222222222222
3,0,0.0,3,1,2,0,2,2,2,0,3.6463888888888887
2,0,0.0,2,2,1,0,2,2,1,0,7.2411111111111115
8,0,0.0,2,3,2,0,7,1,0,0,7.251944444444445
5,0,0.0,3,2,2,0,4,2,2,0,5.211666666666667
3,0,0.0,2,2,1,0,3,2,2,0,6.833888888888889
7,0,0.0,4,3,2,0,6,3,1,1,8.434722222222222
3,0,0.0,2,3,1,0,3,2,1,0,6.735555555555556
2,0,0.0,2,2,1,0,2,2,1,0,0.02861111111111111
1,0,0.0,1,1,1,0,1,1,0,0,0.0
4,0,0.0,3,1,1,0,4,1,4,0,3.6858333333333335
1,0,0.0,1,1,1,0,0,1,0,0,0.0
4,0,0.0,2,2,1,0,4,1,0,0,7.505
3,0,0.0,2,2,2,0,2,2,1,0,5.565277777777778
1,0,0.0,1,1,1,0,1,1,1,0,0.0
1,0,0.0,1,1,1,0,1,1,0,0,0.0
4,0,0.0,3,3,1,0,4,2,2,0,0.26361111111111113
2,0,0.0,2,2,1,0,2,1,0,0,4.088611111111111
3,0,0.0,2,3,1,0,3,2,1,0,3.3519444444444444
1,0,0.0,1,1,1,0,1,1,0,0,0.0
21,0,0.0,3,3,2,0,20,2,6,0,7.645
4,0,0.0,3,2,2,0,3,2,0,1,4.497222222222222
1,0,0.0,1,1,1,0,0,1,0,0,0.0
3,0,0.0,3,1,1,0,3,2,2,1,1.4913888888888889
4,0,0.0,2,3,1,0,4,2,2,0,4.877222222222223
3,0,0.0,3,3,1,0,3,2,1,0,1.2530555555555556
3,0,0.0,2,2,1,0,3,2,2,0,7.039166666666667
1,0,0.0,1,1,1,0,1,1,1,0,0.0
4,0,0.0,4,2,1,0,4,2,3,0,0.48638888888888887
2,0,0.0,2,2,1,0,2,1,0,0,1.4694444444444446
4,0,0.0,4,3,1,0,4,3,1,1,5.618333333333333
1,0,0.0,1,1,1,0,1,1,0,0,0.0
5,0,0.0,3,2,1,0,5,3,2,1,5.274166666666667
3,0,0.0,2,1,2,0,2,2,2,0,7.9430555555555555
5,0,0.0,3,2,2,0,4,2,3,0,6.583333333333333
5,0,0.0,4,3,2,0,4,2,2,0,0.7230555555555556
4,0,0.0,4,2,2,0,3,2,2,0,1.7413888888888889
5,0,0.0,2,3,1,0,5,3,1,1,4.246388888888889
1,0,0.0,1,1,1,0,1,1,0,1,0.0
5,0,0.0,5,3,2,0,4,3,1,1,7.391666666666667
3,0,0.0,3,2,2,0,2,2,1,0,6.601388888888889
3,0,0.0,2,2,2,0,2,2,1,0,0.1975
3,0,0.0,3,3,1,0,3,2,1,0,1.7266666666666666
5,0,0.0,2,2,1,0,5,2,2,0,5.512777777777778
1,0,0.0,1,1,1,0,1,1,0,0,0.0
3,0,0.0,2,1,2,0,2,3,1,1,2.008611111111111
5,0,0.0,2,2,1,0,5,2,2,0,5.615833333333334
3,0,0.0,2,2,1,0,3,2,2,0,6.584444444444444
3,0,0.0,3,3,2,0,2,1,0,0,0.07027777777777777
2,0,0.0,2,2,1,0,2,1,0,0,1.6152777777777778
2,0,0.0,1,2,1,0,2,2,1,0,0.685
4,0,0.0,2,2,2,0,3,2,1,0,2.497777777777778
4,0,0.0,1,2,2,0,3,2,2,0,3.7575
2,0,0.0,2,2,1,0,2,2,1,0,1.7822222222222222
1,0,0.0,1,1,1,0,0,1,0,0,0.0
3,0,0.0,2,3,1,0,3,2,1,0,1.6502777777777777
2,0,0.0,2,1,1,0,2,1,2,0,0.3088888888888889
4,0,0.0,4,2,1,0,4,2,3,0,7.0969444444444445
6,0,0.0,5,3,1,0,6,2,3,0,1.0275
6,0,0.0,3,3,2,0,5,2,3,0,4.798611111111111
7,0,0.0,5,4,1,0,7,2,2,0,7.153611111111111
1,0,0.0,1,1,1,0,1,1,1,0,0.0
1,0,0.0,1,1,1,0,1,1,1,0,0.0
3,0,0.0,3,2,2,0,2,2,1,0,0.23833333333333334
3,0,0.0,3,1,1,0,3,2,2,0,3.6375
5,0,0.0,3,1,3,0,2,3,2,0,0.5336111111111111
4,0,0.0,3,2,2,0,3,2,0,2,0.3252777777777778
5,0,0.0,3,3,2,0,4,2,1,0,5.393611111111111
3,0,0.0,3,2,2,0,1,1,0,0,0.10111111111111111
4,0,0.0,2,2,1,0,4,2,0,1,3.2105555555555556
4,0,0.0,1,2,1,0,4,2,1,0,0.09694444444444444
3,0,0.0,3,3,1,0,3,2,1,0,5.230555555555555
2,0,0.0,2,1,1,0,2,2,1,0,4.4591666666666665
3,0,0.0,3,3,1,0,3,2,1,0,7.738333333333333
2,0,0.0,2,1,2,0,1,2,1,0,1.7533333333333334
4,0,0.0,2,3,1,0,4,2,1,0,8.293333333333333
6,0,0.0,3,2,2,0,5,2,4,0,5.495
3,0,0.0,2,2,1,0,3,2,1,0,6.534722222222222
3,0,0.0,2,2,2,0,2,2,0,0,0.9966666666666667
1,0,0.0,1,1,1,0,1,1,0,0,0.0
1,0,0.0,1,1,1,0,1,1,1,0,0.0
1,0,0.0,1,1,1,0,1,1,0,0,0.0
4,0,0.0,3,2,2,0,2,1,0,0,6.695833333333334
5,0,0.0,2,3,1,0,5,2,2,0,5.970833333333333
3,0,0.0,2,1,1,0,3,2,2,1,0.9175
1,0,0.0,1,1,1,0,1,1,0,0,0.0
2,0,0.0,2,2,1,0,2,2,1,0,0.13277777777777777
2,0,0.0,2,2,1,0,2,1,0,0,1.5416666666666667
5,0,0.0,3,2,1,0,5,2,3,0,5.5275
3,0,0.0,1,2,2,0,2,2,1,0,5.390833333333333
5,0,0.0,5,2,2,0,4,3,2,1,2.5469444444444442
5,0,0.0,4,2,2,0,4,2,3,0,8.369444444444444
6,0,0.0,3,3,2,0,5,2,2,0,6.495
5,0,0.0,5,3,1,0,5,2,3,0,1.688611111111111
4,0,0.0,3,3,1,0,4,2,1,0,0.4658333333333333
7,0,0.0,4,3,2,0,6,2,1,0,8.278055555555556
2,0,0.0,2,2,1,0,2,1,0,0,0.01611111111111111
1,0,0.0,1,1,1,0,1,1,0,0,0.0
1,0,0.0,1,1,1,0,1,1,0,0,0.0
1,0,0.0,1,1,1,0,1,1,1,0,0.0
4,0,0.0,2,3,2,0,3,1,0,0,4.739444444444445
1,0,0.0,1,1,1,0,1,1,0,0,0.0
2,0,0.0,2,2,1,0,2,1,0,0,0.16694444444444445
2,0,0.0,2,2,1,0,2,2,0,1,0.14777777777777779
2,0,0.0,2,1,2,0,1,2,1,0,0.2638888888888889
2,0,0.0,2,2,2,0,1,1,0,0,6.331388888888889
4,0,0.0,1,2,1,0,4,2,1,0,2.620833333333333
3,0,0.0,3,2,1,0,3,2,2,0,4.413055555555555
1,0,0.0,1,1,1,0,1,1,0,0,0.0
3,0,0.0,2,2,2,0,1,1,0,0,4.410555555555556
3,0,0.0,2,2,1,0,3,2,2,0,3.336388888888889
1,0,0.0,1,1,1,0,1,1,0,0,0.0
5,0,0.0,4,3,1,0,5,3,2,1,0.2922222222222222
2,0,0.0,2,2,1,0,2,1,0,0,3.6133333333333333
4,0,0.0,2,2,2,0,3,2,2,0,1.871388888888889
1,0,0.0,1,1,1,0,1,1,0,0,0.0
3,0,0.0,2,3,1,0,3,2,1,0,0.017222222222222222
2,0,0.0,1,2,1,0,2,2,1,0,0.19666666666666666
4,0,0.0,3,3,1,0,4,2,2,0,7.582222222222223
3,0,0.0,3,2,1,0,3,3,1,1,1.951111111111111
5,0,0.0,3,3,2,0,4,3,1,0,6.9783333333333335
4,0,0.0,3,4,1,0,4,2,1,0,0.9886111111111111
4,0,0.0,2,2,2,0,3,2,1,0,6.698055555555555
6,0,0.0,3,2,2,0,5,2,2,0,4.052222222222222
2,0,0.0,1,2,1,0,2,2,1,0,0.25305555555555553
2,0,0.0,2,1,1,0,2,1,2,0,5.08
1,0,0.0,1,1,1,0,1,1,0,0,0.0
3,0,0.0,3,3,1,0,3,1,0,0,4.506666666666667
1,0,0.0,1,1,1,0,1,1,0,0,0.0
1,0,0.0,1,1,1,0,1,1,0,0,0.0
3,0,0.0,3,3,2,0,2,1,0,0,5.003611111111111
3,0,0.0,3,3,1,0,3,2,1,0,1.605
2,0,0.0,2,2,1,0,2,2,1,0,2.31
5,0,0.0,2,2,2,0,4,2,3,0,4.990833333333334
4,0,0.0,4,2,2,0,3,2,2,0,0.11777777777777777
2,0,0.0,2,2,1,0,2,2,1,0,0.84
3,0,0.0,3,3,1,0,3,1,0,0,4.078611111111111
1,0,0.0,1,1,1,0,1,1,0,0,0.0
7,0,0.0,4,1,2,0,6,2,6,0,1.248888888888889
2,0,0.0,2,1,2,0,1,2,1,0,0.7111111111111111
1,0,0.0,1,1,1,0,1,1,0,1,0.0
3,0,0.0,3,3,2,0,2,2,0,0,6.944444444444445
3,0,0.0,2,2,1,0,3,1,0,0,0.7438888888888889
4,0,0.0,3,3,1,0,4,2,2,0,6.15
6,0,0.0,4,3,3,0,4,2,0,0,4.102777777777778
2,0,0.0,2,1,2,0,1,2,1,0,5.285277777777778
3,0,0.0,3,2,1,0,3,2,2,0,7.846388888888889
19,0,0.0,1,2,1,0,19,2,6,0,7.061944444444444
5,0,0.0,3,2,2,0,2,2,1,0,3.5597222222222222
1,0,0.0,1,1,1,0,1,1,0,0,0.0
4,0,0.0,3,3,1,0,4,2,2,0,1.841388888888889
7,0,0.0,4,3,2,0,6,2,3,0,7.612222222222222
2,0,0.0,1,2,1,0,2,2,1,0,0.006944444444444444
3,0,0.0,3,2,2,0,2,2,1,0,1.7125
3,0,0.0,2,3,1,0,3,2,1,0,4.393611111111111
4,0,0.0,4,3,2,0,3,2,1,0,0.1361111111111111
1,0,0.0,1,1,1,0,1,1,1,0,0.0
5,0,0.0,4,3,1,0,5,3,2,1,7.723055555555556
2,0,0.0,2,2,1,0,2,1,0,0,0.010833333333333334
5,0,0.0,3,3,1,0,5,2,3,0,6.315
2,0,0.0,1,1,1,0,2,1,0,0,1.5988888888888888
4,0,0.0,3,2,2,0,3,2,2,0,5.9286111111111115
2,0,0.0,2,2,1,0,2,1,0,0,0.06722222222222222
1,0,0.0,1,1,1,0,0,1,0,0,0.0
4,0,0.0,4,2,2,0,2,2,1,0,0.32305555555555554
2,0,0.0,2,2,1,0,2,2,1,0,2.8472222222222223
3,0,0.0,3,3,1,0,3,2,2,0,3.641388888888889
1,0,0.0,1,1,1,0,0,1,0,0,0.0
1,0,0.0,1,1,1,0,0,1,0,0,0.0
8,0,0.0,3,4,1,0,8,2,4,0,5.7375
2,0,0.0,1,1,2,0,1,1,0,0,0.0
2,0,0.0,2,1,1,0,2,1,2,0,0.025
5,0,0.0,3,2,2,0,4,2,2,0,7.170555555555556
3,0,0.0,3,2,1,0,3,2,2,0,0.7516666666666667
2,0,0.0,2,1,1,0,2,1,2,0,6.540277777777778
6,0,0.0,5,5,1,0,6,2,0,1,6.805833333333333
3,0,0.0,3,3,1,0,3,2,0,1,0.15583333333333332
3,0,0.0,2,2,1,0,3,2,2,0,5.392777777777778
5,0,0.0,3,3,1,0,5,2,0,2,5.48
3,0,0.0,2,3,1,0,3,2,1,0,4.496666666666667
2,0,0.0,2,2,1,0,2,1,0,0,5.591944444444445
6,0,0.0,3,3,2,0,5,2,3,0,6.720833333333333
3,0,0.0,3,3,1,0,3,2,1,0,1.1052777777777778
3,0,0.0,3,2,1,0,3,2,2,0,1.1880555555555556
1,0,0.0,1,1,1,0,1,1,0,0,0.0
1,0,0.0,1,1,1,0,1,1,0,0,0.0
5,0,0.0,4,2,2,0,4,3,2,0,7.126944444444445
2,0,0.0,2,2,1,0,2,2,0,1,0.6105555555555555
2,0,0.0,1,2,1,0,2,2,1,0,0.17277777777777778
3,0,0.0,3,3,2,0,2,2,1,0,2.5575
4,0,0.0,2,2,1,0,4,2,3,0,3.873611111111111
1,0,0.0,1,1,1,0,1,1,0,1,0.0
4,0,0.0,3,2,2,0,3,2,2,0,3.3605555555555555
3,0,0.0,3,2,3,0,1,3,1,0,1.4375
4,0,0.0,3,1,2,0,3,2,3,0,7.5
2,0,0.0,2,1,1,0,2,1,2,0,2.609166666666667
2,0,0.0,2,2,1,0,2,1,0,0,0.0033333333333333335
1,0,0.0,1,1,1,0,1,1,1,0,0.0
3,0,0.0,3,3,1,0,3,2,1,0,0.14472222222222222
2,0,0.0,2,1,1,0,2,2,1,1,0.6744444444444444
2,0,0.0,2,2,1,0,2,2,1,0,1.778888888888889
1,0,0.0,1,1,1,0,1,1,1,0,0.0
1,0,0.0,1,1,1,0,1,1,0,0,0.0
5,0,0.0,3,4,1,0,5,2,1,0,0.8372222222222222
4,0,0.0,3,2,3,0,2,3,2,0,6.496666666666667
1,0,0.0,1,1,1,0,1,1,1,0,0.0
6,0,0.0,3,3,1,0,6,2,2,0,6.876666666666667
6,0,0.0,2,3,1,0,6,2,2,0,6.800277777777778
3,0,0.0,3,2,2,0,2,2,1,0,7.214444444444444
5,0,0.0,4,3,2,0,4,2,2,0,0.19194444444444445
2,0,0.0,2,2,2,0,1,1,0,0,4.5225
2,0,0.0,2,2,1,0,2,1,0,0,1.093611111111111
1,0,0.0,1,1,1,0,1,1,0,0,0.0
2,0,0.0,1,2,1,0,2,2,1,0,5.178888888888889
4,0,0.0,4,2,1,0,4,2,2,0,7.176666666666667
4,0,0.0,4,2,2,0,2,2,1,0,6.996388888888889
7,0,0.0,5,4,2,0,5,3,2,0,1.1122222222222222
2,0,0.0,1,2,1,0,2,2,1,0,1.2338888888888888
2,0,0.0,1,2,1,0,2,2,1,0,0.9047222222222222
3,0,0.0,3,2,1,0,3,2,2,0,0.04777777777777778
2,0,0.0,1,1,1,0,2,1,0,0,1.0144444444444445
2,0,0.0,1,1,1,0,2,1,0,0,1.051388888888889
5,0,0.0,4,1,2,0,4,2,4,0,1.6341666666666668
3,0,0.0,3,3,2,0,2,1,0,0,0.06722222222222222
5,0,0.0,4,3,2,0,4,2,3,0,6.741388888888889
1,0,0.0,1,1,1,0,1,1,0,0,0.0
1,0,0.0,1,1,1,0,0,1,0,0,0.0
3,0,0.0,1,2,1,0,3,2,1,0,4.569444444444445
1,0,0.0,1,1,1,0,1,1,1,0,0.0
1,0,0.0,1,1,1,0,1,1,1,0,0.0
7,0,0.0,5,4,1,0,7,3,1,1,3.455277777777778
5,0,0.0,2,2,1,0,5,2,3,0,3.8297222222222222
5,0,0.0,4,3,2,0,4,2,2,0,4.927777777777778
1,0,0.0,1,1,1,0,1,1,0,0,0.0
1,0,0.0,1,1,1,0,0,1,0,0,0.0
3,0,0.0,2,1,1,0,3,1,3,0,3.4130555555555557
3,0,0.0,3,3,1,0,3,1,0,0,3.316666666666667
4,0,0.0,3,4,1,0,4,2,1,0,6.854166666666667
4,0,0.0,1,2,1,0,4,2,2,0,6.974166666666667
3,0,0.0,3,1,1,0,3,2,2,1,4.324722222222222
3,0,0.0,3,2,2,0,2,2,1,0,2.838888888888889
8,0,0.0,4,2,2,0,5,2,3,0,7.473888888888889
1,0,0.0,1,1,1,0,1,1,0,0,0.0
1,0,0.0,1,1,1,0,1,1,0,0,0.0
4,0,0.0,3,3,2,0,3,3,1,0,3.9588888888888887
1,0,0.0,1,1,1,0,1,1,0,0,0.0
3,0,0.0,3,2,1,0,3,2,2,0,5.001388888888889
1,0,0.0,1,1,1,0,1,1,0,0,0.0
1,0,0.0,1,1,1,0,1,1,0,0,0.0
1,0,0.0,1,1,1,0,1,1,0,0,0.0
21,0,0.0,1,2,1,0,21,2,0,9,7.339722222222222
6,0,0.0,3,3,2,0,4,2,2,0,3.519722222222222
2,0,0.0,2,1,1,0,2,1,2,0,4.242222222222222
6,0,0.0,5,3,1,0,6,2,2,0,6.719444444444444
6,0,0.0,3,2,2,0,5,3,2,1,7.61
1,0,0.0,1,1,1,0,1,1,1,0,0.0
10,0,0.0,3,3,1,0,10,2,4,0,5.539444444444444
5,0,0.0,3,2,1,0,5,3,3,1,7.248333333333333
2,0,0.0,1,1,1,0,2,1,0,0,2.6869444444444444
6,0,0.0,3,2,2,0,4,2,3,0,3.6691666666666665
2,0,0.0,1,1,1,0,2,1,2,0,0.035277777777777776
2,0,0.0,2,2,1,0,2,1,0,0,0.20305555555555554
7,0,0.0,6,5,2,0,6,2,3,0,6.508055555555556
2,0,0.0,1,1,1,0,2,1,0,0,0.15222222222222223
3,0,0.0,2,2,2,0,2,2,2,0,0.12638888888888888
1,0,0.0,1,1,1,0,1,1,0,0,0.0
4,0,0.0,2,3,1,0,4,2,1,0,1.5694444444444444
2,0,0.0,2,2,1,0,2,2,1,0,0.7533333333333333
6,0,0.0,4,2,2,0,5,2,2,0,5.327222222222222
6,0,0.0,5,4,2,0,5,3,1,1,0.3825
4,0,0.0,3,2,1,0,4,2,3,0,1.403888888888889
1,0,0.0,1,1,1,0,1,1,0,0,0.0
6,0,0.0,3,3,2,0,5,2,2,0,7.048333333333333
1,0,0.0,1,1,1,0,1,1,1,0,0.0
3,0,0.0,3,2,1,0,3,3,1,1,6.195
2,0,0.0,1,1,1,0,2,1,0,0,0.009722222222222222
3,0,0.0,2,2,1,0,3,1,0,0,4.201944444444444
1,0,0.0,1,1,1,0,1,1,1,0,0.0
2,0,0.0,2,1,2,0,1,2,0,1,2.620277777777778
1,0,0.0,1,1,1,0,1,1,1,0,0.0
12,0,0.0,8,5,2,0,11,3,7,0,8.131944444444445
2,0,0.0,2,2,1,0,2,1,0,0,0.01972222222222222
2,0,0.0,2,1,1,0,2,1,2,0,0.5477777777777778
7,0,0.0,4,3,2,0,6,3,1,1,2.435
2,0,0.0,2,2,1,0,2,1,0,0,1.918611111111111
4,0,0.0,3,3,2,0,3,2,1,0,4.3438888888888885
2,0,0.0,1,2,1,0,2,2,1,0,7.165555555555556
18,0,0.0,7,4,2,0,16,3,10,1,7.397222222222222
6,0,0.0,3,3,2,0,5,2,2,0,1.5283333333333333
2,0,0.0,2,1,2,0,0,2,0,0,0.1386111111111111
3,0,0.0,3,3,1,0,3,1,0,0,0.5025
3,0,0.0,3,3,2,0,2,1,0,0,0.20833333333333334
69,0,0.0,4,3,2,0,12,3,7,0,8.495
2,0,0.0,1,1,1,0,2,1,0,0,2.1694444444444443
6,0,0.0,3,4,1,0,6,2,2,0,1.1575
2,0,0.0,2,2,1,0,2,2,1,0,1.0463888888888888
4,0,0.0,2,1,2,0,2,2,2,0,3.673611111111111
4,0,0.0,3,4,1,0,4,2,0,1,7.01
17,0,0.0,3,3,2,0,16,2,0,4,8.629166666666666
2,0,0.0,2,2,2,0,1,1,0,0,5.0008333333333335
2,0,0.0,2,2,2,0,1,1,0,0,5.388055555555556
2,0,0.0,2,2,1,0,2,1,0,0,3.5927777777777776
3,0,0.0,2,2,1,0,3,2,2,0,5.752777777777778
1,0,0.0,1,1,1,0,0,1,0,0,0.0
4,0,0.0,4,3,2,0,3,3,0,1,0.6147222222222222
3,0,0.0,2,2,1,0,3,2,2,0,2.0825
6,0,0.0,3,3,2,0,5,2,3,0,1.3269444444444445
5,0,0.0,4,2,2,0,4,2,2,0,1.058888888888889
3,0,0.0,1,2,1,0,3,2,2,0,0.02
4,0,0.0,3,3,2,0,3,2,1,0,3.4891666666666667
3,0,0.0,3,2,1,0,3,3,1,1,7.1947222222222225
2,0,0.0,1,1,1,0,2,1,0,0,0.3136111111111111
5,0,0.0,3,4,1,0,5,2,1,0,7.208055555555555
3,0,0.0,3,2,2,0,2,2,1,0,0.205
5,0,0.0,2,1,2,0,4,3,3,1,6.744166666666667
2,0,0.0,2,1,1,0,2,2,1,0,0.022222222222222223
2,0,0.0,1,1,1,0,2,1,2,0,1.3916666666666666
1,0,0.0,1,1,1,0,1,1,1,0,0.0
2,0,0.0,2,2,1,0,2,1,0,0,5.483888888888889
2,0,0.0,2,2,1,0,2,2,1,0,6.621944444444445
2,0,0.0,1,2,1,0,2,2,1,0,0.4236111111111111
1,0,0.0,1,1,1,0,1,1,0,1,0.0
2,0,0.0,2,2,1,0,2,1,0,0,1.6188888888888888
9,0,0.0,3,4,1,0,9,2,6,0,5.793333333333333
4,0,0.0,3,2,2,0,3,2,2,0,2.6702777777777778
2,0,0.0,1,1,1,0,2,1,0,0,3.4183333333333334
2,0,0.0,2,2,1,0,2,1,0,0,0.9905555555555555
9,0,0.0,4,4,2,0,7,3,4,1,7.6775
1,0,0.0,1,1,1,0,1,1,0,0,0.0
4,0,0.0,4,2,2,0,3,3,1,1,5.176111111111111
4,0,0.0,3,2,2,0,3,2,2,0,4.706111111111111
5,0,0.0,2,3,1,0,5,2,1,0,4.4880555555555555
2,0,0.0,2,2,1,0,2,2,1,0,2.7869444444444444
2,0,0.0,1,2,1,0,2,2,1,0,4.505
7,0,0.0,2,2,2,0,5,2,4,0,5.651944444444444
4,0,0.0,2,2,1,0,4,1,0,0,6.365277777777778
3,0,0.0,3,3,1,0,3,2,1,0,4.166944444444445
4,0,0.0,2,2,1,0,4,2,2,0,5.084444444444444
3,0,0.0,2,2,1,0,3,2,2,0,2.4897222222222224
3,0,0.0,3,3,2,0,2,2,0,0,1.7233333333333334
1,0,0.0,1,1,1,0,1,1,1,0,0.0
4,0,0.0,2,3,1,0,4,2,0,1,5.816944444444444
4,0,0.0,3,4,2,0,3,3,1,0,4.565
5,0,0.0,4,3,2,0,4,2,2,0,6.208611111111111
1,0,0.0,1,1,1,0,1,1,0,1,0.0
3,0,0.0,2,1,1,0,3,2,1,2,4.091666666666667
1,0,0.0,1,1,1,0,1,1,0,0,0.0
5,0,0.0,3,3,2,0,4,2,3,0,8.446111111111112
7,0,0.0,3,3,2,0,6,2,3,0,5.481388888888889
1,0,0.0,1,1,1,0,1,1,0,0,0.0
1,0,0.0,1,1,1,0,1,1,0,0,0.0
5,0,0.0,3,2,1,0,5,3,3,1,8.172777777777778
3,0,0.0,1,2,1,0,3,2,1,0,3.995833333333333
2,0,0.0,2,1,2,0,1,2,1,0,0.26
7,0,0.0,4,4,3,0,5,3,3,0,7.7811111111111115
2,0,0.0,2,2,1,0,2,1,2,0,2.6016666666666666
2,0,0.0,1,1,1,0,0,1,0,0,0.28583333333333333
1,0,0.0,1,1,1,0,1,1,0,0,0.0
5,0,0.0,4,2,2,0,2,2,1,0,1.3916666666666666
1,0,0.0,1,1,1,0,1,1,0,0,0.0
2,0,0.0,2,2,1,0,2,2,1,0,3.7344444444444442
4,0,0.0,3,2,1,0,4,2,3,0,6.244166666666667
1,0,0.0,1,1,1,0,1,1,1,0,0.0
2,0,0.0,2,2,2,0,1,1,0,0,0.4713888888888889
3,0,0.0,3,2,2,0,2,2,0,1,6.519722222222223
4,0,0.0,2,2,1,0,4,1,0,0,4.831388888888889
2,0,0.0,2,2,1,0,2,2,1,0,0.3161111111111111
1,0,0.0,1,1,1,0,1,1,1,0,0.0
5,0,0.0,2,3,1,0,5,2,2,0,6.677777777777778
9,0,0.0,4,3,2,0,8,2,4,0,1.0066666666666666
3,0,0.0,2,3,1,0,3,2,1,0,4.051388888888889
3,0,0.0,3,3,2,0,2,1,0,0,1.6833333333333333
5,0,0.0,4,4,2,0,3,1,0,0,0.026111111111111113
2,0,0.0,2,2,1,0,2,1,0,0,2.1213888888888888
2,0,0.0,2,2,1,0,2,2,1,0,1.9547222222222222
9,1,0.1111111111111111,5,4,2,0,8,3,5,0,1.1494444444444445
4,0,0.0,2,2,2,0,3,2,2,0,1.5338888888888889
5,0,0.0,3,2,1,0,5,2,2,0,7.293611111111111
1,0,0.0,1,1,1,0,0,1,0,0,0.0
3,0,0.0,3,2,1,0,3,3,1,1,2.0516666666666667
1,0,0.0,1,1,1,0,0,1,0,0,0.0
5,0,0.0,5,3,2,0,4,2,2,0,6.628333333333333
1,0,0.0,1,1,1,0,1,1,1,0,0.0
3,0,0.0,3,3,1,0,3,2,1,0,4.039722222222222
7,0,0.0,3,4,1,0,7,2,3,0,6.500277777777778
3,0,0.0,3,3,1,0,3,1,0,0,0.08472222222222223
1,0,0.0,1,1,1,0,1,1,0,0,0.0
4,0,0.0,3,2,2,0,3,3,2,0,7.908055555555555
3,0,0.0,3,3,1,0,3,2,1,0,7.470555555555555
1,0,0.0,1,1,1,0,1,1,1,0,0.0
2,0,0.0,2,2,2,0,1,2,0,0,0.175
6,0,0.0,3,3,2,0,4,2,1,0,5.635555555555555
6,0,0.0,3,4,1,0,6,2,2,0,0.27805555555555556
7,0,0.0,7,4,2,0,6,3,3,0,5.989166666666667
2,0,0.0,2,2,1,0,2,1,0,0,6.005277777777778
4,0,0.0,3,2,1,0,4,2,2,0,0.25305555555555553
1,0,0.0,1,1,1,0,1,1,0,0,0.0
2,0,0.0,2,2,1,0,2,2,1,0,2.0772222222222223
2,0,0.0,2,2,1,0,2,2,1,0,0.055
2,0,0.0,2,2,1,0,2,2,1,0,3.3847222222222224
4,0,0.0,2,2,1,0,4,1,0,0,0.9258333333333333
2,0,0.0,2,2,1,0,2,2,1,0,7.243055555555555
6,0,0.0,5,2,2,0,4,2,3,0,1.7283333333333333
3,0,0.0,1,1,1,0,3,1,0,0,5.630833333333333
2,0,0.0,2,2,1,0,2,2,1,0,0.13555555555555557
4,0,0.0,2,2,1,0,4,3,2,1,3.161388888888889
2,0,0.0,2,2,1,0,2,2,1,0,0.6522222222222223
5,0,0.0,5,4,2,0,4,3,1,1,4.996111111111111
2,0,0.0,2,1,1,0,2,1,2,0,6.432777777777778
4,0,0.0,3,4,1,0,4,2,2,0,4.864722222222222
1,0,0.0,1,1,1,0,1,1,0,0,0.0
3,0,0.0,2,2,1,0,3,2,1,0,5.579444444444444
2,0,0.0,2,2,1,0,2,2,0,1,1.6297222222222223
2,0,0.0,1,2,1,0,2,2,1,0,0.008611111111111111
2,0,0.0,2,2,2,0,1,1,0,0,3.323888888888889
2,0,0.0,2,1,2,0,1,2,1,0,0.15861111111111112
2,0,0.0,1,1,1,0,2,1,2,0,3.8019444444444446
6,0,0.0,4,2,2,0,4,2,1,0,1.4727777777777777
3,0,0.0,2,2,1,0,3,3,1,1,4.242222222222222
1,0,0.0,1,1,1,0,1,1,1,0,0.0
2,0,0.0,2,2,1,0,2,2,1,0,5.574166666666667
1,0,0.0,1,1,1,0,0,1,0,0,0.0
1,0,0.0,1,1,1,0,1,1,0,0,0.0
4,0,0.0,1,2,1,0,4,2,1,0,7.271388888888889
2,0,0.0,2,2,2,0,1,2,1,0,0.04055555555555555
1,0,0.0,1,1,1,0,1,1,1,0,0.0
3,0,0.0,2,3,1,0,3,2,1,0,0.16111111111111112
2,0,0.0,2,2,2,0,1,1,0,0,0.24944444444444444
3,0,0.0,2,2,1,0,3,1,0,0,1.7230555555555556
6,0,0.0,3,4,1,0,6,2,2,0,5.405833333333334
3,0,0.0,2,2,2,0,1,1,0,0,1.8491666666666666
4,0,0.0,3,2,2,0,3,3,1,1,4.9991666666666665
5,0,0.0,3,2,1,0,5,2,4,0,0.39861111111111114
2,0,0.0,2,2,1,0,2,2,1,0,4.251111111111111
2,0,0.0,1,1,2,0,1,2,1,0,0.5002777777777778
2,0,0.0,2,1,2,0,1,2,1,0,0.006666666666666667
3,0,0.0,1,2,2,0,2,1,0,0,2.253888888888889
1,0,0.0,1,1,1,0,0,1,0,0,0.0
1,0,0.0,1,1,1,0,1,1,0,0,0.0
4,0,0.0,3,3,1,0,4,2,2,0,7.365555555555556
6,0,0.0,5,3,2,0,5,2,2,0,5.171666666666667
4,0,0.0,4,4,2,0,3,1,0,0,0.165
3,0,0.0,2,3,1,0,3,2,1,0,4.188055555555556
2,0,0.0,1,2,1,0,2,2,1,0,3.9808333333333334
28,0,0.0,4,4,1,0,28,3,2,13,6.7652777777777775
3,0,0.0,2,2,1,0,3,1,0,0,6.240833333333334
2,0,0.0,1,1,1,0,2,1,2,0,3.0955555555555554
5,0,0.0,3,3,1,0,5,2,3,0,3.1969444444444446
6,1,0.16666666666666666,5,4,2,0,5,2,2,0,5.653333333333333
2,0,0.0,2,1,1,0,2,1,2,0,6.733055555555556
2,0,0.0,1,1,1,0,2,1,0,0,5.713055555555556
4,0,0.0,3,2,1,0,4,2,2,0,0.9925
6,0,0.0,2,3,1,0,6,2,1,0,7.2186111111111115
1,0,0.0,1,1,1,0,1,1,1,0,0.0
4,0,0.0,3,2,2,0,3,3,2,0,7.503888888888889
4,0,0.0,2,2,1,0,4,2,1,0,8.233611111111111
3,0,0.0,3,2,2,0,2,2,1,0,6.615833333333334
4,0,0.0,2,1,1,0,4,1,4,0,5.938888888888889
4,0,0.0,2,3,1,0,4,3,1,1,7.046388888888889
2,0,0.0,1,1,1,0,2,1,0,0,1.4972222222222222
1,0,0.0,1,1,1,0,0,1,0,0,0.0
1,0,0.0,1,1,1,0,1,1,1,0,0.0
1,0,0.0,1,1,1,0,1,1,0,0,0.0
1,0,0.0,1,1,1,0,1,1,0,0,0.0
1,0,0.0,1,1,1,0,1,1,1,0,0.0
2,0,0.0,1,2,1,0,2,2,1,0,4.512777777777778
2,0,0.0,2,1,1,0,2,1,2,0,1.5563888888888888
8,0,0.0,6,4,1,0,8,3,4,1,7.0825
10,0,0.0,6,4,2,0,7,2,2,0,0.27416666666666667
1,0,0.0,1,1,1,0,1,1,1,0,0.0
6,0,0.0,3,3,2,0,5,2,3,0,4.370277777777778
7,0,0.0,2,3,1,0,7,2,3,0,8.478333333333333
1,0,0.0,1,1,1,0,1,1,0,0,0.0
4,0,0.0,2,2,1,0,4,2,3,0,1.245
4,0,0.0,3,2,2,0,3,2,2,0,2.47
3,0,0.0,3,3,1,0,3,1,0,0,4.6241666666666665
3,0,0.0,2,2,1,0,3,3,1,1,3.5277777777777777
3,0,0.0,2,3,2,0,2,3,1,0,1.8619444444444444
1,0,0.0,1,1,1,0,1,1,0,0,0.0
2,0,0.0,2,2,2,0,1,1,0,0,0.4261111111111111
2,0,0.0,2,2,1,0,2,2,1,0,0.1761111111111111
6,0,0.0,4,3,1,0,6,2,4,0,5.441944444444444
1,0,0.0,1,1,1,0,0,1,0,0,0.0
2,0,0.0,2,2,1,0,2,2,0,1,0.15944444444444444
2,0,0.0,2,2,1,0,2,2,1,0,1.3069444444444445
2,0,0.0,1,2,1,0,2,2,1,0,3.5030555555555556
1,0,0.0,1,1,1,0,1,1,1,0,0.0
8,0,0.0,2,2,1,0,8,3,3,1,5.763055555555556
1,0,0.0,1,1,1,0,1,1,0,0,0.0
3,0,0.0,3,2,2,0,2,2,1,0,5.035833333333334
6,0,0.0,4,4,1,0,6,1,0,0,6.3469444444444445
3,0,0.0,3,1,2,0,2,2,2,0,1.1211111111111112
3,0,0.0,3,1,2,0,2,2,2,0,0.10694444444444444
2,0,0.0,2,1,1,0,2,2,1,1,7.320277777777778
2,0,0.0,2,2,1,0,2,1,0,0,4.008333333333334
2,0,0.0,2,1,2,0,1,2,1,0,3.3447222222222224
1,0,0.0,1,1,1,0,1,1,0,0,0.0
3,0,0.0,2,3,1,0,3,2,1,0,4.377222222222223
2,0,0.0,2,1,1,0,2,1,2,0,4.118055555555555
5,0,0.0,4,2,2,0,4,2,2,0,5.4463888888888885
4,0,0.0,4,2,1,0,4,2,2,0,0.15222222222222223
1,0,0.0,1,1,1,0,1,1,0,0,0.0
3,0,0.0,3,2,2,0,2,1,0,0,5.998333333333333
4,0,0.0,3,3,2,0,3,2,1,0,0.2475
1,0,0.0,1,1,1,0,1,1,0,0,0.0
1,0,0.0,1,1,1,0,1,1,1,0,0.0
3,0,0.0,1,1,1,0,3,1,3,0,2.673888888888889
2,0,0.0,2,2,1,0,2,2,1,0,2.2841666666666667
1,0,0.0,1,1,1,0,1,1,0,0,0.0
21,0,0.0,5,5,2,0,17,2,7,0,7.927222222222222
9,0,0.0,4,5,1,0,9,2,3,0,8.005
1,0,0.0,1,1,1,0,1,1,1,0,0.0
1,0,0.0,1,1,1,0,1,1,0,0,0.0
4,0,0.0,4,4,1,0,4,2,1,0,4.219722222222222
411,0,0.0,4,5,1,0,411,2,208,0,8.578333333333333
2,0,0.0,1,1,2,0,1,1,0,0,1.9725
4,0,0.0,4,2,2,0,2,2,1,0,0.2644444444444444
2,0,0.0,1,2,1,0,2,2,1,0,0.003611111111111111
1,0,0.0,1,1,1,0,1,1,0,0,0.0
4,0,0.0,2,3,2,0,3,2,1,0,4.001944444444445
1,0,0.0,1,1,1,0,1,1,0,0,0.0
6,0,0.0,3,3,1,0,6,3,1,1,7.684722222222222
6,0,0.0,2,2,1,0,6,2,4,0,4.488333333333333
3,0,0.0,2,1,3,0,1,3,1,0,6.758611111111111
1,0,0.0,1,1,1,0,1,1,0,0,0.0
1,0,0.0,1,1,1,0,1,1,1,0,0.0
2,0,0.0,1,2,1,0,2,2,1,0,0.002777777777777778
6,0,0.0,3,2,4,0,2,3,2,0,6.554722222222222
1,0,0.0,1,1,1,0,1,1,0,0,0.0
26,0,0.0,3,3,2,0,25,2,14,0,7.940555555555555
7,0,0.0,2,2,1,0,7,3,4,1,6.036944444444444
2,0,0.0,1,2,1,0,2,2,1,0,5.514166666666667
4,0,0.0,3,2,1,0,4,2,3,0,2.4291666666666667
13,0,0.0,6,2,2,0,12,3,10,0,7.996388888888889
3,0,0.0,1,2,1,0,3,2,2,0,4.763333333333334
5,0,0.0,1,2,1,0,5,2,4,0,4.894166666666667
1,0,0.0,1,1,1,0,0,1,0,0,0.0
1,0,0.0,1,1,1,0,1,1,1,0,0.0
3,0,0.0,3,1,1,0,3,2,2,1,2.5219444444444443
3,0,0.0,2,2,1,0,3,2,2,0,1.6058333333333332
2,0,0.0,2,2,1,0,2,2,1,0,0.5
3,0,0.0,1,2,1,0,3,2,2,0,1.7569444444444444
5,0,0.0,5,3,2,0,4,2,2,0,3.993611111111111
3,0,0.0,3,2,2,0,2,2,1,0,1.6458333333333333
3,0,0.0,3,3,2,0,2,1,0,0,6.83
2,0,0.0,2,1,1,0,2,2,1,0,5.058333333333334
3,0,0.0,3,2,2,0,1,1,0,0,0.4216666666666667
2,0,0.0,2,2,1,0,2,2,1,0,4.417222222222223
5,0,0.0,1,2,1,0,5,2,1,0,5.51
7,0,0.0,1,2,1,0,7,2,3,0,7.395833333333333
5,0,0.0,4,3,2,0,4,2,0,2,8.103333333333333
7,0,0.0,4,3,2,0,6,2,3,0,7.7347222222222225
1,0,0.0,1,1,1,0,1,1,0,0,0.0
4,0,0.0,2,2,1,0,4,2,2,0,5.436111111111111
3,0,0.0,3,3,1,0,3,2,1,0,5.402777777777778
1,0,0.0,1,1,1,0,1,1,0,0,0.0
4,0,0.0,4,3,1,0,4,2,2,0,0.515
3,0,0.0,2,2,1,0,3,2,2,0,1.4372222222222222
1,0,0.0,1,1,1,0,1,1,0,0,0.0
2,0,0.0,2,2,1,0,2,2,1,0,1.0016666666666667
7,0,0.0,3,3,2,0,5,2,1,0,7.399444444444445
2,0,0.0,2,2,1,0,2,2,1,0,2.5919444444444446
4,0,0.0,2,2,1,0,4,2,3,0,3.6594444444444445
6,0,0.0,3,4,2,0,5,2,2,0,0.10138888888888889
3,0,0.0,2,2,1,0,3,2,1,0,3.2575
1,0,0.0,1,1,1,0,1,1,0,0,0.0
2,0,0.0,2,1,1,0,2,1,2,0,5.240277777777778
1,0,0.0,1,1,1,0,1,1,0,0,0.0
2,0,0.0,1,1,1,0,2,1,2,0,0.050277777777777775
4,0,0.0,2,3,1,0,4,2,1,0,4.7411111111111115
2,0,0.0,1,1,1,0,2,1,0,0,0.24861111111111112
1,0,0.0,1,1,1,0,1,1,0,0,0.0
6,0,0.0,5,3,2,0,4,2,1,0,2.7152777777777777
1,0,0.0,1,1,1,0,0,1,0,0,0.0
8,0,0.0,3,4,1,0,8,2,4,0,4.996111111111111
5,0,0.0,4,2,2,0,3,2,2,0,3.9991666666666665
3,0,0.0,3,1,2,0,2,2,2,0,0.5625
7,0,0.0,5,3,2,0,5,2,3,0,0.41055555555555556
7,0,0.0,6,3,1,0,7,3,4,2,7.101666666666667
4,0,0.0,3,3,1,0,4,2,2,0,6.692222222222222
3,0,0.0,2,2,1,0,3,2,2,0,0.21166666666666667
3,0,0.0,2,2,2,0,2,2,1,0,4.929166666666666
2,0,0.0,2,2,1,0,2,1,0,0,0.017777777777777778
2,0,0.0,2,1,2,0,1,1,0,0,0.005277777777777778
4,0,0.0,2,3,1,0,4,2,2,0,8.006388888888889
3,0,0.0,1,2,1,0,3,2,2,0,7.753888888888889
3,0,0.0,3,2,1,0,3,2,2,0,0.14666666666666667
3,0,0.0,1,2,1,0,3,2,2,0,4.5
3,0,0.0,2,2,1,0,3,2,2,0,5.5
3,0,0.0,3,2,1,0,3,2,2,0,0.42055555555555557
3,0,0.0,3,3,1,0,3,2,1,0,1.9880555555555555
3,0,0.0,2,2,1,0,3,2,2,0,5.164444444444444
7,0,0.0,3,3,1,0,7,2,1,0,5.870833333333334
2,0,0.0,1,2,1,0,2,2,1,0,2.0077777777777777
2,0,0.0,1,1,1,0,2,1,2,0,1.7552777777777777
4,0,0.0,2,3,1,0,4,2,2,0,7.051666666666667
4,0,0.0,4,4,1,0,4,2,0,1,1.8825
3,0,0.0,1,2,1,0,3,2,2,0,4.003333333333333
6,0,0.0,3,2,2,0,5,2,1,0,5.599166666666667
25,0,0.0,4,3,2,0,24,2,12,0,8.245833333333334
3,0,0.0,2,2,1,0,3,1,0,0,3.6166666666666667
4,0,0.0,2,2,1,0,4,2,2,0,0.03722222222222222
4,0,0.0,2,3,2,0,3,2,2,0,7.315
5,0,0.0,1,2,1,0,5,2,2,0,2.9652777777777777
1,0,0.0,1,1,1,0,1,1,0,0,0.0
2,0,0.0,2,1,1,0,2,2,1,1,0.43583333333333335
6,0,0.0,3,3,2,0,5,2,3,0,8.154166666666667
3,0,0.0,3,2,2,0,2,2,1,0,0.14083333333333334
3,0,0.0,2,3,1,0,3,2,1,0,8.036388888888888
2,0,0.0,2,2,2,0,1,1,0,0,0.03333333333333333
3,0,0.0,3,3,1,0,3,1,0,0,3.3680555555555554
2,0,0.0,2,2,1,0,2,2,1,0,0.0375
3,0,0.0,2,2,1,0,3,2,2,0,5.811388888888889
1,0,0.0,1,1,1,0,1,1,1,0,0.0
2,0,0.0,2,1,2,0,1,2,1,0,0.3488888888888889
1,0,0.0,1,1,1,0,0,1,0,0,0.0
4,0,0.0,3,2,2,0,3,2,2,0,7.0311111111111115
3,0,0.0,2,2,1,0,3,2,2,0,1.2561111111111112
4,0,0.0,4,3,1,0,4,3,1,1,0.3169444444444444
5,0,0.0,3,3,1,0,5,2,2,0,4.965
5,0,0.0,2,2,1,0,5,1,0,0,6.249722222222222
4,0,0.0,3,3,1,0,4,2,2,0,4.155
1,0,0.0,1,1,1,0,1,1,1,0,0.0
5,0,0.0,3,3,2,0,4,2,1,0,7.447222222222222
8,0,0.0,3,3,1,0,8,2,3,0,7.599444444444444
2,0,0.0,1,1,2,0,1,2,1,0,2.7158333333333333
1,0,0.0,1,1,1,0,0,1,0,0,0.0
5,0,0.0,3,3,1,0,5,3,2,1,4.180833333333333
4,0,0.0,3,2,2,0,3,3,2,1,3.4919444444444445
3,0,0.0,3,1,1,0,3,1,3,0,0.12833333333333333
3,0,0.0,2,2,1,0,3,2,0,1,3.8852777777777776
1,0,0.0,1,1,1,0,1,1,0,0,0.0
2,0,0.0,2,1,1,0,2,1,2,0,2.498611111111111
1,0,0.0,1,1,1,0,1,1,0,0,0.0
2,0,0.0,2,2,1,0,2,2,1,0,0.7944444444444444
8,0,0.0,5,3,1,0,8,3,4,1,5.96
4,0,0.0,3,2,1,0,4,2,3,0,3.2022222222222223
6,0,0.0,2,2,2,0,5,2,4,0,6.918055555555555
5,0,0.0,3,2,2,0,4,2,4,0,3.3244444444444445
6,0,0.0,4,4,1,0,6,2,2,0,5.404722222222222
3,0,0.0,2,2,1,0,3,1,0,0,2.4988888888888887
17,0,0.0,4,5,2,0,16,2,9,0,7.511666666666667
3,0,0.0,1,2,1,0,3,2,2,0,1.9769444444444444
1,0,0.0,1,1,1,0,1,1,0,0,0.0
4,0,0.0,4,2,1,0,4,2,2,0,1.5286111111111111
2,0,0.0,2,2,1,0,2,2,1,0,7.0377777777777775
1,0,0.0,1,1,1,0,1,1,1,0,0.0
1,0,0.0,1,1,1,0,1,1,0,0,0.0
3,0,0.0,2,2,2,0,2,2,1,0,6.777222222222222
1,0,0.0,1,1,1,0,0,1,0,0,0.0
2,0,0.0,1,2,1,0,2,2,1,0,4.751666666666667
2,0,0.0,1,1,1,0,2,1,0,0,0.041944444444444444
2,0,0.0,2,2,2,0,1,1,0,0,0.1386111111111111
2,0,0.0,2,1,2,0,1,2,1,0,0.003611111111111111
4,0,0.0,3,4,1,0,4,2,1,0,5.061388888888889
1,0,0.0,1,1,1,0,0,1,0,0,0.0
1,0,0.0,1,1,1,0,1,1,1,0,0.0
1,0,0.0,1,1,1,0,1,1,1,0,0.0
6,0,0.0,4,4,1,0,6,1,0,0,0.9783333333333334
2,0,0.0,2,2,1,0,2,2,1,0,0.22666666666666666
5,0,0.0,3,2,2,0,2,2,1,0,7.166944444444445
1,0,0.0,1,1,1,0,1,1,1,0,0.0
4,0,0.0,4,4,2,0,3,3,1,0,0.8866666666666667
1,0,0.0,1,1,1,0,0,1,0,0,0.0
3,0,0.0,3,3,1,0,3,2,1,0,1.5752777777777778
3,0,0.0,3,2,1,0,3,3,1,0,5.893611111111111
3,0,0.0,3,1,1,0,3,2,2,1,0.2786111111111111
5,0,0.0,4,3,1,0,5,2,3,0,6.14
4,0,0.0,3,3,1,0,4,2,2,0,0.15222222222222223
2,0,0.0,2,2,1,0,2,2,1,0,0.03333333333333333
1,0,0.0,1,1,1,0,1,1,0,1,0.0
2,0,0.0,2,1,1,0,2,1,2,0,5.087777777777778
5,0,0.0,3,3,1,0,5,2,2,0,7.266944444444444
2,0,0.0,2,2,1,0,2,2,0,1,1.7927777777777778
6,0,0.0,3,3,1,0,6,2,3,0,4.766944444444444
2,0,0.0,2,1,2,0,1,2,1,0,1.2005555555555556
1,0,0.0,1,1,1,0,1,1,1,0,0.0
4,0,0.0,2,2,1,0,4,2,0,1,6.1563888888888885
2,0,0.0,1,2,1,0,2,2,1,0,0.25083333333333335
6,0,0.0,3,2,2,0,5,2,3,0,7.002777777777778
3,0,0.0,3,2,1,0,3,2,2,0,5.6875
4,0,0.0,3,2,3,0,2,3,1,0,1.8933333333333333
5,0,0.0,4,1,2,0,4,2,4,0,3.601111111111111
4,0,0.0,2,2,2,0,3,2,1,0,4.5136111111111115
7,0,0.0,5,4,1,0,7,2,4,0,0.22166666666666668
5,0,0.0,4,4,1,0,5,2,2,0,0.24166666666666667
1,0,0.0,1,1,1,0,0,1,0,0,0.0
3,0,0.0,3,1,2,0,2,2,2,0,1.6805555555555556
4,0,0.0,4,3,1,0,4,2,2,0,1.478611111111111
4,0,0.0,4,4,1,0,4,2,1,0,1.3505555555555555
4,0,0.0,3,2,2,0,3,3,2,0,7.452222222222222
3,0,0.0,2,1,1,0,3,1,3,0,4.999444444444444
8,0,0.0,1,2,1,0,8,2,4,0,7.503333333333333
1,0,0.0,1,1,1,0,1,1,0,0,0.0
4,0,0.0,3,2,1,0,4,3,1,1,5.261666666666667
2,0,0.0,2,1,1,0,2,2,1,1,0.01611111111111111
2,0,0.0,1,1,2,0,1,2,1,0,2.6302777777777777
1,0,0.0,1,1,1,0,1,1,0,0,0.0
4,0,0.0,2,2,1,0,4,2,3,0,8.16638888888889
3,0,0.0,2,2,1,0,3,2,1,0,1.4325
1,0,0.0,1,1,1,0,1,1,0,0,0.0
3,0,0.0,3,3,2,0,2,1,0,0,2.8033333333333332
2,0,0.0,2,2,1,0,2,2,1,0,0.9152777777777777
2,0,0.0,2,2,2,0,1,1,0,0,3.9494444444444445
3,0,0.0,3,3,2,0,2,3,1,0,1.6233333333333333
2,0,0.0,2,1,2,0,1,2,0,1,0.08361111111111111
2,0,0.0,1,2,1,0,2,2,1,0,1.605
11,0,0.0,3,3,1,0,11,2,3,0,7.358611111111111
6,0,0.0,2,2,2,0,5,2,0,2,3.0836111111111113
3,0,0.0,3,2,2,0,2,3,1,0,0.16333333333333333
2,0,0.0,2,2,1,0,2,2,1,0,1.0888888888888888
7,0,0.0,3,3,1,0,7,2,4,0,1.5216666666666667
2,0,0.0,2,1,2,0,1,2,1,0,3.456111111111111
5,0,0.0,4,3,2,0,4,3,1,1,7.440277777777778
2,0,0.0,2,1,2,0,1,2,1,0,5.75
4,0,0.0,2,2,1,0,4,2,2,0,6.167777777777777
3,0,0.0,2,2,2,0,2,1,0,0,4.499722222222222
4,0,0.0,3,2,2,0,3,3,1,0,0.5936111111111111
2,0,0.0,2,2,1,0,2,1,0,0,0.7661111111111111
8,0,0.0,6,2,2,0,7,3,4,1,7.570555555555556
5,0,0.0,2,2,2,0,4,2,2,0,7.7411111111111115
3,0,0.0,2,1,1,0,3,1,3,0,6.657777777777778
4,0,0.0,2,3,1,0,4,2,1,0,5.327222222222222
5,0,0.0,3,3,1,0,5,2,1,0,4.166666666666667
2,0,0.0,2,2,1,0,2,2,1,0,0.6
4,0,0.0,2,2,1,0,4,2,2,0,0.48638888888888887
1,0,0.0,1,1,1,0,1,1,0,0,0.0
4,0,0.0,3,3,2,0,3,2,1,0,0.7858333333333334
6,0,0.0,5,3,2,0,5,2,2,0,6.09
3,0,0.0,2,3,1,0,3,2,1,0,2.6577777777777776
2,0,0.0,1,1,1,0,2,1,0,0,0.14305555555555555
3,0,0.0,3,2,2,0,2,2,1,0,7.121388888888889
3,0,0.0,3,2,1,0,3,2,2,0,0.21027777777777779
6,0,0.0,3,4,1,0,6,2,2,0,0.9652777777777778
4,0,0.0,4,3,2,0,3,2,1,0,7.993055555555555
5,0,0.0,4,1,2,0,4,2,4,0,5.655277777777778
1,0,0.0,1,1,1,0,1,1,1,0,0.0
4,0,0.0,4,1,2,0,2,2,1,0,3.315
4,0,0.0,2,2,1,0,4,2,3,0,0.015
4,0,0.0,2,2,1,0,4,2,2,0,6.4911111111111115
5,0,0.0,2,3,1,0,5,2,3,0,5.206666666666667
3,0,0.0,2,2,2,0,2,2,1,0,7.266666666666667
7,0,0.0,3,3,1,0,7,2,4,0,7.028888888888889
4,0,0.0,3,2,1,0,4,2,3,0,1.3466666666666667
4,0,0.0,3,1,2,0,3,2,3,0,3.703888888888889
1,1,1.0,1,1,1,0,0,1,0,0,0.0
1,0,0.0,1,1,1,0,1,1,0,0,0.0
7,0,0.0,4,3,2,0,6,2,4,0,7.340833333333333
1,0,0.0,1,1,1,0,1,1,0,1,0.0
2,0,0.0,1,1,1,0,2,1,0,0,3.01
3,0,0.0,1,1,1,0,3,1,0,0,0.45444444444444443
4,0,0.0,4,3,1,0,4,2,2,0,0.9622222222222222
2,0,0.0,2,2,1,0,2,1,0,0,2.017777777777778
9,0,0.0,6,3,2,0,7,2,3,0,7.790555555555556
4,0,0.0,1,2,1,0,4,2,2,0,5.611666666666666
4,0,0.0,2,2,1,0,4,2,2,0,7.995
2,0,0.0,1,1,1,0,2,1,0,0,1.5
2,0,0.0,1,1,1,0,2,1,0,0,2.750277777777778
8,0,0.0,2,3,2,0,7,3,4,0,7.465
6,0,0.0,3,3,2,0,5,2,3,0,8.347777777777777
1,0,0.0,1,1,1,0,1,1,1,0,0.0
2,0,0.0,1,1,1,0,2,1,2,0,0.020555555555555556
1,0,0.0,1,1,1,0,1,1,1,0,0.0
3,0,0.0,2,2,1,0,3,1,0,0,0.2586111111111111
2,0,0.0,2,2,2,0,1,1,0,0,1.5402777777777779
2,0,0.0,2,1,2,0,1,2,1,0,0.01638888888888889
6,0,0.0,4,2,2,0,3,2,2,0,7.941111111111111
3,0,0.0,3,2,1,0,3,2,2,0,0.9291666666666667
10,0,0.0,3,3,2,0,9,2,5,0,6.639166666666667
2,0,0.0,2,2,2,0,0,2,0,0,0.14972222222222223
4,0,0.0,1,2,1,0,4,2,2,0,4.548333333333333
2,0,0.0,2,2,2,0,1,1,0,0,7.209444444444444
6,0,0.0,3,2,2,0,4,2,0,1,3.2888888888888888
2,0,0.0,1,2,1,0,2,2,1,0,0.018333333333333333
3,0,0.0,2,2,1,0,3,2,2,0,5.2188888888888885
3,0,0.0,2,1,2,0,2,2,2,0,0.0961111111111111
2,0,0.0,1,2,1,0,2,2,1,0,5.154166666666667
1,0,0.0,1,1,1,0,0,1,0,0,0.0
8,0,0.0,5,3,2,0,7,2,2,0,7.8475
1,0,0.0,1,1,1,0,0,1,0,0,0.0
3,0,0.0,2,2,1,0,3,2,1,0,4.8425
3,0,0.0,2,2,2,0,2,2,0,0,0.11055555555555556
3,0,0.0,2,3,1,0,3,2,1,0,6.671388888888889
2,0,0.0,2,2,2,0,1,1,0,0,0.6127777777777778
8,0,0.0,2,3,1,0,8,2,5,0,7.398888888888889
6,0,0.0,3,2,2,0,5,2,3,0,5.245555555555556
4,0,0.0,3,2,2,0,2,2,1,0,2.8694444444444445
3,0,0.0,2,2,1,0,3,3,1,1,5.835277777777778
1,0,0.0,1,1,1,0,1,1,0,0,0.0
6,0,0.0,5,4,1,0,6,2,3,0,1.3897222222222223
5,0,0.0,2,2,2,0,4,2,1,0,5.681666666666667
4,0,0.0,3,3,2,0,3,2,0,0,5.2411111111111115
5,0,0.0,2,3,1,0,5,2,2,0,6.049166666666666
3,0,0.0,2,2,1,0,3,3,1,1,7.441111111111111
2,0,0.0,2,1,2,0,1,2,1,0,0.3638888888888889
1,0,0.0,1,1,1,0,1,1,0,0,0.0
3,0,0.0,1,2,1,0,3,2,1,0,1.7986111111111112
2,0,0.0,2,2,1,0,2,2,1,0,0.7133333333333334
2,0,0.0,1,1,1,0,2,1,0,0,3.4419444444444443
1,0,0.0,1,1,1,0,1,1,0,0,0.0
4,0,0.0,3,3,1,0,4,3,1,1,3.9575
1,0,0.0,1,1,1,0,1,1,0,0,0.0
2,0,0.0,2,2,1,0,2,1,0,0,0.8183333333333334
4,0,0.0,3,2,1,0,4,2,3,0,0.18166666666666667
6,0,0.0,4,2,2,0,3,2,2,0,7.043055555555555
4,0,0.0,1,2,1,0,4,2,3,0,6.5
5,0,0.0,2,3,1,0,5,2,2,0,6.575833333333334
3,0,0.0,3,3,1,0,3,2,1,0,3.5502777777777776
3,0,0.0,2,2,1,0,3,2,1,0,0.4127777777777778
5,0,0.0,2,3,1,0,5,2,3,0,7.668333333333333
5,0,0.0,3,3,1,0,5,2,3,0,6.196944444444444
4,0,0.0,3,3,1,0,4,2,1,0,6.313611111111111
4,0,0.0,2,2,1,0,4,2,3,0,4.951944444444444
6,4,0.6666666666666666,6,5,2,0,5,3,1,0,6.814166666666667
5,0,0.0,3,3,2,0,3,2,1,0,1.5138888888888888
4,0,0.0,1,1,1,0,4,1,0,0,3.7352777777777777
4,0,0.0,4,1,2,0,1,2,1,0,7.71
3,0,0.0,1,2,1,0,3,2,1,0,0.5025
2,0,0.0,2,2,1,0,2,2,1,0,1.218611111111111
2,0,0.0,2,2,1,0,2,2,1,0,1.9144444444444444
4,0,0.0,3,1,3,0,1,3,0,1,1.4541666666666666
1,0,0.0,1,1,1,0,1,1,0,0,0.0
5,0,0.0,1,2,1,0,5,2,1,0,5.000277777777778
4,0,0.0,4,2,1,0,4,2,3,0,7.3469444444444445
6,0,0.0,3,4,2,0,5,3,1,0,6.323055555555555
1,0,0.0,1,1,1,0,0,1,0,0,0.0
3,0,0.0,3,2,1,0,3,2,2,0,2.9469444444444446
4,0,0.0,3,3,2,0,3,2,1,0,1.0238888888888888
1,0,0.0,1,1,1,0,0,1,0,0,0.0
6,0,0.0,3,3,2,0,5,2,2,0,3.5116666666666667
4,0,0.0,2,2,2,0,3,2,2,0,0.050555555555555555
5,0,0.0,2,3,1,0,5,2,3,0,0.043611111111111114
5,0,0.0,4,4,1,0,5,2,3,0,7.1369444444444445
2,0,0.0,2,2,2,0,1,1,0,0,1.5769444444444445
2,0,0.0,2,2,2,0,1,1,0,0,3.681388888888889
4,0,0.0,2,3,1,0,4,2,2,0,6.622222222222222
6,0,0.0,3,2,2,0,5,2,3,0,7.703333333333333
5,0,0.0,4,3,1,0,5,3,2,1,7.533055555555555
4,0,0.0,4,2,2,0,3,3,1,1,1.4022222222222223
2,0,0.0,1,1,2,0,1,2,0,0,1.038888888888889
3,0,0.0,1,2,1,0,3,2,1,0,5.3741666666666665
2,0,0.0,1,1,1,0,2,1,2,0,4.75
6,0,0.0,2,1,2,0,5,2,5,0,3.558333333333333
4,0,0.0,2,3,2,0,3,2,0,0,7.101111111111111
3,0,0.0,1,2,1,0,3,2,1,0,4.0055555555555555
1,0,0.0,1,1,1,0,1,1,1,0,0.0
5,0,0.0,4,1,1,0,5,1,5,0,6.0008333333333335
8,0,0.0,5,4,3,0,5,3,3,0,1.4922222222222221
8,0,0.0,6,2,2,0,6,2,5,0,7.116388888888889
8,0,0.0,3,3,1,0,8,2,6,0,6.373888888888889
2,0,0.0,2,2,1,0,2,2,1,0,0.7088888888888889
3,0,0.0,3,3,1,0,3,1,0,0,5.7975
5,0,0.0,4,3,2,0,4,2,2,0,7.598333333333334
2,0,0.0,2,1,1,0,0,1,0,0,0.004166666666666667
2,0,0.0,2,2,1,0,2,2,1,0,1.4533333333333334
2,0,0.0,2,1,1,0,2,1,2,0,1.4797222222222222
1,0,0.0,1,1,1,0,1,1,0,0,0.0
6,0,0.0,1,2,2,0,5,2,2,0,6.402222222222222
4,0,0.0,3,3,3,0,1,2,0,0,0.14666666666666667
7,0,0.0,4,2,2,0,6,2,4,0,6.652222222222222
3,0,0.0,3,2,1,0,3,2,1,0,2.5819444444444444
4,0,0.0,3,4,1,0,4,2,1,0,6.005277777777778
2,0,0.0,2,2,1,0,2,2,1,0,4.000277777777778
2,0,0.0,1,1,1,0,2,1,2,0,0.49805555555555553
1,0,0.0,1,1,1,0,1,1,1,0,0.0
6,0,0.0,4,3,1,0,6,2,2,0,5.339444444444444
2,0,0.0,2,2,2,0,1,1,0,0,3.0188888888888887
3,0,0.0,1,2,1,0,3,2,2,0,2.5025
1,0,0.0,1,1,1,0,1,1,1,0,0.0
1,0,0.0,1,1,1,0,1,1,0,0,0.0
3,0,0.0,3,2,2,0,2,2,1,0,1.4141666666666666
2,0,0.0,2,1,1,0,2,1,2,0,7.750555555555556
1,0,0.0,1,1,1,0,1,1,0,0,0.0
7,0,0.0,4,4,1,0,7,3,3,1,6.385277777777778
1,0,0.0,1,1,1,0,1,1,1,0,0.0
1,0,0.0,1,1,1,0,0,1,0,0,0.0
7,0,0.0,3,2,2,0,6,2,5,0,7.180833333333333
2,0,0.0,1,2,1,0,2,2,1,0,2.74
1,0,0.0,1,1,1,0,1,1,1,0,0.0
5,0,0.0,3,2,2,0,4,2,2,0,6.177222222222222
2,0,0.0,1,1,1,0,2,1,0,0,3.060277777777778
1,0,0.0,1,1,1,0,1,1,0,0,0.0
4,0,0.0,1,2,1,0,4,2,2,0,6.8575
4,0,0.0,3,3,1,0,4,2,2,0,4.9225
3,0,0.0,2,2,1,0,3,1,0,0,2.58
4,0,0.0,2,2,2,0,3,1,0,0,6.5
3,0,0.0,2,2,2,0,2,2,1,0,7.123055555555555
5,0,0.0,3,3,1,0,5,2,1,0,6.644444444444445
4,0,0.0,2,3,1,0,4,2,1,0,5.521111111111111
4,0,0.0,3,3,1,0,4,1,0,0,7.055833333333333
13,0,0.0,7,3,2,0,11,2,9,0,1.086111111111111
1,0,0.0,1,1,1,0,1,1,1,0,0.0
8,0,0.0,3,4,1,0,8,2,2,0,4.651111111111111
2,0,0.0,2,2,2,0,1,1,0,0,0.9883333333333333
5,0,0.0,3,3,1,0,5,2,1,0,3.1061111111111113
3,0,0.0,2,1,1,0,3,1,3,0,1.6616666666666666
2,0,0.0,1,2,1,0,2,2,1,0,2.3630555555555555
1,0,0.0,1,1,1,0,1,1,0,0,0.0
1,0,0.0,1,1,1,0,1,1,1,0,0.0
3,0,0.0,1,2,1,0,3,2,1,0,5.016944444444444
4,0,0.0,3,2,2,0,3,2,2,0,3.1058333333333334
3,0,0.0,2,3,1,0,3,2,1,0,2.745833333333333
2,0,0.0,2,2,1,0,2,1,0,0,0.005833333333333334
6,0,0.0,4,3,2,0,5,2,3,0,5.404722222222222
6,0,0.0,3,4,2,0,5,3,2,0,7.275833333333333
1,0,0.0,1,1,1,0,1,1,1,0,0.0
3,0,0.0,3,2,1,0,3,2,1,0,4.920833333333333
4,0,0.0,2,2,1,0,4,2,3,0,6.091666666666667
7,0,0.0,4,3,2,0,5,2,3,0,4.249444444444444
3,0,0.0,2,3,2,0,2,1,0,0,5.0975
4,0,0.0,3,3,1,0,4,2,1,0,7.481388888888889
2,0,0.0,2,2,1,0,2,2,1,0,1.3222222222222222
7,0,0.0,4,4,2,0,6,2,2,0,3.5519444444444446
8,0,0.0,5,5,2,0,7,2,2,0,5.6725
1,0,0.0,1,1,1,0,1,1,0,0,0.0
1,0,0.0,1,1,1,0,1,1,0,0,0.0
1,0,0.0,1,1,1,0,1,1,1,0,0.0
3,0,0.0,1,2,1,0,3,2,1,0,7.503611111111111
1,0,0.0,1,1,1,0,1,1,0,0,0.0
5,0,0.0,3,3,1,0,5,2,4,0,4.9688888888888885
6,0,0.0,4,3,2,0,5,2,3,0,5.6947222222222225
5,0,0.0,4,5,1,0,5,2,2,0,7.430555555555555
5,0,0.0,3,4,1,0,5,2,0,1,5.418055555555555
1,0,0.0,1,1,1,0,1,1,0,0,0.0
5,0,0.0,2,2,1,0,5,2,4,0,3.2544444444444443
4,0,0.0,3,3,1,0,4,2,2,0,5.191388888888889
6,0,0.0,2,2,2,0,5,2,3,0,6.938888888888889
4,0,0.0,3,1,2,0,2,2,2,0,2.236111111111111
2,0,0.0,2,1,2,0,1,2,1,0,1.0
3,0,0.0,3,2,1,0,3,2,2,0,6.578055555555555
2,0,0.0,1,1,1,0,2,1,0,0,4.029166666666667
6,0,0.0,4,4,1,0,6,3,2,1,4.688611111111111
2,0,0.0,1,2,1,0,2,2,1,0,7.910555555555556
1,0,0.0,1,1,1,0,1,1,1,0,0.0
4,0,0.0,4,2,2,0,2,2,0,1,0.13111111111111112
7,0,0.0,3,3,2,0,6,2,3,0,7.005
2,0,0.0,2,1,1,0,2,1,2,0,0.018333333333333333
5,0,0.0,4,2,2,0,4,2,3,0,4.187777777777778
4,0,0.0,2,2,2,0,3,2,2,0,6.763055555555556
2,0,0.0,2,1,2,0,1,2,1,0,0.0008333333333333334
6,0,0.0,5,2,2,0,4,2,3,0,0.3388888888888889
5,0,0.0,4,3,1,0,5,2,3,0,6.277777777777778
1,0,0.0,1,1,1,0,1,1,0,0,0.0
1,0,0.0,1,1,1,0,1,1,0,0,0.0
1,0,0.0,1,1,1,0,1,1,0,0,0.0
3,0,0.0,2,1,1,0,3,1,3,0,2.6775
5,0,0.0,3,4,1,0,5,2,1,0,4.118055555555555
2,0,0.0,2,2,2,0,0,2,0,0,2.4097222222222223
7,0,0.0,3,3,2,0,6,2,4,0,8.317222222222222
1,0,0.0,1,1,1,0,1,1,0,0,0.0
2,0,0.0,2,2,1,0,2,1,0,0,1.9827777777777778
5,0,0.0,3,3,2,0,4,2,1,0,5.718333333333334
2,0,0.0,1,2,1,0,2,2,1,0,0.007222222222222222
3,0,0.0,1,2,1,0,3,2,2,0,4.996388888888889
5,0,0.0,3,2,2,0,3,2,0,2,6.474444444444444
9,0,0.0,7,4,2,0,6,2,2,0,1.6063888888888889
2,0,0.0,2,2,1,0,2,1,0,0,2.9619444444444443
1,0,0.0,1,1,1,0,1,1,0,1,0.0
6,0,0.0,2,3,1,0,6,2,2,0,7.598333333333334
2,0,0.0,2,1,1,0,2,1,2,0,0.30416666666666664
2,0,0.0,2,1,1,0,2,1,2,0,1.6841666666666666
9,0,0.0,5,3,2,0,6,2,3,0,7.034722222222222
3,0,0.0,2,3,1,0,3,2,1,0,2.611666666666667
7,0,0.0,4,3,3,1,4,3,2,0,8.083055555555555
2,0,0.0,1,2,1,0,2,2,1,0,0.0002777777777777778
4,0,0.0,2,2,1,0,4,3,2,1,4.268055555555556
1,0,0.0,1,1,1,0,1,1,1,0,0.0
5,0,0.0,4,5,1,0,5,2,1,0,0.26361111111111113
3,0,0.0,3,3,1,0,3,2,1,0,0.22833333333333333
1,0,0.0,1,1,1,0,0,1,0,0,0.0
3,0,0.0,3,2,1,0,3,2,2,0,3.0169444444444444
4,0,0.0,2,1,2,0,3,2,3,0,7.083888888888889
6,0,0.0,5,2,1,0,6,2,5,0,0.3502777777777778
1,0,0.0,1,1,1,0,0,1,0,0,0.0
4,0,0.0,3,2,1,0,4,2,3,0,0.09055555555555556
1,0,0.0,1,1,1,0,1,1,0,0,0.0
1,0,0.0,1,1,1,0,1,1,1,0,0.0
2,0,0.0,2,1,1,0,2,1,2,0,1.1891666666666667
2,0,0.0,2,1,1,0,2,2,1,0,1.606111111111111
1,0,0.0,1,1,1,0,0,1,0,0,0.0
1,0,0.0,1,1,1,0,0,1,0,0,0.0
4,0,0.0,2,2,1,0,4,3,1,1,6.261111111111111
3,0,0.0,2,3,1,0,3,2,2,0,4.960833333333333
1,0,0.0,1,1,1,0,1,1,1,0,0.0
2,0,0.0,2,1,1,0,2,1,2,0,0.12694444444444444
2,0,0.0,2,2,1,0,2,2,1,0,0.07444444444444444
3,0,0.0,3,2,1,0,3,2,2,1,4.649166666666667
3,0,0.0,3,1,1,0,3,1,3,0,1.25
5,0,0.0,4,3,2,0,3,1,0,0,7.244166666666667
4,0,0.0,2,2,1,0,4,2,2,0,6.604722222222223
2,0,0.0,1,1,1,0,2,1,0,0,3.987222222222222
4,0,0.0,4,1,2,0,2,2,2,0,3.055277777777778
5,0,0.0,3,3,1,0,5,3,2,1,4.427777777777778
8,0,0.0,4,4,2,0,7,2,3,0,0.14194444444444446
3,0,0.0,3,3,1,0,3,2,1,0,1.9319444444444445
5,0,0.0,2,2,1,0,5,2,1,0,5.181388888888889
2,0,0.0,2,2,1,0,2,2,1,0,0.21444444444444444
3,0,0.0,3,1,1,0,3,2,2,0,5.0808333333333335
1,0,0.0,1,1,1,0,1,1,1,0,0.0
1,0,0.0,1,1,1,0,1,1,0,0,0.0
4,0,0.0,4,2,2,0,3,3,2,0,0.6702777777777778
4,0,0.0,1,2,1,0,4,2,2,0,3.3705555555555557
3,0,0.0,2,1,2,0,2,2,1,0,7.002777777777778
5,0,0.0,1,2,1,0,5,2,2,0,5.807777777777778
3,0,0.0,1,1,1,0,3,1,0,0,2.756666666666667
1,0,0.0,1,1,1,0,1,1,1,0,0.0
2,0,0.0,2,2,1,0,2,2,0,1,5.908888888888889
1,0,0.0,1,1,1,0,1,1,1,0,0.0
2,0,0.0,2,1,2,0,1,2,1,0,0.07222222222222222
4,0,0.0,2,2,1,0,4,2,2,0,4.2475
2,0,0.0,2,1,1,0,2,1,2,0,0.5016666666666667
4,0,0.0,2,3,1,0,4,2,2,0,1.9991666666666668
1,0,0.0,1,1,1,0,1,1,1,0,0.0
2,0,0.0,2,2,1,0,2,2,1,0,1.5094444444444444
2,0,0.0,2,2,1,0,2,1,0,0,0.04083333333333333
1,0,0.0,1,1,1,0,1,1,1,0,0.0
4,0,0.0,2,2,1,0,4,2,3,0,7.0025
3,0,0.0,2,1,1,0,3,2,2,1,6.717777777777778
3,0,0.0,2,2,1,0,3,2,2,0,5.026666666666666
5,0,0.0,3,2,2,0,4,2,3,0,6.669444444444444
3,0,0.0,2,2,1,0,3,2,2,0,0.11694444444444445
3,0,0.0,3,3,3,0,1,2,0,0,1.2102777777777778
3,0,0.0,2,2,1,0,3,1,0,0,1.7855555555555556
4,0,0.0,2,2,1,0,4,2,3,0,3.5102777777777776
4,0,0.0,2,2,1,0,4,1,0,0,7.004722222222222
5,0,0.0,2,2,1,0,5,2,2,0,2.910277777777778
3,0,0.0,3,1,2,0,1,2,1,0,3.576388888888889
1,0,0.0,1,1,1,0,1,1,1,0,0.0
2,0,0.0,2,2,1,0,2,1,0,0,3.4119444444444444
3,0,0.0,2,2,1,0,3,2,2,0,3.2
6,0,0.0,5,3,2,0,5,2,2,0,3.9183333333333334
6,0,0.0,3,3,1,0,6,2,3,0,1.9477777777777778
1,0,0.0,1,1,1,0,0,1,0,0,0.0
5,0,0.0,4,2,2,0,4,3,3,1,3.4783333333333335
3,0,0.0,3,2,1,0,3,2,2,0,5.386111111111111
2,0,0.0,2,1,1,0,0,1,0,0,0.0005555555555555556
1,1,1.0,1,1,1,0,0,1,0,0,0.0
1,0,0.0,1,1,1,0,1,1,1,0,0.0
3,0,0.0,2,1,3,0,1,3,1,0,0.030555555555555555
5,0,0.0,3,3,1,0,5,3,1,1,7.253055555555555
2,0,0.0,2,1,1,0,2,1,2,0,0.058888888888888886
2,0,0.0,2,1,1,0,2,1,2,0,4.285
5,0,0.0,4,4,2,0,4,2,1,0,5.741944444444444
3,0,0.0,2,2,1,0,3,2,1,0,0.11888888888888889
2,0,0.0,1,2,1,0,2,2,1,0,3.595
5,0,0.0,3,2,2,0,4,2,2,0,4.556388888888889
2,0,0.0,2,1,1,0,2,1,2,0,1.4866666666666666
6,0,0.0,1,2,1,0,6,2,1,0,6.155833333333334
5,0,0.0,4,2,1,0,5,3,3,1,7.246388888888889
4,0,0.0,4,1,2,0,3,2,3,0,7.100555555555555
3,0,0.0,2,3,1,0,3,2,1,0,4.000555555555556
5,0,0.0,1,2,1,0,5,2,1,0,1.5883333333333334
1,0,0.0,1,1,1,0,1,1,0,0,0.0
1,0,0.0,1,1,1,0,0,1,0,0,0.0
3,0,0.0,1,2,2,0,2,1,0,0,2.4230555555555555
4,0,0.0,4,3,2,0,3,2,1,0,2.9897222222222224
2,0,0.0,2,2,1,0,2,1,0,0,0.9941666666666666
1,0,0.0,1,1,1,0,1,1,0,0,0.0
2,0,0.0,2,1,1,0,2,1,2,0,0.7458333333333333
5,0,0.0,5,3,2,0,4,3,2,0,4.501388888888889
7,0,0.0,2,3,1,0,7,2,3,0,8.03111111111111
3,0,0.0,3,2,2,0,1,1,0,0,0.1436111111111111
5,0,0.0,2,1,2,0,4,3,2,2,3.616111111111111
7,0,0.0,4,3,2,0,6,2,4,0,7.804722222222222
2,0,0.0,1,1,1,0,2,1,2,0,3.4355555555555557
2,0,0.0,2,1,2,0,1,2,1,0,3.5930555555555554
8,0,0.0,5,4,2,0,7,2,3,0,6.576944444444444
1,0,0.0,1,1,1,0,1,1,0,0,0.0
2,0,0.0,2,2,1,0,2,1,0,0,0.14805555555555555
2,0,0.0,2,2,1,0,2,2,1,0,0.155
1,0,0.0,1,1,1,0,1,1,0,1,0.0
2,0,0.0,2,2,1,0,2,1,0,0,4.2491666666666665
2,0,0.0,1,1,1,0,2,1,0,0,2.254166666666667
7,0,0.0,4,4,1,0,7,3,4,1,6.499444444444444
4,0,0.0,2,3,2,0,3,1,0,0,6.140555555555555
3,0,0.0,2,2,2,0,2,2,1,0,1.4975
2,0,0.0,2,2,2,0,1,1,0,0,1.673888888888889
1,0,0.0,1,1,1,0,1,1,0,0,0.0
2,0,0.0,1,1,1,0,2,1,0,0,0.0038888888888888888
2,0,0.0,2,2,1,0,2,2,1,0,0.7425
2,0,0.0,2,1,1,0,2,1,2,0,0.023333333333333334
4,0,0.0,4,3,2,0,3,2,1,0,5.483611111111111
2,0,0.0,2,2,2,0,1,1,0,0,1.2530555555555556
7,0,0.0,4,3,2,0,6,3,4,1,7.8822222222222225
4,0,0.0,2,2,1,0,4,1,0,0,5.870833333333334
4,0,0.0,3,3,2,0,3,2,1,0,7.008055555555556
1,0,0.0,1,1,1,0,1,1,1,0,0.0
1,0,0.0,1,1,1,0,1,1,1,0,0.0
2,0,0.0,2,1,2,0,1,2,1,0,4.274444444444445
2,0,0.0,1,1,1,0,2,1,0,0,0.7469444444444444
4,0,0.0,4,3,1,0,4,2,1,0,3.566388888888889
9,0,0.0,4,3,2,0,8,3,4,1,5.2025
9,0,0.0,6,4,2,0,7,3,2,1,7.3375
1,0,0.0,1,1,1,0,1,1,1,0,0.0
5,0,0.0,3,1,2,0,4,2,4,0,6.785
5,0,0.0,3,2,1,0,5,3,2,2,7.323333333333333
2,0,0.0,2,1,1,0,2,1,2,0,0.2822222222222222
2,0,0.0,1,1,1,0,2,1,2,0,6.1930555555555555
1,0,0.0,1,1,1,0,1,1,1,0,0.0
4,0,0.0,4,2,2,0,3,3,2,0,1.673888888888889
8,0,0.0,5,2,2,0,5,2,3,0,7.075
2,0,0.0,1,1,1,0,2,1,2,0,1.2313888888888889
3,0,0.0,1,2,1,0,3,2,1,0,3.745277777777778
2,0,0.0,2,2,1,0,2,2,1,0,1.5844444444444445
3,0,0.0,2,2,1,0,3,2,1,0,0.6905555555555556
3,0,0.0,3,3,1,0,3,2,0,1,6.286111111111111
3,0,0.0,2,3,1,0,3,2,1,0,5.079444444444444
3,0,0.0,2,2,2,0,2,1,0,0,0.6811111111111111
3,0,0.0,3,2,2,0,2,2,0,1,3.8919444444444444
3,0,0.0,2,1,2,0,2,2,2,0,2.750277777777778
5,0,0.0,3,2,1,0,5,2,3,0,4.5905555555555555
7,0,0.0,4,4,2,0,5,2,1,0,7.7275
2,0,0.0,2,2,1,0,2,2,1,0,1.9169444444444443
3,0,0.0,2,2,1,0,3,1,0,0,7.299166666666666
2,0,0.0,1,1,1,0,2,1,2,0,1.2816666666666667
2,0,0.0,1,2,1,0,2,2,0,1,0.2363888888888889
4,0,0.0,3,2,1,0,4,3,2,1,3.3408333333333333
4,0,0.0,3,1,1,0,4,2,3,0,4.883611111111111
2,0,0.0,1,2,1,0,2,2,1,0,5.391944444444444
3,0,0.0,2,2,2,0,2,2,0,0,4.496388888888889
4,0,0.0,4,2,2,0,3,2,2,0,1.1125
1,0,0.0,1,1,1,0,1,1,0,0,0.0
2,0,0.0,1,2,1,0,2,2,1,0,0.2538888888888889
3,0,0.0,2,2,1,0,3,2,0,1,4.539166666666667
1,0,0.0,1,1,1,0,1,1,0,0,0.0
2,0,0.0,2,2,1,0,2,2,1,0,0.01611111111111111
3,0,0.0,2,2,1,0,3,2,2,0,0.06722222222222222
5,0,0.0,2,3,1,0,5,2,1,0,2.1144444444444446
3,0,0.0,2,2,2,0,2,2,1,0,0.20972222222222223
4,0,0.0,3,1,1,0,4,2,3,0,4.614722222222222
4,0,0.0,3,2,2,0,3,2,2,0,2.4980555555555557
22,0,0.0,4,4,2,0,21,2,11,0,7.971388888888889
5,0,0.0,3,2,1,0,5,2,3,0,7.1225
2,0,0.0,2,2,1,0,2,1,0,0,1.3233333333333333
4,0,0.0,2,3,1,0,4,2,1,0,5.01
5,0,0.0,2,2,1,0,5,2,3,0,8.624444444444444
3,0,0.0,3,3,2,0,2,1,0,0,0.09277777777777778
3,0,0.0,2,2,1,0,3,2,2,0,1.9927777777777778
5,0,0.0,4,2,1,0,5,2,4,0,6.009166666666666
4,0,0.0,4,2,2,0,3,2,2,0,4.6575
5,0,0.0,3,4,1,0,5,2,1,0,7.516944444444444
6,0,0.0,4,3,2,0,4,2,1,0,5.002222222222223
6,0,0.0,1,2,1,0,6,2,2,0,7.047777777777778
3,0,0.0,3,3,2,0,2,1,0,0,5.908333333333333
2,0,0.0,2,2,1,0,2,2,1,0,0.6125
2,0,0.0,1,1,1,0,2,1,0,0,3.636388888888889
4,0,0.0,2,3,1,0,4,2,2,0,3.0083333333333333
6,0,0.0,5,4,2,0,5,3,1,1,0.5030555555555556
5,0,0.0,4,3,1,0,5,3,2,1,6.685277777777777
2,0,0.0,2,2,2,0,1,1,0,0,2.694722222222222
7,0,0.0,3,4,1,0,7,2,3,0,7.910277777777778
2,0,0.0,1,1,1,0,2,1,0,0,4.7555555555555555
2,0,0.0,2,2,1,0,2,2,1,0,0.3263888888888889
1,0,0.0,1,1,1,0,1,1,0,0,0.0
3,0,0.0,3,3,2,0,2,1,0,0,3.2752777777777777
3,0,0.0,2,1,2,0,1,2,0,1,0.28444444444444444
7,0,0.0,3,4,1,0,7,2,3,0,0.13111111111111112
3,0,0.0,2,3,1,0,3,2,1,0,7.509444444444444
3,0,0.0,3,3,1,0,3,2,1,0,3.979722222222222
8,0,0.0,3,2,2,0,7,3,4,1,5.3933333333333335
5,0,0.0,4,3,1,0,5,2,3,0,7.7844444444444445
1,0,0.0,1,1,1,0,1,1,0,0,0.0
4,0,0.0,3,3,2,0,3,3,1,0,3.7875
3,0,0.0,3,3,1,0,3,1,0,0,0.25833333333333336
3,0,0.0,2,2,2,0,2,2,1,0,7.838888888888889
1,0,0.0,1,1,1,0,1,1,0,0,0.0
3,0,0.0,1,2,1,0,3,2,1,0,4.491944444444444
7,0,0.0,6,4,2,0,6,2,1,0,7.0808333333333335
1,0,0.0,1,1,1,0,1,1,1,0,0.0
3,0,0.0,2,2,2,0,2,1,0,0,3.301111111111111
7,0,0.0,4,5,1,0,7,2,2,0,5.980277777777777
3,0,0.0,1,2,1,0,3,2,2,0,4.529444444444445
2,0,0.0,2,2,1,0,2,2,1,0,0.19527777777777777
3,0,0.0,2,2,2,0,2,1,0,0,0.16805555555555557
2,0,0.0,1,2,1,0,2,2,1,0,0.008611111111111111
2,0,0.0,2,2,1,0,2,2,1,0,5.3502777777777775
2,0,0.0,1,2,1,0,2,2,1,0,0.0002777777777777778
8,0,0.0,3,3,1,0,8,2,4,0,6.927222222222222
5,0,0.0,5,3,3,0,3,3,1,0,1.01
1,0,0.0,1,1,1,0,0,1,0,0,0.0
2,0,0.0,2,1,1,0,2,1,2,0,1.561388888888889
2,0,0.0,2,2,2,0,1,1,0,0,1.3352777777777778
2,0,0.0,2,2,1,0,2,2,1,0,0.9133333333333333
6,0,0.0,3,3,2,0,5,2,1,0,7.799166666666666
3,0,0.0,2,3,1,0,3,2,1,0,4.516944444444444
2,0,0.0,1,1,1,0,2,1,2,0,5.4927777777777775
2,0,0.0,2,2,1,0,2,2,1,0,0.7808333333333334
4,0,0.0,3,3,1,0,4,1,0,0,0.3088888888888889
3,0,0.0,2,2,1,0,3,2,2,0,1.6158333333333332
5,0,0.0,4,2,1,0,5,3,2,1,3.3244444444444445
2,0,0.0,2,2,1,0,2,1,0,0,0.1852777777777778
2,0,0.0,2,1,2,0,1,2,1,0,0.04055555555555555
3,0,0.0,1,2,1,0,3,2,1,0,2.7125
1,0,0.0,1,1,1,0,1,1,0,0,0.0
2,0,0.0,2,1,2,0,1,2,1,0,7.3469444444444445
10,0,0.0,1,1,1,0,10,1,0,0,7.503611111111111
2,0,0.0,2,2,1,0,2,2,1,0,0.0016666666666666668
3,0,0.0,1,2,1,0,3,2,1,0,4.192777777777778
4,0,0.0,2,2,2,0,3,2,2,0,2.4786111111111113
2,0,0.0,1,1,1,0,2,1,2,0,0.058333333333333334
1,0,0.0,1,1,1,0,1,1,1,0,0.0
2,0,0.0,2,2,2,0,1,1,0,0,0.009166666666666667
1,0,0.0,1,1,1,0,1,1,1,0,0.0
2,0,0.0,2,2,1,0,2,1,0,0,1.3544444444444443
2,0,0.0,1,1,1,0,2,1,0,0,0.2025
2,0,0.0,2,2,1,0,2,2,1,0,0.9686111111111111
6,0,0.0,2,2,1,0,6,2,4,0,5.954166666666667
5,0,0.0,3,3,2,0,4,2,1,0,4.022222222222222
1,0,0.0,1,1,1,0,1,1,0,0,0.0
6,0,0.0,3,2,2,0,4,2,2,0,6.872222222222222
2,0,0.0,2,2,2,0,1,1,0,0,0.14444444444444443
5,0,0.0,4,3,2,0,4,2,2,0,3.6133333333333333
4,0,0.0,3,2,2,0,3,2,2,0,5.1786111111111115
1,0,0.0,1,1,1,0,1,1,0,0,0.0
1,0,0.0,1,1,1,0,1,1,1,0,0.0
2,0,0.0,2,1,2,0,1,2,1,0,0.07861111111111112
4,0,0.0,3,3,1,0,4,2,2,0,4.353888888888889
4,0,0.0,2,2,1,0,4,2,2,0,1.3730555555555555
1,0,0.0,1,1,1,0,1,1,0,0,0.0
4,0,0.0,3,2,3,0,2,3,2,0,0.2038888888888889
3,0,0.0,3,3,1,0,3,2,1,0,0.24138888888888888
3,0,0.0,3,2,2,0,2,2,2,0,8.2675
1,0,0.0,1,1,1,0,0,1,0,0,0.0
1,0,0.0,1,1,1,0,1,1,0,0,0.0
3,0,0.0,2,2,1,0,3,2,1,0,3.421388888888889
1,0,0.0,1,1,1,0,1,1,1,0,0.0
3,0,0.0,3,2,2,0,2,2,1,0,0.22722222222222221
7,0,0.0,3,3,2,0,6,3,3,0,5.203888888888889
2,0,0.0,1,1,2,0,1,2,1,0,0.10472222222222222
7,0,0.0,4,2,2,0,5,2,4,0,1.0880555555555556
5,0,0.0,3,3,2,0,4,2,2,0,0.6105555555555555
9,0,0.0,4,3,2,0,8,2,3,0,5.772222222222222
4,0,0.0,2,2,2,0,3,2,2,0,6.7325
3,0,0.0,2,2,2,0,2,3,1,0,0.09416666666666666
2,0,0.0,2,2,2,0,1,1,0,0,0.1411111111111111
2,0,0.0,2,2,1,0,2,2,1,0,4.252777777777778
2,0,0.0,2,2,2,0,1,1,0,0,0.009444444444444445
5,0,0.0,3,2,1,0,5,3,2,1,5.556111111111111
6,0,0.0,5,4,1,0,6,2,3,0,7.8525
4,0,0.0,2,2,1,0,4,1,0,0,5.406944444444444
2,0,0.0,2,2,1,0,2,2,1,0,0.10972222222222222
1,0,0.0,1,1,1,0,1,1,0,0,0.0
5,0,0.0,2,2,2,0,4,3,1,1,8.526666666666667
1,0,0.0,1,1,1,0,0,1,0,0,0.0
4,0,0.0,3,3,2,0,3,2,1,0,5.098055555555556
5,0,0.0,4,3,2,0,4,2,2,0,4.467777777777778
3,0,0.0,2,2,1,0,3,2,1,0,3.45
3,0,0.0,2,3,1,0,3,2,1,0,4.9302777777777775
3,0,0.0,2,2,2,0,2,2,1,0,0.09083333333333334
2,0,0.0,2,1,2,0,1,2,1,0,2.243333333333333
5,0,0.0,3,2,1,0,5,3,3,1,4.532777777777778
2,0,0.0,2,1,1,0,2,2,1,1,4.28
1,0,0.0,1,1,1,0,1,1,1,0,0.0
3,0,0.0,3,3,2,0,2,1,0,0,2.413611111111111
4,0,0.0,4,3,2,0,3,2,0,1,0.10944444444444444
24,0,0.0,2,2,3,0,22,3,13,0,7.986944444444444
3,0,0.0,2,2,1,0,3,2,2,0,4.789166666666667
2,0,0.0,2,1,1,0,2,2,1,0,6.005
2,0,0.0,2,2,1,0,2,1,0,0,5.9847222222222225
2,0,0.0,2,2,1,0,2,2,1,0,0.09666666666666666
5,1,0.2,2,3,1,0,5,2,4,0,0.24138888888888888
2,0,0.0,1,1,1,0,2,1,0,0,0.034166666666666665
6,0,0.0,3,3,1,0,6,2,2,0,8.387222222222222
4,0,0.0,4,3,2,0,2,1,0,0,0.15944444444444444
3,0,0.0,1,1,1,0,3,1,0,0,0.8775
3,0,0.0,2,2,2,0,2,1,0,0,5.253611111111111
2,0,0.0,1,1,1,0,2,1,0,0,6.9880555555555555
3,0,0.0,3,2,2,0,2,2,1,0,0.3947222222222222
1,0,0.0,1,1,1,0,1,1,1,0,0.0
4,0,0.0,3,4,1,0,4,2,1,0,2.3983333333333334
2,0,0.0,2,2,1,0,2,1,0,0,0.035
6,0,0.0,3,3,2,0,5,2,3,0,3.588888888888889
2,0,0.0,2,2,1,0,2,2,1,0,0.2338888888888889
5,0,0.0,2,1,1,0,5,1,5,0,6.42
6,0,0.0,3,2,2,0,5,3,3,0,7.596388888888889
1,0,0.0,1,1,1,0,0,1,0,0,0.0
3,0,0.0,3,3,1,0,3,2,2,0,7.069444444444445
4,0,0.0,2,2,1,0,4,3,1,1,6.376388888888889
6,0,0.0,5,1,2,0,3,2,3,0,7.103888888888889
3,0,0.0,3,3,1,0,3,2,1,0,0.023055555555555555
3,0,0.0,1,1,2,0,2,2,2,0,5.0
1,0,0.0,1,1,1,0,1,1,0,0,0.0
1,0,0.0,1,1,1,0,1,1,0,0,0.0
1,0,0.0,1,1,1,0,1,1,0,0,0.0
1,0,0.0,1,1,1,0,1,1,0,0,0.0
1,0,0.0,1,1,1,0,1,1,1,0,0.0
2,0,0.0,2,2,2,0,1,1,0,0,2.7058333333333335
3,0,0.0,2,2,2,0,2,1,0,0,6.1466666666666665
2,0,0.0,2,2,1,0,2,2,1,0,0.1461111111111111
4,0,0.0,3,3,2,0,3,2,0,0,6.404722222222222
4,0,0.0,2,2,2,0,3,1,0,0,5.506666666666667
9,0,0.0,3,3,2,0,8,2,4,0,6.626111111111111
1,0,0.0,1,1,1,0,1,1,0,0,0.0
3,0,0.0,1,2,2,0,2,2,1,0,3.604722222222222
2,0,0.0,2,2,1,0,2,2,1,0,0.4772222222222222
2,0,0.0,2,1,2,0,1,2,1,0,0.24027777777777778
4,0,0.0,2,2,2,0,3,2,1,0,4.104166666666667
2,0,0.0,1,2,1,0,2,2,1,0,3.5594444444444444
4,0,0.0,3,3,2,0,3,2,2,0,6.981388888888889
1,0,0.0,1,1,1,0,0,1,0,0,0.0
2,0,0.0,2,2,1,0,2,2,1,0,2.432777777777778
3,0,0.0,3,3,1,0,3,2,1,0,5.490277777777778
5,0,0.0,3,3,2,0,4,2,1,0,5.953888888888889
2,0,0.0,1,2,1,0,2,2,1,0,1.008888888888889
1,0,0.0,1,1,1,0,0,1,0,0,0.0
6,0,0.0,4,2,2,0,3,2,2,0,3.535833333333333
6,0,0.0,3,2,2,0,5,3,3,1,5.508611111111111
3,0,0.0,3,3,1,0,3,2,1,0,4.265
4,0,0.0,1,1,2,0,3,2,3,0,5.477777777777778
8,0,0.0,5,4,2,0,6,3,1,1,8.028333333333334
8,0,0.0,4,3,2,0,7,2,5,0,4.548333333333333
1,0,0.0,1,1,1,0,1,1,0,0,0.0
5,0,0.0,4,2,2,0,4,2,2,0,7.8613888888888885
1,0,0.0,1,1,1,0,1,1,0,0,0.0
2,0,0.0,1,1,1,0,2,1,0,0,0.4583333333333333
2,0,0.0,1,1,1,0,2,1,2,0,1.9416666666666667
1,0,0.0,1,1,1,0,1,1,1,0,0.0
2,0,0.0,2,2,2,0,1,1,0,0,0.15666666666666668
2,0,0.0,2,2,1,0,2,1,0,0,0.19527777777777777
3,0,0.0,3,3,1,0,3,2,1,0,0.2936111111111111
3,0,0.0,3,3,2,0,2,1,0,0,7.21
6,0,0.0,5,5,2,0,5,2,1,0,0.31027777777777776
4,0,0.0,3,3,1,0,4,2,2,0,4.997222222222222
4,0,0.0,1,1,1,0,4,1,4,0,7.1825
4,0,0.0,4,4,1,0,4,2,2,0,5.754722222222222
3,0,0.0,2,2,1,0,3,2,1,0,1.6422222222222222
2,0,0.0,2,2,2,0,1,1,0,0,7.032777777777778
4,0,0.0,4,2,2,0,3,2,2,0,0.37833333333333335
4,0,0.0,4,2,2,0,3,2,2,0,0.30944444444444447
4,0,0.0,3,3,2,0,3,2,1,0,6.750277777777778
5,0,0.0,4,4,1,0,5,2,2,0,3.4491666666666667
3,0,0.0,1,2,1,0,3,2,1,0,0.32416666666666666
1,0,0.0,1,1,1,0,1,1,0,0,0.0
5,0,0.0,4,2,2,0,4,2,3,0,6.086666666666667
2,0,0.0,2,2,2,0,1,1,0,0,0.7022222222222222
1,0,0.0,1,1,1,0,1,1,0,0,0.0
3,0,0.0,3,2,2,0,2,2,1,0,2.9316666666666666
4,0,0.0,2,3,1,0,4,2,1,0,2.5991666666666666
19,0,0.0,2,2,1,0,19,2,7,0,8.468055555555555
1,0,0.0,1,1,1,0,1,1,1,0,0.0
1,0,0.0,1,1,1,0,1,1,0,0,0.0
3,0,0.0,2,2,1,0,3,2,0,2,0.9416666666666667
3,0,0.0,2,1,1,0,3,1,3,0,1.5791666666666666
1,0,0.0,1,1,1,0,1,1,0,0,0.0
2,0,0.0,1,1,1,0,2,1,2,0,0.9969444444444444
3,0,0.0,2,2,1,0,3,2,2,0,1.5516666666666667
2,0,0.0,2,2,1,0,2,2,0,1,3.631388888888889
6,0,0.0,4,2,1,0,6,3,3,1,6.332777777777777
2,0,0.0,1,2,1,0,2,2,1,0,4.124722222222222
4,0,0.0,4,1,2,0,3,2,3,0,2.4158333333333335
3,0,0.0,3,1,2,0,2,2,2,0,0.7588888888888888
1,0,0.0,1,1,1,0,1,1,1,0,0.0
5,0,0.0,3,2,2,0,4,2,2,0,0.7102777777777778
4,0,0.0,3,4,2,0,3,1,0,0,4.703888888888889
2,0,0.0,1,2,1,0,2,2,1,0,0.6777777777777778
1,0,0.0,1,1,1,0,1,1,1,0,0.0
1,0,0.0,1,1,1,0,1,1,0,0,0.0
1,0,0.0,1,1,1,0,1,1,0,0,0.0
4,0,0.0,4,1,2,0,3,2,3,0,4.1994444444444445
6,0,0.0,2,3,1,0,6,2,1,0,0.0875
2,0,0.0,2,2,2,0,1,1,0,0,0.6558333333333334
2,0,0.0,2,2,1,0,2,2,1,0,1.2469444444444444
8,0,0.0,3,3,1,0,8,3,4,1,3.995833333333333
3,0,0.0,2,1,2,0,2,2,2,0,5.975833333333333
2,0,0.0,2,1,1,0,2,2,1,1,3.4158333333333335
5,0,0.0,4,4,1,0,5,2,1,0,1.6152777777777778
6,0,0.0,4,3,1,0,6,2,3,0,4.131111111111111
3,0,0.0,3,2,2,0,2,2,1,0,4.378888888888889
1,0,0.0,1,1,1,0,1,1,0,0,0.0
2,0,0.0,2,1,2,0,1,2,1,0,1.211111111111111
3,0,0.0,1,2,1,0,3,2,1,0,3.506111111111111
5,0,0.0,4,2,2,0,4,2,3,0,6.2625
6,0,0.0,4,4,1,0,6,3,2,1,7.958611111111111
1,0,0.0,1,1,1,0,1,1,0,0,0.0
1,0,0.0,1,1,1,0,1,1,0,0,0.0
1,0,0.0,1,1,1,0,1,1,0,1,0.0
1,0,0.0,1,1,1,0,1,1,0,0,0.0
4,0,0.0,3,2,1,0,4,2,3,0,0.5575
1,0,0.0,1,1,1,0,0,1,0,0,0.0
5,0,0.0,1,2,1,0,5,2,2,0,4.496944444444445
4,0,0.0,2,2,2,0,3,2,2,0,5.530277777777778
5,0,0.0,3,3,2,0,4,1,0,0,3.2597222222222224
4,0,0.0,3,1,3,0,2,3,2,0,8.301666666666666
3,0,0.0,2,2,1,0,3,1,0,0,5.2283333333333335
4,0,0.0,3,2,2,0,3,2,2,0,4.332222222222223
4,0,0.0,3,4,1,0,4,2,1,0,7.391666666666667
2,0,0.0,2,1,1,0,2,1,2,0,5.809722222222222
3,0,0.0,2,1,2,0,1,2,0,1,0.021388888888888888
5,0,0.0,4,4,1,0,5,2,2,0,3.256666666666667
5,0,0.0,3,2,2,0,4,3,1,2,3.128888888888889
5,0,0.0,4,3,2,0,4,2,2,0,6.453611111111111
3,0,0.0,3,3,1,0,3,2,1,0,1.6180555555555556
3,0,0.0,1,2,1,0,3,2,1,0,8.232222222222223
1,0,0.0,1,1,1,0,1,1,1,0,0.0
2,0,0.0,2,1,2,0,1,2,1,0,0.8330555555555555
2,0,0.0,1,2,1,0,2,2,1,0,0.0030555555555555557
2,0,0.0,2,2,1,0,2,1,0,0,4.470833333333333
5,0,0.0,3,2,2,0,3,2,2,0,7.338055555555556
6,0,0.0,3,3,2,0,5,2,2,0,5.755277777777778
1,0,0.0,1,1,1,0,1,1,1,0,0.0
3,0,0.0,3,3,1,0,3,2,1,0,1.8297222222222222
2,0,0.0,2,1,2,0,1,2,1,0,0.16277777777777777
4,0,0.0,3,2,2,0,3,2,1,0,5.470277777777778
3,0,0.0,2,2,1,0,3,2,2,0,3.743611111111111
5,0,0.0,3,3,1,0,5,2,2,0,7.3341666666666665
2,0,0.0,2,1,1,0,2,2,1,0,3.4125
2,0,0.0,2,1,1,0,2,1,2,0,1.6430555555555555
7,1,0.14285714285714285,3,2,2,0,6,3,2,0,7.202222222222222
2,0,0.0,1,2,2,0,1,1,0,0,4.889444444444444
1,0,0.0,1,1,1,0,1,1,0,0,0.0
4,0,0.0,3,3,1,0,4,2,1,0,6.5775
4,0,0.0,2,2,1,0,4,3,2,1,3.4405555555555556
4,0,0.0,2,2,1,0,4,2,3,0,4.627777777777778
1,0,0.0,1,1,1,0,1,1,1,0,0.0
2,0,0.0,2,2,1,0,2,2,1,0,6.598055555555556
1,0,0.0,1,1,1,0,1,1,0,0,0.0
2,0,0.0,2,2,1,0,2,1,0,0,0.011111111111111112
3,0,0.0,3,2,1,0,3,2,2,0,7.143055555555556
5,0,0.0,3,4,1,0,5,2,0,1,5.75
1,0,0.0,1,1,1,0,1,1,1,0,0.0
4,0,0.0,2,2,1,0,4,2,2,0,1.4177777777777778
4,0,0.0,2,3,1,0,4,3,1,1,4.782777777777778
1,0,0.0,1,1,1,0,1,1,1,0,0.0
2,0,0.0,1,1,1,0,2,1,2,0,0.0005555555555555556
1,0,0.0,1,1,1,0,1,1,0,0,0.0
3,0,0.0,1,2,1,0,3,2,2,0,1.7352777777777777
4,0,0.0,4,1,2,0,3,2,3,0,3.9683333333333333
4,0,0.0,3,3,1,0,4,2,2,0,7.326388888888889
3,0,0.0,2,2,1,0,3,3,1,1,6.5152777777777775
1,0,0.0,1,1,1,0,1,1,0,0,0.0
7,0,0.0,2,3,1,0,7,2,4,0,7.615277777777778
2,0,0.0,2,2,1,0,2,2,1,0,5.738611111111111
2,0,0.0,2,1,2,0,1,2,1,0,0.010555555555555556
1,0,0.0,1,1,1,0,0,1,0,0,0.0
3,0,0.0,2,2,1,0,3,2,2,0,2.7619444444444445
2,0,0.0,2,2,1,0,2,2,1,0,5.003611111111111
3,0,0.0,2,2,1,0,3,2,2,0,0.09444444444444444
1,0,0.0,1,1,1,0,1,1,0,0,0.0
5,0,0.0,4,3,2,0,4,2,2,0,8.258333333333333
3,0,0.0,2,3,1,0,3,2,1,0,7.263333333333334
1,0,0.0,1,1,1,0,1,1,0,0,0.0
4,0,0.0,1,2,1,0,4,2,1,0,6.9686111111111115
4,0,0.0,3,3,1,0,4,2,2,0,0.18333333333333332
4,0,0.0,3,1,2,0,2,2,2,0,0.23555555555555555
5,0,0.0,4,4,1,0,5,2,2,0,0.17027777777777778
5,0,0.0,3,2,1,0,5,2,4,0,7.1497222222222225
6,0,0.0,3,4,1,0,6,2,3,0,7.0119444444444445
2,0,0.0,2,1,1,0,2,2,1,1,0.005
1,0,0.0,1,1,1,0,1,1,1,0,0.0
1,0,0.0,1,1,1,0,1,1,0,0,0.0
2,0,0.0,2,2,1,0,2,2,1,0,1.9680555555555554
3,0,0.0,3,3,1,0,3,2,1,0,0.49722222222222223
1,0,0.0,1,1,1,0,1,1,0,0,0.0
9,0,0.0,7,3,3,0,7,4,3,2,6.366944444444444
2,0,0.0,2,2,1,0,2,1,0,0,0.7833333333333333
2,0,0.0,2,1,1,0,2,1,2,0,0.2813888888888889
5,0,0.0,4,4,2,0,4,1,0,0,7.191111111111111
5,0,0.0,2,2,1,0,5,3,3,1,4.568611111111111
1,0,0.0,1,1,1,0,1,1,0,0,0.0
3,0,0.0,1,2,1,0,3,2,1,0,2.404166666666667
2,0,0.0,2,2,1,0,2,2,1,0,0.16444444444444445
8,0,0.0,6,4,2,0,5,3,1,1,6.421944444444445
2,0,0.0,1,2,1,0,2,2,1,0,0.075
2,0,0.0,1,1,1,0,2,1,0,0,5.009444444444444
2,0,0.0,2,2,1,0,2,2,1,0,0.044444444444444446
6,0,0.0,4,4,1,0,6,2,3,0,7.927222222222222
1,0,0.0,1,1,1,0,1,1,0,0,0.0
4,0,0.0,3,2,1,0,4,2,3,0,6.9511111111111115
2,0,0.0,2,2,2,0,1,1,0,0,0.4961111111111111
2,0,0.0,1,2,1,0,2,2,1,0,1.0308333333333333
2,0,0.0,2,2,1,0,2,2,1,0,7.980833333333333
8,0,0.0,3,3,1,0,8,2,1,0,6.000277777777778
4,0,0.0,2,2,2,0,3,2,2,0,4.665
3,0,0.0,3,1,2,0,2,2,2,0,3.591666666666667
2,0,0.0,2,2,2,0,1,1,0,0,5.833888888888889
2,0,0.0,2,1,1,0,2,1,2,0,0.0077777777777777776
4,0,0.0,3,2,2,0,3,2,2,0,0.2683333333333333
5,0,0.0,4,3,1,0,5,2,2,0,5.851111111111111
1,0,0.0,1,1,1,0,1,1,1,0,0.0
4,0,0.0,2,2,1,0,4,2,2,0,5.975833333333333
5,0,0.0,3,1,1,0,5,2,4,1,2.9811111111111113
1,0,0.0,1,1,1,0,1,1,1,0,0.0
5,0,0.0,5,3,2,0,4,2,3,0,8.465277777777779
4,0,0.0,3,1,2,0,3,2,2,0,4.649444444444445
8,0,0.0,4,2,2,0,7,2,4,0,8.229722222222222
1,0,0.0,1,1,1,0,1,1,1,0,0.0
4,0,0.0,3,2,1,0,4,2,3,0,5.016666666666667
2,0,0.0,1,1,1,0,0,1,0,0,6.411111111111111
2,0,0.0,2,1,2,0,1,2,1,0,0.47555555555555556
3,0,0.0,2,2,1,0,3,2,2,0,5.816666666666666
1,0,0.0,1,1,1,0,0,1,0,0,0.0
6,0,0.0,2,2,2,0,5,2,0,1,4.4783333333333335
3,0,0.0,3,3,2,0,2,1,0,0,0.455
3,0,0.0,1,2,1,0,3,2,1,0,6.872222222222222
2,0,0.0,2,1,1,0,2,1,2,0,0.02
2,0,0.0,2,2,1,0,2,2,1,0,0.20055555555555554
6,0,0.0,2,2,1,0,6,2,3,0,7.833611111111111
2,0,0.0,2,2,1,0,2,1,0,0,1.5705555555555555
1,0,0.0,1,1,1,0,0,1,0,0,0.0
1,0,0.0,1,1,1,0,1,1,0,0,0.0
2,0,0.0,2,1,1,0,2,2,1,1,0.11666666666666667
5,0,0.0,3,3,2,0,4,2,3,0,8.015277777777778
5,0,0.0,2,2,2,0,4,2,2,0,7.522222222222222
1,0,0.0,1,1,1,0,0,1,0,0,0.0
1,0,0.0,1,1,1,0,1,1,1,0,0.0
6,0,0.0,2,2,2,0,5,2,2,0,6.391666666666667
3,0,0.0,2,2,1,0,3,2,1,0,4.245555555555556
7,0,0.0,4,4,2,0,6,2,3,0,6.496111111111111
4,0,0.0,3,1,2,0,3,2,3,0,6.18
1,0,0.0,1,1,1,0,1,1,1,0,0.0
3,0,0.0,2,2,1,0,3,3,1,1,6.472222222222222
7,0,0.0,4,2,1,0,7,3,5,1,8.253333333333334
1,0,0.0,1,1,1,0,1,1,0,0,0.0
1,0,0.0,1,1,1,0,1,1,1,0,0.0
2,0,0.0,1,1,1,0,2,1,0,0,0.07305555555555555
3,0,0.0,2,3,1,0,3,2,2,0,7.365277777777778
6,0,0.0,4,3,3,0,4,4,2,1,8.325833333333334
4,0,0.0,3,3,2,0,3,1,0,0,4.421111111111111
4,0,0.0,4,2,1,0,4,2,3,0,8.060555555555556
2,0,0.0,2,2,2,0,1,1,0,0,4.745277777777778
2,0,0.0,2,2,1,0,2,2,1,0,0.0775
2,0,0.0,1,1,1,0,2,1,0,0,0.49194444444444446
8,0,0.0,6,1,1,0,8,1,8,0,6.375555555555556
1,0,0.0,1,1,1,0,1,1,1,0,0.0
5,0,0.0,1,2,1,0,5,2,2,0,4.954166666666667
3,0,0.0,2,2,1,0,3,2,2,0,6.2
4,0,0.0,1,2,1,0,4,2,1,0,6.741944444444444
2,0,0.0,2,2,1,0,2,2,1,0,0.015555555555555555
2,0,0.0,2,2,2,0,1,2,0,0,0.22166666666666668
3,0,0.0,1,2,1,0,3,2,2,0,3.1169444444444445
4,0,0.0,2,2,3,0,2,3,1,0,7.2619444444444445
1,0,0.0,1,1,1,0,1,1,0,0,0.0
4,0,0.0,3,3,1,0,4,2,1,0,7.575833333333334
2,0,0.0,1,2,1,0,2,2,1,0,4.045555555555556
4,0,0.0,4,4,1,0,4,2,1,0,6.006944444444445
3,0,0.0,2,2,1,0,3,1,0,0,6.771388888888889
2,0,0.0,1,1,1,0,2,1,2,0,3.991111111111111
8,0,0.0,4,4,2,0,7,4,3,2,7.936388888888889
3,0,0.0,3,3,2,0,2,1,0,0,0.3761111111111111
2,0,0.0,1,1,1,0,2,1,0,0,3.2675
1,0,0.0,1,1,1,0,1,1,1,0,0.0
1,0,0.0,1,1,1,0,1,1,0,0,0.0
2,0,0.0,2,2,1,0,2,1,0,0,0.9013888888888889
1,0,0.0,1,1,1,0,1,1,0,0,0.0
5,0,0.0,3,3,2,0,4,2,1,0,5.623611111111111
3,0,0.0,3,3,1,0,3,2,1,0,1.0008333333333332
2,0,0.0,2,2,1,0,2,2,0,1,0.13666666666666666
1,0,0.0,1,1,1,0,1,1,0,0,0.0
5,0,0.0,4,3,2,0,4,2,2,0,1.0988888888888888
3,0,0.0,2,2,1,0,3,2,2,0,3.997777777777778
2,0,0.0,2,2,2,0,0,2,0,0,7.541388888888889
3,0,0.0,3,3,1,0,3,2,1,0,0.10972222222222222
4,0,0.0,2,3,1,0,4,2,1,0,6.842222222222222
6,0,0.0,4,3,2,0,5,4,2,1,8.229166666666666
26,0,0.0,4,3,1,0,26,2,15,0,8.358055555555556
2,0,0.0,2,1,1,0,2,2,1,0,4.070277777777778
4,0,0.0,2,3,1,0,4,2,2,0,7.239722222222222
1,0,0.0,1,1,1,0,1,1,0,0,0.0
1,0,0.0,1,1,1,0,1,1,0,0,0.0
7,0,0.0,6,5,2,0,6,2,2,0,6.552222222222222
2,0,0.0,2,2,1,0,2,2,1,0,0.043055555555555555
4,0,0.0,3,3,1,0,4,3,1,1,0.6672222222222223
5,0,0.0,3,3,1,0,5,2,1,0,4.520277777777777
4,1,0.25,3,4,1,0,4,2,2,0,0.27694444444444444
1,0,0.0,1,1,1,0,1,1,1,0,0.0
7,0,0.0,3,3,2,0,6,2,2,0,5.960277777777778
5,0,0.0,2,3,1,0,5,2,2,0,4.2283333333333335
4,0,0.0,4,3,2,0,3,2,1,0,5.647222222222222
3,0,0.0,2,2,2,0,2,2,1,0,2.4616666666666664
2,0,0.0,1,1,1,0,2,1,0,0,0.5
3,0,0.0,2,2,2,0,2,3,1,0,0.13972222222222222
2,0,0.0,1,1,1,0,2,1,0,0,3.198888888888889
1,0,0.0,1,1,1,0,1,1,1,0,0.0
5,0,0.0,2,2,1,0,5,2,1,0,0.2011111111111111
3,0,0.0,2,2,2,0,2,1,0,0,1.388611111111111
2,0,0.0,1,1,1,0,2,1,2,0,1.5044444444444445
5,0,0.0,3,3,1,0,5,2,3,0,7.259722222222222
6,0,0.0,3,3,2,0,5,3,2,0,6.797777777777778
1,0,0.0,1,1,1,0,1,1,0,1,0.0
1,0,0.0,1,1,1,0,1,1,0,0,0.0
1,0,0.0,1,1,1,0,1,1,0,0,0.0
3,0,0.0,2,2,1,0,3,2,1,0,4.358611111111111
3,0,0.0,2,2,1,0,3,2,2,0,5.086944444444445
1,0,0.0,1,1,1,0,1,1,1,0,0.0
1,0,0.0,1,1,1,0,1,1,0,0,0.0
5,0,0.0,3,3,1,0,5,2,2,0,0.17083333333333334
4,0,0.0,2,3,1,0,4,2,2,0,0.04694444444444444
2,0,0.0,2,2,1,0,2,2,1,0,7.809166666666667
2,0,0.0,1,1,1,0,2,1,2,0,1.75
2,0,0.0,2,1,1,0,2,2,1,1,1.2969444444444445
1,0,0.0,1,1,1,0,1,1,0,0,0.0
6,0,0.0,3,3,1,0,6,2,4,0,5.893055555555556
5,0,0.0,1,2,2,0,4,2,2,0,5.013888888888889
6,0,0.0,4,2,2,0,3,2,2,0,7.117222222222222
2,0,0.0,2,1,2,0,1,2,1,0,0.415
5,0,0.0,2,2,2,0,4,2,2,0,4.437777777777778
4,0,0.0,3,3,1,0,4,1,0,0,1.5061111111111112
2,0,0.0,1,1,1,0,2,1,2,0,2.0030555555555556
5,0,0.0,4,2,2,0,2,2,1,0,0.09944444444444445
2,0,0.0,2,1,2,0,1,2,1,0,0.5863888888888888
4,0,0.0,4,2,1,0,4,2,3,0,0.4725
1,0,0.0,1,1,1,0,1,1,1,0,0.0
5,0,0.0,3,1,1,0,5,1,5,0,0.2325
23,0,0.0,2,3,1,0,23,2,10,0,8.425277777777778
1,0,0.0,1,1,1,0,1,1,1,0,0.0
1,0,0.0,1,1,1,0,1,1,0,0,0.0
1,0,0.0,1,1,1,0,1,1,0,0,0.0
5,0,0.0,4,3,2,0,3,2,1,0,6.650833333333333
1,0,0.0,1,1,1,0,0,1,0,0,0.0
6,0,0.0,3,3,2,0,5,3,1,0,7.435277777777777
2,0,0.0,2,2,2,0,1,1,0,0,4.079444444444444
2,0,0.0,2,1,1,0,2,1,2,0,0.4775
1,0,0.0,1,1,1,0,1,1,0,0,0.0
3,3,1.0,1,1,1,0,0,1,0,0,6.3133333333333335
3,0,0.0,2,2,1,0,3,1,0,0,7.760277777777778
3,0,0.0,2,2,1,0,3,2,0,2,6.808333333333334
1,0,0.0,1,1,1,0,1,1,0,0,0.0
3,0,0.0,2,2,1,0,3,1,0,0,1.7391666666666667
3,0,0.0,3,1,2,0,2,2,2,0,1.3075
6,0,0.0,4,3,2,0,5,2,2,0,5.993333333333333
3,0,0.0,2,2,1,0,3,1,0,0,5.38
1,0,0.0,1,1,1,0,0,1,0,0,0.0
3,0,0.0,2,2,1,0,3,2,2,0,5.5377777777777775
3,0,0.0,3,3,1,0,3,1,0,0,5.537222222222222
1,0,0.0,1,1,1,0,1,1,0,0,0.0
1,0,0.0,1,1,1,0,0,1,0,0,0.0
3,0,0.0,1,2,1,0,3,2,1,0,3.1486111111111112
6,0,0.0,3,3,1,0,6,3,2,2,6.9927777777777775
1,0,0.0,1,1,1,0,1,1,0,0,0.0
2,0,0.0,2,2,2,0,1,1,0,0,2.8958333333333335
5,0,0.0,3,3,2,0,4,2,2,0,5.477777777777778
4,0,0.0,3,3,1,0,4,2,2,0,0.2761111111111111
4,0,0.0,1,2,1,0,4,2,2,0,2.8361111111111112
2,0,0.0,2,2,1,0,2,2,1,0,2.8852777777777776
6,0,0.0,5,2,2,0,5,2,3,0,7.359444444444445
2,0,0.0,2,2,1,0,2,1,0,0,0.034722222222222224
1,0,0.0,1,1,1,0,1,1,0,0,0.0
3,0,0.0,3,2,2,0,2,2,1,0,2.575
4,0,0.0,2,2,1,0,4,1,0,0,4.6177777777777775
2,0,0.0,1,1,1,0,2,1,0,0,0.02361111111111111
4,0,0.0,1,1,1,0,4,1,0,0,3.4680555555555554
1,0,0.0,1,1,1,0,0,1,0,0,0.0
1,0,0.0,1,1,1,0,1,1,1,0,0.0
1,0,0.0,1,1,1,0,1,1,1,0,0.0
3,0,0.0,2,2,1,0,3,2,2,0,0.2561111111111111
3,0,0.0,2,3,1,0,3,2,1,0,7.829722222222222
1,0,0.0,1,1,1,0,1,1,0,0,0.0
3,0,0.0,3,2,1,0,3,2,1,0,1.2519444444444445
2,0,0.0,2,1,1,0,2,1,2,0,1.208611111111111
3,0,0.0,2,1,2,0,2,2,2,0,1.051111111111111
1,0,0.0,1,1,1,0,0,1,0,0,0.0
3,0,0.0,3,3,1,0,3,1,0,0,6.105833333333333
3,0,0.0,3,1,3,0,1,3,0,1,0.5361111111111111
6,0,0.0,4,3,1,0,6,3,1,2,6.509166666666666
1,0,0.0,1,1,1,0,1,1,0,0,0.0
2,0,0.0,2,2,2,0,1,1,0,0,0.0044444444444444444
3,0,0.0,2,2,1,0,3,3,1,1,3.903888888888889
5,0,0.0,2,2,1,0,5,2,3,0,4.355277777777777
1,0,0.0,1,1,1,0,1,1,1,0,0.0
1,0,0.0,1,1,1,0,1,1,1,0,0.0
2,0,0.0,1,1,1,0,2,1,2,0,0.03361111111111111
1,0,0.0,1,1,1,0,0,1,0,0,0.0
1,0,0.0,1,1,1,0,1,1,1,0,0.0
1,0,0.0,1,1,1,0,1,1,0,0,0.0
2,0,0.0,1,1,1,0,2,1,0,0,1.4997222222222222
3,0,0.0,2,2,1,0,3,2,1,0,2.2375
2,0,0.0,1,2,1,0,2,2,1,0,0.24666666666666667
1,0,0.0,1,1,1,0,1,1,0,0,0.0
1,0,0.0,1,1,1,0,1,1,1,0,0.0
3,0,0.0,2,1,1,0,3,1,3,0,1.8911111111111112
1,0,0.0,1,1,1,0,1,1,0,0,0.0
1,0,0.0,1,1,1,0,1,1,0,0,0.0
1,0,0.0,1,1,1,0,1,1,1,0,0.0
1,0,0.0,1,1,1,0,0,1,0,0,0.0
3,0,0.0,2,2,2,0,2,2,1,0,6.639722222222222
2,0,0.0,1,2,1,0,2,2,0,1,2.4780555555555557
1,0,0.0,1,1,1,0,1,1,1,0,0.0
5,0,0.0,3,2,2,0,4,2,3,0,6.7908333333333335
4,0,0.0,2,3,1,0,4,2,1,0,4.5225
2,0,0.0,2,1,1,0,2,1,2,0,0.0002777777777777778
3,0,0.0,1,2,1,0,3,2,2,0,3.2505555555555556
2,0,0.0,1,1,1,0,2,1,0,0,3.500277777777778
1,0,0.0,1,1,1,0,1,1,0,0,0.0
1,0,0.0,1,1,1,0,1,1,0,1,0.0
4,0,0.0,3,2,1,0,4,2,3,0,7.3175
2,0,0.0,2,1,2,0,1,2,1,0,3.2316666666666665
2,0,0.0,1,1,1,0,2,1,2,0,1.4977777777777779
2,0,0.0,1,1,1,0,2,1,0,0,2.75
1,0,0.0,1,1,1,0,1,1,1,0,0.0
2,0,0.0,2,2,2,0,1,1,0,0,0.013055555555555556
2,0,0.0,2,2,1,0,2,1,0,0,5.08
3,0,0.0,3,2,1,0,3,2,2,0,5.223055555555556
1,0,0.0,1,1,1,0,1,1,1,0,0.0
1,0,0.0,1,1,1,0,1,1,0,0,0.0
2,0,0.0,2,2,2,0,1,1,0,0,1.9405555555555556
2,0,0.0,1,2,2,0,1,1,0,0,5.254722222222222
3,0,0.0,2,3,1,0,3,2,1,0,3.3938888888888887
1,0,0.0,1,1,1,0,1,1,0,0,0.0
11,0,0.0,8,4,2,0,10,3,3,2,8.4025
6,0,0.0,4,3,2,0,5,3,2,0,5.171388888888889
2,0,0.0,1,1,1,0,2,1,2,0,1.7922222222222222
3,0,0.0,2,2,1,0,3,2,1,0,5.203333333333333
2,0,0.0,2,1,2,0,0,2,0,0,0.6822222222222222
2,0,0.0,1,1,1,0,2,1,0,0,1.8358333333333334
3,0,0.0,3,3,1,0,3,2,2,0,2.5083333333333333
2,0,0.0,1,2,1,0,2,2,1,0,0.0008333333333333334
2,0,0.0,2,2,2,0,1,1,0,0,5.554444444444444
7,0,0.0,5,3,2,0,4,2,2,0,0.22916666666666666
103,1,0.009708737864077669,19,10,3,0,76,4,36,1,8.435
1,0,0.0,1,1,1,0,1,1,1,0,0.0
2,0,0.0,2,1,2,0,1,2,1,0,1.0127777777777778
4,0,0.0,2,2,1,0,4,2,2,0,8.366666666666667
3,0,0.0,3,3,1,0,3,2,1,0,0.04111111111111111
1,0,0.0,1,1,1,0,1,1,0,0,0.0
5,0,0.0,3,3,1,0,5,2,3,0,6.5075
1,0,0.0,1,1,1,0,1,1,1,0,0.0
7,0,0.0,1,2,1,0,7,2,3,0,4.766111111111111
2,0,0.0,1,1,1,0,2,1,0,0,0.25972222222222224
7,0,0.0,4,4,1,0,7,2,3,0,4.401944444444444
2,0,0.0,2,1,2,0,1,2,1,0,4.190277777777778
5,0,0.0,3,2,2,0,4,2,1,0,4.943333333333333
3,0,0.0,2,2,1,0,3,2,2,0,6.711944444444445
3,0,0.0,2,2,2,0,2,2,1,0,4.791111111111111
1,0,0.0,1,1,1,0,1,1,0,0,0.0
2,0,0.0,2,2,1,0,2,2,0,1,2.381666666666667
2,0,0.0,1,1,1,0,2,1,0,0,3.8175
1,0,0.0,1,1,1,0,1,1,1,0,0.0
5,0,0.0,4,3,2,0,4,2,0,1,5.713055555555556
3,0,0.0,3,3,1,0,3,2,1,0,0.26666666666666666
2,0,0.0,1,2,1,0,2,2,1,0,3.7397222222222224
3,0,0.0,3,3,2,0,2,3,1,0,5.395555555555555
1,0,0.0,1,1,1,0,0,1,0,0,0.0
10,0,0.0,5,5,2,0,9,2,4,0,7.434444444444445
7,0,0.0,1,2,1,0,7,2,4,0,5.506388888888889
1,0,0.0,1,1,1,0,1,1,1,0,0.0
2,0,0.0,2,2,1,0,2,2,1,0,2.453611111111111
5,0,0.0,5,5,1,0,5,3,1,1,5.002222222222223
2,0,0.0,1,1,1,0,2,1,0,0,0.026111111111111113
3,0,0.0,1,2,1,0,3,2,2,0,3.4916666666666667
3,0,0.0,2,2,1,0,3,1,0,0,3.0969444444444445
5,0,0.0,3,2,2,0,3,2,2,0,7.610277777777778
3,0,0.0,3,2,2,0,2,2,1,0,3.2463888888888888
4,0,0.0,3,2,1,0,4,2,3,0,0.25305555555555553
28,0,0.0,5,4,2,0,27,3,1,11,8.123611111111112
6,0,0.0,3,3,1,0,6,2,1,0,2.9766666666666666
5,0,0.0,3,3,2,0,4,2,2,0,5.248055555555555
3,0,0.0,3,3,1,0,3,2,0,1,0.2
4,0,0.0,3,3,1,0,4,3,1,1,7.398055555555556
4,0,0.0,2,2,1,0,4,2,3,0,5.255
3,0,0.0,3,1,1,0,3,1,3,0,5.514166666666667
4,0,0.0,2,2,1,0,4,2,3,0,1.023611111111111
5,0,0.0,5,1,2,0,3,3,2,1,5.6097222222222225
3,0,0.0,2,2,1,0,3,3,1,1,6.9430555555555555
1,0,0.0,1,1,1,0,0,1,0,0,0.0
2,0,0.0,2,2,1,0,2,1,0,0,1.7416666666666667
5,0,0.0,4,4,2,0,4,3,1,0,8.323333333333334
2,0,0.0,1,1,1,0,2,1,0,0,4.763888888888889
4,0,0.0,4,2,3,0,2,3,1,0,0.18083333333333335
2,0,0.0,2,2,1,0,2,1,0,0,0.05694444444444444
1,0,0.0,1,1,1,0,1,1,1,0,0.0
1,0,0.0,1,1,1,0,1,1,1,0,0.0
1,0,0.0,1,1,1,0,1,1,1,0,0.0
2,0,0.0,2,2,1,0,2,1,0,0,0.21555555555555556
3,0,0.0,3,3,1,0,3,2,1,0,0.21611111111111111
1,0,0.0,1,1,1,0,1,1,0,0,0.0
6,0,0.0,4,3,2,0,5,3,2,1,6.393611111111111
3,0,0.0,2,2,1,0,3,2,2,0,1.5363888888888888
1,0,0.0,1,1,1,0,1,1,0,0,0.0
1,0,0.0,1,1,1,0,1,1,1,0,0.0
2,0,0.0,2,1,1,0,0,1,0,0,1.8991666666666667
1,0,0.0,1,1,1,0,0,1,0,0,0.0
4,0,0.0,4,1,2,0,1,2,1,0,1.0775
2,0,0.0,1,1,1,0,0,1,0,0,0.6861111111111111
1,0,0.0,1,1,1,0,0,1,0,0,0.0
1,0,0.0,1,1,1,0,0,1,0,0,0.0
1,0,0.0,1,1,1,0,0,1,0,0,0.0
1,0,0.0,1,1,1,0,0,1,0,0,0.0
1,0,0.0,1,1,1,0,0,1,0,0,0.0
1,0,0.0,1,1,1,0,0,1,0,0,0.0
1,0,0.0,1,1,1,0,0,1,0,0,0.0
1,0,0.0,1,1,1,0,0,1,0,0,0.0
1,0,0.0,1,1,1,0,0,1,0,0,0.0
2,0,0.0,1,1,1,0,0,1,0,0,2.0455555555555556
1,0,0.0,1,1,1,0,0,1,0,0,0.0
1,0,0.0,1,1,1,0,0,1,0,0,0.0
1,0,0.0,1,1,1,0,0,1,0,0,0.0
1,0,0.0,1,1,1,0,0,1,0,0,0.0
1,0,0.0,1,1,1,0,0,1,0,0,0.0
1,0,0.0,1,1,1,0,0,1,0,0,0.0
3,0,0.0,1,1,1,0,0,1,0,0,5.574722222222222
3,0,0.0,1,1,1,0,0,1,0,0,5.514722222222222
1,0,0.0,1,1,1,0,0,1,0,0,0.0
1,0,0.0,1,1,1,0,0,1,0,0,0.0
1,0,0.0,1,1,1,0,0,1,0,0,0.0
1,0,0.0,1,1,1,0,0,1,0,0,0.0
1,0,0.0,1,1,1,0,0,1,0,0,0.0
1,0,0.0,1,1,1,0,0,1,0,0,0.0
1,0,0.0,1,1,1,0,0,1,0,0,0.0
1,0,0.0,1,1,1,0,0,1,0,0,0.0
1,0,0.0,1,1,1,0,0,1,0,0,0.0
1,0,0.0,1,1,1,0,0,1,0,0,0.0
1,0,0.0,1,1,1,0,0,1,0,0,0.0
1,0,0.0,1,1,1,0,0,1,0,0,0.0
1,0,0.0,1,1,1,0,0,1,0,0,0.0
1,0,0.0,1,1,1,0,0,1,0,0,0.0
1,0,0.0,1,1,1,0,0,1,0,0,0.0
2,0,0.0,1,1,1,0,0,1,0,0,0.3075
1,0,0.0,1,1,1,0,0,1,0,0,0.0
1,0,0.0,1,1,1,0,0,1,0,0,0.0
1,0,0.0,1,1,1,0,0,1,0,0,0.0
2,0,0.0,1,1,1,0,0,1,0,0,0.10138888888888889
1,0,0.0,1,1,1,0,0,1,0,0,0.0
1,0,0.0,1,1,1,0,0,1,0,0,0.0
1,0,0.0,1,1,1,0,0,1,0,0,0.0
1,0,0.0,1,1,1,0,0,1,0,0,0.0
1,0,0.0,1,1,1,0,0,1,0,0,0.0
2,0,0.0,1,1,1,0,0,1,0,0,0.5208333333333334
1,0,0.0,1,1,1,0,0,1,0,0,0.0
1,0,0.0,1,1,1,0,0,1,0,0,0.0
2,0,0.0,1,1,1,0,0,1,0,0,1.5997222222222223
1,0,0.0,1,1,1,0,0,1,0,0,0.0
1,0,0.0,1,1,1,0,0,1,0,0,0.0
1,0,0.0,1,1,1,0,0,1,0,0,0.0
1,0,0.0,1,1,1,0,0,1,0,0,0.0
1,0,0.0,1,1,1,0,0,1,0,0,0.0
1,0,0.0,1,1,1,0,0,1,0,0,0.0
1,0,0.0,1,1,1,0,0,1,0,0,0.0
1,0,0.0,1,1,1,0,0,1,0,0,0.0
1,0,0.0,1,1,1,0,0,1,0,0,0.0
1,0,0.0,1,1,1,0,0,1,0,0,0.0
1,0,0.0,1,1,1,0,0,1,0,0,0.0
2,0,0.0,1,1,1,0,0,1,0,0,0.47305555555555556
1,0,0.0,1,1,1,0,0,1,0,0,0.0
2,0,0.0,1,1,1,0,0,1,0,0,6.319444444444445
1,0,0.0,1,1,1,0,0,1,0,0,0.0
2,0,0.0,1,1,1,0,0,1,0,0,1.7194444444444446
2,0,0.0,1,1,1,0,0,1,0,0,0.45472222222222225
1,0,0.0,1,1,1,0,0,1,0,0,0.0
1,0,0.0,1,1,1,0,0,1,0,0,0.0
1,0,0.0,1,1,1,0,0,1,0,0,0.0
1,0,0.0,1,1,1,0,0,1,0,0,0.0
1,0,0.0,1,1,1,0,0,1,0,0,0.0
1,0,0.0,1,1,1,0,0,1,0,0,0.0
1,0,0.0,1,1,1,0,0,1,0,0,0.0
1,0,0.0,1,1,1,0,0,1,0,0,0.0
1,0,0.0,1,1,1,0,0,1,0,0,0.0
1,0,0.0,1,1,1,0,0,1,0,0,0.0
1,0,0.0,1,1,1,0,0,1,0,0,0.0
1,0,0.0,1,1,1,0,0,1,0,0,0.0
1,0,0.0,1,1,1,0,0,1,0,0,0.0
1,0,0.0,1,1,1,0,0,1,0,0,0.0
2,0,0.0,1,1,1,0,0,1,0,0,2.44
5,0,0.0,1,1,1,0,0,1,0,0,7.201666666666667
2,0,0.0,1,1,1,0,0,1,0,0,5.959722222222222
1,0,0.0,1,1,1,0,0,1,0,0,0.0
1,0,0.0,1,1,1,0,0,1,0,0,0.0
1,0,0.0,1,1,1,0,0,1,0,0,0.0
1,0,0.0,1,1,1,0,0,1,0,0,0.0
1,0,0.0,1,1,1,0,0,1,0,0,0.0
1,0,0.0,1,1,1,0,0,1,0,0,0.0
1,0,0.0,1,1,1,0,0,1,0,0,0.0
1,0,0.0,1,1,1,0,0,1,0,0,0.0
1,0,0.0,1,1,1,0,0,1,0,0,0.0
1,0,0.0,1,1,1,0,0,1,0,0,0.0
1,0,0.0,1,1,1,0,0,1,0,0,0.0
1,0,0.0,1,1,1,0,0,1,0,0,0.0
1,0,0.0,1,1,1,0,0,1,0,0,0.0
1,0,0.0,1,1,1,0,0,1,0,0,0.0
1,0,0.0,1,1,1,0,0,1,0,0,0.0
1,0,0.0,1,1,1,0,0,1,0,0,0.0
1,0,0.0,1,1,1,0,0,1,0,0,0.0
1,0,0.0,1,1,1,0,0,1,0,0,0.0
1,0,0.0,1,1,1,0,0,1,0,0,0.0
1,0,0.0,1,1,1,0,0,1,0,0,0.0
1,0,0.0,1,1,1,0,0,1,0,0,0.0
1,0,0.0,1,1,1,0,0,1,0,0,0.0
1,0,0.0,1,1,1,0,0,1,0,0,0.0
1,0,0.0,1,1,1,0,0,1,0,0,0.0
1,0,0.0,1,1,1,0,0,1,0,0,0.0
1,0,0.0,1,1,1,0,0,1,0,0,0.0
1,0,0.0,1,1,1,0,0,1,0,0,0.0
1,0,0.0,1,1,1,0,0,1,0,0,0.0
1,0,0.0,1,1,1,0,0,1,0,0,0.0
1,0,0.0,1,1,1,0,0,1,0,0,0.0
1,0,0.0,1,1,1,0,0,1,0,0,0.0
1,0,0.0,1,1,1,0,0,1,0,0,0.0
1,0,0.0,1,1,1,0,0,1,0,0,0.0
1,0,0.0,1,1,1,0,0,1,0,0,0.0
3,0,0.0,1,1,1,0,0,1,0,0,1.0711111111111111
1,0,0.0,1,1,1,0,0,1,0,0,0.0
1,0,0.0,1,1,1,0,0,1,0,0,0.0
1,0,0.0,1,1,1,0,0,1,0,0,0.0
1,0,0.0,1,1,1,0,0,1,0,0,0.0
1,0,0.0,1,1,1,0,0,1,0,0,0.0
1,0,0.0,1,1,1,0,0,1,0,0,0.0
1,0,0.0,1,1,1,0,0,1,0,0,0.0
1,0,0.0,1,1,1,0,0,1,0,0,0.0
1,0,0.0,1,1,1,0,0,1,0,0,0.0
1,0,0.0,1,1,1,0,0,1,0,0,0.0
1,0,0.0,1,1,1,0,0,1,0,0,0.0
1,0,0.0,1,1,1,0,0,1,0,0,0.0
1,0,0.0,1,1,1,0,0,1,0,0,0.0
1,0,0.0,1,1,1,0,0,1,0,0,0.0
1,0,0.0,1,1,1,0,0,1,0,0,0.0
1,0,0.0,1,1,1,0,0,1,0,0,0.0
1,0,0.0,1,1,1,0,0,1,0,0,0.0
1,0,0.0,1,1,1,0,0,1,0,0,0.0
1,0,0.0,1,1,1,0,0,1,0,0,0.0
1,0,0.0,1,1,1,0,0,1,0,0,0.0
1,0,0.0,1,1,1,0,0,1,0,0,0.0
1,0,0.0,1,1,1,0,0,1,0,0,0.0
1,0,0.0,1,1,1,0,0,1,0,0,0.0
1,0,0.0,1,1,1,0,0,1,0,0,0.0
1,0,0.0,1,1,1,0,0,1,0,0,0.0
1,0,0.0,1,1,1,0,0,1,0,0,0.0
1,0,0.0,1,1,1,0,0,1,0,0,0.0
1,0,0.0,1,1,1,0,0,1,0,0,0.0
1,0,0.0,1,1,1,0,0,1,0,0,0.0
2,0,0.0,1,1,1,0,0,1,0,0,1.9783333333333333
2,0,0.0,1,1,1,0,0,1,0,0,1.6722222222222223
1,0,0.0,1,1,1,0,0,1,0,0,0.0
1,0,0.0,1,1,1,0,0,1,0,0,0.0
1,0,0.0,1,1,1,0,0,1,0,0,0.0
1,0,0.0,1,1,1,0,0,1,0,0,0.0
1,0,0.0,1,1,1,0,0,1,0,0,0.0
1,0,0.0,1,1,1,0,0,1,0,0,0.0
1,0,0.0,1,1,1,0,0,1,0,0,0.0
1,0,0.0,1,1,1,0,0,1,0,0,0.0
1,0,0.0,1,1,1,0,0,1,0,0,0.0
1,0,0.0,1,1,1,0,0,1,0,0,0.0
1,0,0.0,1,1,1,0,0,1,0,0,0.0
1,0,0.0,1,1,1,0,0,1,0,0,0.0
1,0,0.0,1,1,1,0,0,1,0,0,0.0
1,0,0.0,1,1,1,0,0,1,0,0,0.0
1,0,0.0,1,1,1,0,0,1,0,0,0.0
1,0,0.0,1,1,1,0,0,1,0,0,0.0
1,0,0.0,1,1,1,0,0,1,0,0,0.0
1,0,0.0,1,1,1,0,0,1,0,0,0.0
1,0,0.0,1,1,1,0,0,1,0,0,0.0
2,0,0.0,1,1,1,0,0,1,0,0,2.45
1,0,0.0,1,1,1,0,0,1,0,0,0.0
1,0,0.0,1,1,1,0,0,1,0,0,0.0
1,0,0.0,1,1,1,0,0,1,0,0,0.0
1,0,0.0,1,1,1,0,0,1,0,0,0.0
1,0,0.0,1,1,1,0,0,1,0,0,0.0
1,0,0.0,1,1,1,0,0,1,0,0,0.0
1,0,0.0,1,1,1,0,0,1,0,0,0.0
1,0,0.0,1,1,1,0,0,1,0,0,0.0
1,0,0.0,1,1,1,0,0,1,0,0,0.0
1,0,0.0,1,1,1,0,0,1,0,0,0.0
1,0,0.0,1,1,1,0,0,1,0,0,0.0
1,0,0.0,1,1,1,0,0,1,0,0,0.0
1,0,0.0,1,1,1,0,0,1,0,0,0.0
1,0,0.0,1,1,1,0,0,1,0,0,0.0
1,0,0.0,1,1,1,0,0,1,0,0,0.0
1,0,0.0,1,1,1,0,0,1,0,0,0.0
1,0,0.0,1,1,1,0,0,1,0,0,0.0
1,0,0.0,1,1,1,0,0,1,0,0,0.0
1,0,0.0,1,1,1,0,0,1,0,0,0.0
2,0,0.0,1,1,1,0,0,1,0,0,1.295
1,0,0.0,1,1,1,0,0,1,0,0,0.0
1,0,0.0,1,1,1,0,0,1,0,0,0.0
1,0,0.0,1,1,1,0,0,1,0,0,0.0
1,0,0.0,1,1,1,0,0,1,0,0,0.0
1,0,0.0,1,1,1,0,0,1,0,0,0.0
1,0,0.0,1,1,1,0,0,1,0,0,0.0
1,0,0.0,1,1,1,0,0,1,0,0,0.0
1,0,0.0,1,1,1,0,0,1,0,0,0.0
1,0,0.0,1,1,1,0,0,1,0,0,0.0
1,0,0.0,1,1,1,0,0,1,0,0,0.0
1,0,0.0,1,1,1,0,0,1,0,0,0.0
1,0,0.0,1,1,1,0,0,1,0,0,0.0
1,0,0.0,1,1,1,0,0,1,0,0,0.0
1,0,0.0,1,1,1,0,0,1,0,0,0.0
1,0,0.0,1,1,1,0,0,1,0,0,0.0
1,0,0.0,1,1,1,0,0,1,0,0,0.0
1,0,0.0,1,1,1,0,0,1,0,0,0.0
1,0,0.0,1,1,1,0,0,1,0,0,0.0
1,0,0.0,1,1,1,0,0,1,0,0,0.0
1,0,0.0,1,1,1,0,0,1,0,0,0.0
1,0,0.0,1,1,1,0,0,1,0,0,0.0
1,0,0.0,1,1,1,0,0,1,0,0,0.0
1,0,0.0,1,1,1,0,0,1,0,0,0.0
1,0,0.0,1,1,1,0,0,1,0,0,0.0
1,0,0.0,1,1,1,0,0,1,0,0,0.0
1,0,0.0,1,1,1,0,0,1,0,0,0.0
1,0,0.0,1,1,1,0,0,1,0,0,0.0
1,0,0.0,1,1,1,0,0,1,0,0,0.0
1,0,0.0,1,1,1,0,0,1,0,0,0.0
1,0,0.0,1,1,1,0,0,1,0,0,0.0
1,0,0.0,1,1,1,0,0,1,0,0,0.0
2,0,0.0,1,1,1,0,0,1,0,0,2.25
1,0,0.0,1,1,1,0,0,1,0,0,0.0
1,0,0.0,1,1,1,0,0,1,0,0,0.0
1,0,0.0,1,1,1,0,0,1,0,0,0.0
1,0,0.0,1,1,1,0,0,1,0,0,0.0
1,0,0.0,1,1,1,0,0,1,0,0,0.0
1,0,0.0,1,1,1,0,0,1,0,0,0.0
1,0,0.0,1,1,1,0,0,1,0,0,0.0
2,0,0.0,1,1,1,0,0,1,0,0,1.633888888888889
1,0,0.0,1,1,1,0,0,1,0,0,0.0
1,0,0.0,1,1,1,0,0,1,0,0,0.0
1,0,0.0,1,1,1,0,1,1,0,0,0.0
1,0,0.0,1,1,1,0,0,1,0,0,0.0
1,0,0.0,1,1,1,0,0,1,0,0,0.0
1,0,0.0,1,1,1,0,0,1,0,0,0.0
1,0,0.0,1,1,1,0,0,1,0,0,0.0
1,0,0.0,1,1,1,0,0,1,0,0,0.0
8,0,0.0,1,1,1,0,0,1,0,0,7.464166666666666
1,0,0.0,1,1,1,0,0,1,0,0,0.0
1,0,0.0,1,1,1,0,0,1,0,0,0.0
1,0,0.0,1,1,1,0,0,1,0,0,0.0
1,0,0.0,1,1,1,0,0,1,0,0,0.0
1,0,0.0,1,1,1,0,0,1,0,0,0.0
1,0,0.0,1,1,1,0,0,1,0,0,0.0
1,0,0.0,1,1,1,0,0,1,0,0,0.0
1,0,0.0,1,1,1,0,0,1,0,0,0.0
1,0,0.0,1,1,1,0,0,1,0,0,0.0
1,0,0.0,1,1,1,0,0,1,0,0,0.0
1,0,0.0,1,1,1,0,0,1,0,0,0.0
1,0,0.0,1,1,1,0,0,1,0,0,0.0
1,0,0.0,1,1,1,0,0,1,0,0,0.0
1,0,0.0,1,1,1,0,0,1,0,0,0.0
1,0,0.0,1,1,1,0,0,1,0,0,0.0
1,0,0.0,1,1,1,0,0,1,0,0,0.0
1,0,0.0,1,1,1,0,0,1,0,0,0.0
1,0,0.0,1,1,1,0,0,1,0,0,0.0
1,0,0.0,1,1,1,0,0,1,0,0,0.0
2,0,0.0,1,1,1,0,0,1,0,0,7.806666666666667
1,0,0.0,1,1,1,0,0,1,0,0,0.0
1,0,0.0,1,1,1,0,0,1,0,0,0.0
1,0,0.0,1,1,1,0,0,1,0,0,0.0
1,0,0.0,1,1,1,0,0,1,0,0,0.0
1,0,0.0,1,1,1,0,0,1,0,0,0.0
1,0,0.0,1,1,1,0,0,1,0,0,0.0
1,0,0.0,1,1,1,0,0,1,0,0,0.0
2,0,0.0,1,1,1,0,0,1,0,0,1.2661111111111112
1,0,0.0,1,1,1,0,0,1,0,0,0.0
1,0,0.0,1,1,1,0,0,1,0,0,0.0
1,0,0.0,1,1,1,0,0,1,0,0,0.0
1,0,0.0,1,1,1,0,0,1,0,0,0.0
2,0,0.0,1,1,1,0,0,1,0,0,0.25027777777777777
2,0,0.0,1,1,1,0,0,1,0,0,1.7513888888888889
2,0,0.0,1,1,1,0,0,1,0,0,0.25166666666666665
1,0,0.0,1,1,1,0,0,1,0,0,0.0
1,0,0.0,1,1,1,0,0,1,0,0,0.0
1,0,0.0,1,1,1,0,0,1,0,0,0.0
2,0,0.0,1,1,1,0,0,1,0,0,2.6591666666666667
1,0,0.0,1,1,1,0,0,1,0,0,0.0
1,0,0.0,1,1,1,0,0,1,0,0,0.0
1,0,0.0,1,1,1,0,0,1,0,0,0.0
1,0,0.0,1,1,1,0,0,1,0,0,0.0
1,0,0.0,1,1,1,0,0,1,0,0,0.0
1,0,0.0,1,1,1,0,0,1,0,0,0.0
1,0,0.0,1,1,1,0,0,1,0,0,0.0
1,0,0.0,1,1,1,0,0,1,0,0,0.0
1,0,0.0,1,1,1,0,0,1,0,0,0.0
2,0,0.0,1,1,1,0,0,1,0,0,1.5008333333333332
1,0,0.0,1,1,1,0,0,1,0,0,0.0
1,0,0.0,1,1,1,0,0,1,0,0,0.0
2,0,0.0,1,1,1,0,0,1,0,0,2.3219444444444446
1,0,0.0,1,1,1,0,0,1,0,0,0.0
1,0,0.0,1,1,1,0,0,1,0,0,0.0
2,0,0.0,1,1,1,0,0,1,0,0,1.0
1,0,0.0,1,1,1,0,0,1,0,0,0.0
1,0,0.0,1,1,1,0,0,1,0,0,0.0
1,0,0.0,1,1,1,0,0,1,0,0,0.0
1,0,0.0,1,1,1,0,0,1,0,0,0.0
1,0,0.0,1,1,1,0,0,1,0,0,0.0
1,0,0.0,1,1,1,0,0,1,0,0,0.0
1,1,1.0,1,1,1,0,0,1,0,0,0.0
1,0,0.0,1,1,1,0,0,1,0,0,0.0
1,0,0.0,1,1,1,0,0,1,0,0,0.0
1,0,0.0,1,1,1,0,0,1,0,0,0.0
1,0,0.0,1,1,1,0,0,1,0,0,0.0
1,0,0.0,1,1,1,0,0,1,0,0,0.0
2,0,0.0,1,1,1,0,0,1,0,0,1.5005555555555556
1,0,0.0,1,1,1,0,0,1,0,0,0.0
1,0,0.0,1,1,1,0,0,1,0,0,0.0
1,0,0.0,1,1,1,0,0,1,0,0,0.0
1,0,0.0,1,1,1,0,0,1,0,0,0.0
1,0,0.0,1,1,1,0,0,1,0,0,0.0
1,0,0.0,1,1,1,0,0,1,0,0,0.0
1,0,0.0,1,1,1,0,0,1,0,0,0.0
1,0,0.0,1,1,1,0,0,1,0,0,0.0
1,0,0.0,1,1,1,0,0,1,0,0,0.0
1,0,0.0,1,1,1,0,0,1,0,0,0.0
1,0,0.0,1,1,1,0,0,1,0,0,0.0
2,0,0.0,1,1,1,0,0,1,0,0,2.7597222222222224
1,0,0.0,1,1,1,0,0,1,0,0,0.0
1,0,0.0,1,1,1,0,0,1,0,0,0.0
2,0,0.0,1,1,1,0,0,1,0,0,4.501944444444445
1,0,0.0,1,1,1,0,0,1,0,0,0.0
1,0,0.0,1,1,1,0,0,1,0,0,0.0
2,0,0.0,1,1,1,0,0,1,0,0,2.5011111111111113
1,0,0.0,1,1,1,0,0,1,0,0,0.0
1,0,0.0,1,1,1,0,0,1,0,0,0.0
3,0,0.0,1,1,1,0,0,1,0,0,1.4455555555555555
1,0,0.0,1,1,1,0,0,1,0,0,0.0
1,0,0.0,1,1,1,0,0,1,0,0,0.0
1,0,0.0,1,1,1,0,0,1,0,0,0.0
1,0,0.0,1,1,1,0,0,1,0,0,0.0
1,0,0.0,1,1,1,0,0,1,0,0,0.0
1,0,0.0,1,1,1,0,0,1,0,0,0.0
1,0,0.0,1,1,1,0,0,1,0,0,0.0
1,0,0.0,1,1,1,0,0,1,0,0,0.0
1,0,0.0,1,1,1,0,0,1,0,0,0.0
1,0,0.0,1,1,1,0,0,1,0,0,0.0
1,0,0.0,1,1,1,0,0,1,0,0,0.0
1,0,0.0,1,1,1,0,0,1,0,0,0.0
2,0,0.0,1,1,1,0,0,1,0,0,1.5905555555555555
1,0,0.0,1,1,1,0,0,1,0,0,0.0
1,0,0.0,1,1,1,0,0,1,0,0,0.0
1,0,0.0,1,1,1,0,0,1,0,0,0.0
1,0,0.0,1,1,1,0,0,1,0,0,0.0
1,0,0.0,1,1,1,0,0,1,0,0,0.0
1,0,0.0,1,1,1,0,0,1,0,0,0.0
1,0,0.0,1,1,1,0,0,1,0,0,0.0
1,0,0.0,1,1,1,0,0,1,0,0,0.0
1,0,0.0,1,1,1,0,0,1,0,0,0.0
1,0,0.0,1,1,1,0,0,1,0,0,0.0
1,0,0.0,1,1,1,0,0,1,0,0,0.0
1,0,0.0,1,1,1,0,0,1,0,0,0.0
1,0,0.0,1,1,1,0,0,1,0,0,0.0
1,0,0.0,1,1,1,0,0,1,0,0,0.0
1,0,0.0,1,1,1,0,0,1,0,0,0.0
2,0,0.0,1,1,1,0,0,1,0,0,4.501944444444445
1,0,0.0,1,1,1,0,0,1,0,0,0.0
1,0,0.0,1,1,1,0,0,1,0,0,0.0
1,0,0.0,1,1,1,0,0,1,0,0,0.0
1,0,0.0,1,1,1,0,0,1,0,0,0.0
1,0,0.0,1,1,1,0,0,1,0,0,0.0
1,0,0.0,1,1,1,0,0,1,0,0,0.0
1,0,0.0,1,1,1,0,0,1,0,0,0.0
1,0,0.0,1,1,1,0,0,1,0,0,0.0
1,0,0.0,1,1,1,0,0,1,0,0,0.0
1,0,0.0,1,1,1,0,0,1,0,0,0.0
1,0,0.0,1,1,1,0,0,1,0,0,0.0
1,0,0.0,1,1,1,0,0,1,0,0,0.0
1,0,0.0,1,1,1,0,0,1,0,0,0.0
1,0,0.0,1,1,1,0,0,1,0,0,0.0
1,0,0.0,1,1,1,0,0,1,0,0,0.0
1,0,0.0,1,1,1,0,0,1,0,0,0.0
1,0,0.0,1,1,1,0,0,1,0,0,0.0
1,0,0.0,1,1,1,0,0,1,0,0,0.0
1,0,0.0,1,1,1,0,0,1,0,0,0.0
1,0,0.0,1,1,1,0,0,1,0,0,0.0
1,0,0.0,1,1,1,0,0,1,0,0,0.0
1,0,0.0,1,1,1,0,0,1,0,0,0.0
1,0,0.0,1,1,1,0,0,1,0,0,0.0
1,0,0.0,1,1,1,0,0,1,0,0,0.0
1,0,0.0,1,1,1,0,0,1,0,0,0.0
2,0,0.0,1,1,1,0,0,1,0,0,2.125277777777778
1,0,0.0,1,1,1,0,0,1,0,0,0.0
1,0,0.0,1,1,1,0,0,1,0,0,0.0
1,0,0.0,1,1,1,0,0,1,0,0,0.0
3,0,0.0,1,1,1,0,0,1,0,0,0.18583333333333332
1,0,0.0,1,1,1,0,0,1,0,0,0.0
1,0,0.0,1,1,1,0,0,1,0,0,0.0
1,0,0.0,1,1,1,0,0,1,0,0,0.0
1,0,0.0,1,1,1,0,0,1,0,0,0.0
2,0,0.0,1,1,1,0,0,1,0,0,2.502222222222222
1,0,0.0,1,1,1,0,0,1,0,0,0.0
1,0,0.0,1,1,1,0,0,1,0,0,0.0
2,0,0.0,1,1,1,0,0,1,0,0,4.001666666666667
1,0,0.0,1,1,1,0,0,1,0,0,0.0
1,0,0.0,1,1,1,0,0,1,0,0,0.0
1,0,0.0,1,1,1,0,0,1,0,0,0.0
1,0,0.0,1,1,1,0,0,1,0,0,0.0
1,0,0.0,1,1,1,0,0,1,0,0,0.0
1,0,0.0,1,1,1,0,0,1,0,0,0.0
1,0,0.0,1,1,1,0,0,1,0,0,0.0
2,0,0.0,1,1,1,0,0,1,0,0,4.9575
1,0,0.0,1,1,1,0,0,1,0,0,0.0
1,0,0.0,1,1,1,0,0,1,0,0,0.0
1,0,0.0,1,1,1,0,0,1,0,0,0.0
1,0,0.0,1,1,1,0,0,1,0,0,0.0
1,0,0.0,1,1,1,0,0,1,0,0,0.0
1,0,0.0,1,1,1,0,0,1,0,0,0.0
1,0,0.0,1,1,1,0,0,1,0,0,0.0
1,0,0.0,1,1,1,0,0,1,0,0,0.0
2,0,0.0,1,1,1,0,0,1,0,0,2.1577777777777776
1,0,0.0,1,1,1,0,0,1,0,0,0.0
1,0,0.0,1,1,1,0,0,1,0,0,0.0
1,0,0.0,1,1,1,0,0,1,0,0,0.0
1,0,0.0,1,1,1,0,0,1,0,0,0.0
1,0,0.0,1,1,1,0,0,1,0,0,0.0
1,0,0.0,1,1,1,0,0,1,0,0,0.0
1,0,0.0,1,1,1,0,0,1,0,0,0.0
2,0,0.0,1,1,1,0,0,1,0,0,2.9694444444444446
1,0,0.0,1,1,1,0,0,1,0,0,0.0
1,0,0.0,1,1,1,0,0,1,0,0,0.0
1,0,0.0,1,1,1,0,0,1,0,0,0.0
1,0,0.0,1,1,1,0,0,1,0,0,0.0
1,0,0.0,1,1,1,0,0,1,0,0,0.0
1,0,0.0,1,1,1,0,0,1,0,0,0.0
1,0,0.0,1,1,1,0,0,1,0,0,0.0
1,0,0.0,1,1,1,0,0,1,0,0,0.0
1,0,0.0,1,1,1,0,0,1,0,0,0.0
1,0,0.0,1,1,1,0,0,1,0,0,0.0
1,0,0.0,1,1,1,0,0,1,0,0,0.0
1,0,0.0,1,1,1,0,0,1,0,0,0.0
1,0,0.0,1,1,1,0,0,1,0,0,0.0
1,0,0.0,1,1,1,0,0,1,0,0,0.0
2,0,0.0,1,1,1,0,0,1,0,0,0.028888888888888888
1,0,0.0,1,1,1,0,0,1,0,0,0.0
1,0,0.0,1,1,1,0,0,1,0,0,0.0
1,0,0.0,1,1,1,0,0,1,0,0,0.0
1,0,0.0,1,1,1,0,0,1,0,0,0.0
1,0,0.0,1,1,1,0,0,1,0,0,0.0
1,0,0.0,1,1,1,0,0,1,0,0,0.0
1,0,0.0,1,1,1,0,0,1,0,0,0.0
1,0,0.0,1,1,1,0,0,1,0,0,0.0
1,0,0.0,1,1,1,0,0,1,0,0,0.0
1,0,0.0,1,1,1,0,0,1,0,0,0.0
1,0,0.0,1,1,1,0,0,1,0,0,0.0
1,0,0.0,1,1,1,0,0,1,0,0,0.0
1,0,0.0,1,1,1,0,0,1,0,0,0.0
1,0,0.0,1,1,1,0,0,1,0,0,0.0
1,0,0.0,1,1,1,0,0,1,0,0,0.0
1,0,0.0,1,1,1,0,0,1,0,0,0.0
1,0,0.0,1,1,1,0,0,1,0,0,0.0
1,0,0.0,1,1,1,0,0,1,0,0,0.0
1,0,0.0,1,1,1,0,0,1,0,0,0.0
2,0,0.0,1,1,2,0,0,2,0,0,0.030555555555555555
1,0,0.0,1,1,1,0,0,1,0,0,0.0
1,0,0.0,1,1,1,0,0,1,0,0,0.0
1,0,0.0,1,1,1,0,0,1,0,0,0.0
1,0,0.0,1,1,1,0,0,1,0,0,0.0
2,0,0.0,1,1,2,0,0,1,0,0,0.0
1,0,0.0,1,1,1,0,0,1,0,0,0.0
1,1,1.0,1,1,1,0,0,1,0,0,0.0
1,0,0.0,1,1,1,0,0,1,0,0,0.0
1,0,0.0,1,1,1,0,0,1,0,0,0.0
1,0,0.0,1,1,1,0,0,1,0,0,0.0
1,0,0.0,1,1,1,0,0,1,0,0,0.0
1,0,0.0,1,1,1,0,0,1,0,0,0.0
4,0,0.0,1,1,1,0,0,1,0,0,5.983611111111111
1,0,0.0,1,1,1,0,0,1,0,0,0.0
1,0,0.0,1,1,1,0,0,1,0,0,0.0
1,0,0.0,1,1,1,0,0,1,0,0,0.0
1,0,0.0,1,1,1,0,0,1,0,0,0.0
1,0,0.0,1,1,1,0,0,1,0,0,0.0
1,0,0.0,1,1,1,0,0,1,0,0,0.0
1,0,0.0,1,1,1,0,0,1,0,0,0.0
1,0,0.0,1,1,1,0,0,1,0,0,0.0
1,0,0.0,1,1,1,0,1,1,0,0,0.0
1,0,0.0,1,1,1,0,0,1,0,0,0.0
1,0,0.0,1,1,1,0,0,1,0,0,0.0
2,0,0.0,2,2,2,0,1,1,0,0,2.0505555555555555
1,0,0.0,1,1,1,0,0,1,0,0,0.0
2,0,0.0,2,2,1,0,2,2,1,0,0.009444444444444445
3,0,0.0,2,1,1,0,3,1,3,0,7.2025
1,0,0.0,1,1,1,0,0,1,0,0,0.0
3,0,0.0,2,3,1,0,3,2,1,0,7.001666666666667
1,0,0.0,1,1,1,0,1,1,0,0,0.0
1,0,0.0,1,1,1,0,1,1,1,0,0.0
2,0,0.0,2,2,1,0,2,2,1,0,3.629166666666667
2,0,0.0,2,1,2,0,1,2,1,0,5.211666666666667
2,0,0.0,2,2,1,0,0,1,0,0,1.021388888888889
1,0,0.0,1,1,1,0,1,1,0,0,0.0
1,0,0.0,1,1,1,0,0,1,0,0,0.0
2,0,0.0,2,2,2,0,1,1,0,0,0.13333333333333333
1,0,0.0,1,1,1,0,1,1,0,0,0.0
1,0,0.0,1,1,1,0,1,1,1,0,0.0
1,0,0.0,1,1,1,0,1,1,0,0,0.0
1,0,0.0,1,1,1,0,1,1,0,0,0.0
121,0,0.0,1,1,1,0,121,2,66,0,8.654444444444444
3,0,0.0,2,2,1,0,3,2,2,0,1.5508333333333333
2,0,0.0,2,2,2,0,1,1,0,0,1.8972222222222221
1,0,0.0,1,1,1,0,1,1,1,0,0.0
1,0,0.0,1,1,1,0,0,1,0,0,0.0
1,0,0.0,1,1,1,0,0,1,0,0,0.0
2,0,0.0,2,1,1,0,2,1,2,0,0.0033333333333333335
1,0,0.0,1,1,1,0,1,1,1,0,0.0
2,0,0.0,2,2,2,0,1,1,0,0,0.005277777777777778
1,0,0.0,1,1,1,0,0,1,0,0,0.0
5,0,0.0,3,3,2,0,4,2,2,0,5.120555555555556
2,0,0.0,2,2,2,0,1,1,0,0,3.886111111111111
2,0,0.0,2,2,2,0,1,1,0,0,0.8602777777777778
1,0,0.0,1,1,1,0,1,1,0,0,0.0
3,0,0.0,3,3,2,0,2,1,0,0,3.381388888888889
3,0,0.0,2,2,1,0,3,2,2,0,4.708055555555555
1,0,0.0,1,1,1,0,1,1,1,0,0.0
3,0,0.0,3,2,2,0,1,1,0,0,0.5252777777777777
1,0,0.0,1,1,1,0,0,1,0,0,0.0
3,0,0.0,2,2,1,0,3,2,1,0,5.079444444444444
1,0,0.0,1,1,1,0,0,1,0,0,0.0
2,0,0.0,2,2,1,0,2,2,1,0,2.0669444444444443
2,0,0.0,2,2,1,0,2,2,1,0,0.2
1,0,0.0,1,1,1,0,1,1,0,0,0.0
7,0,0.0,5,4,2,0,4,2,1,0,0.6002777777777778
5,0,0.0,4,3,1,0,0,1,0,0,7.6691666666666665
1,0,0.0,1,1,1,0,0,1,0,0,0.0
1,0,0.0,1,1,1,0,1,1,0,0,0.0
2,0,0.0,2,2,2,0,1,1,0,0,0.2986111111111111
1,0,0.0,1,1,1,0,1,1,1,0,0.0
1,0,0.0,1,1,1,0,0,1,0,0,0.0
1,0,0.0,1,1,1,0,1,1,1,0,0.0
1,0,0.0,1,1,1,0,0,1,0,0,0.0
4,0,0.0,2,2,1,0,4,2,3,0,2.901111111111111
1,0,0.0,1,1,1,0,1,1,0,0,0.0
1,0,0.0,1,1,1,0,0,1,0,0,0.0
2,0,0.0,2,2,1,0,2,2,1,0,0.8494444444444444
2,0,0.0,1,1,1,0,2,1,0,0,3.611111111111111
1,0,0.0,1,1,1,0,0,1,0,0,0.0
1,0,0.0,1,1,1,0,0,1,0,0,0.0
61,0,0.0,17,16,3,0,39,3,17,0,23.223333333333333
86,0,0.0,22,18,4,1,53,4,26,1,23.205833333333334
53,0,0.0,12,10,3,0,32,4,7,4,21.566666666666666
4,0,0.0,2,3,1,0,4,2,1,0,7.369722222222222
3,0,0.0,3,2,2,0,1,1,0,0,3.0341666666666667
2,0,0.0,2,2,1,0,2,2,1,0,4.115833333333334
4,0,0.0,4,4,1,0,0,1,0,0,7.517222222222222
1,0,0.0,1,1,1,0,1,1,0,0,0.0
1,0,0.0,1,1,1,0,1,1,1,0,0.0
3,0,0.0,2,2,1,0,3,2,2,0,0.5994444444444444
2,0,0.0,2,2,2,0,1,1,0,0,0.3647222222222222
23,0,0.0,4,3,2,0,21,2,13,0,8.353055555555555
1,0,0.0,1,1,1,0,1,1,0,0,0.0
1,0,0.0,1,1,1,0,1,1,1,0,0.0
2,0,0.0,2,2,1,0,2,2,1,0,1.503611111111111
2,0,0.0,1,1,1,0,2,1,0,0,1.9466666666666668
1,0,0.0,1,1,1,0,0,1,0,0,0.0
1,0,0.0,1,1,1,0,1,1,1,0,0.0
2,0,0.0,2,2,1,0,2,2,1,0,3.9816666666666665
2,0,0.0,2,2,1,0,2,1,0,0,3.5797222222222222
2,0,0.0,2,2,2,0,1,1,0,0,1.5191666666666668
3,0,0.0,1,2,1,0,3,2,2,0,8.377222222222223
2,0,0.0,2,2,2,0,1,1,0,0,7.497777777777777
2,0,0.0,2,1,1,0,2,1,2,0,0.0002777777777777778
1,0,0.0,1,1,1,0,1,1,0,0,0.0
3,0,0.0,2,2,1,0,3,2,2,0,3.519722222222222
6,0,0.0,6,5,1,0,0,1,0,0,7.704166666666667
4,0,0.0,4,3,2,0,3,2,1,0,4.720833333333333
5,0,0.0,5,4,2,0,1,2,1,0,7.551388888888889
3,0,0.0,2,2,1,0,3,2,2,0,4.914444444444444
2,0,0.0,2,2,1,0,0,1,0,0,1.1552777777777778
2,0,0.0,2,2,2,0,1,1,0,0,0.745
1,0,0.0,1,1,1,0,1,1,1,0,0.0
1,0,0.0,1,1,1,0,0,1,0,0,0.0
1,0,0.0,1,1,1,0,1,1,1,0,0.0
2,0,0.0,2,2,1,0,2,1,0,0,0.0022222222222222222
1,0,0.0,1,1,1,0,1,1,0,0,0.0
3,0,0.0,3,2,1,0,0,1,0,0,0.1661111111111111
1,0,0.0,1,1,1,0,0,1,0,0,0.0
3,0,0.0,3,2,1,0,0,1,0,0,4.658333333333333
2,0,0.0,2,2,1,0,0,1,0,0,1.8491666666666666
3,0,0.0,2,3,2,0,2,2,1,0,2.7605555555555554
3,0,0.0,1,1,1,0,3,1,3,0,1.7708333333333333
1,1,1.0,1,1,1,0,0,1,0,0,0.0
5,0,0.0,5,4,2,0,4,2,2,0,1.9947222222222223
9,0,0.0,4,2,2,0,7,2,6,0,8.2625
2,0,0.0,2,2,1,0,2,2,1,0,0.34805555555555556
2,0,0.0,2,2,1,0,2,2,1,0,0.0
1,0,0.0,1,1,1,0,0,1,0,0,0.0
5,0,0.0,3,2,2,0,3,2,2,0,8.2825
1,0,0.0,1,1,1,0,1,1,1,0,0.0
3,0,0.0,3,3,2,0,2,1,0,0,4.6722222222222225
2,0,0.0,2,1,1,0,0,1,0,0,0.01138888888888889
2,0,0.0,2,2,1,0,2,1,0,0,1.9
1,0,0.0,1,1,1,0,1,1,0,0,0.0
4,0,0.0,4,4,1,0,0,1,0,0,4.677777777777778
1,0,0.0,1,1,1,0,1,1,0,0,0.0
1,0,0.0,1,1,1,0,0,1,0,0,0.0
1,0,0.0,1,1,1,0,1,1,0,0,0.0
2,0,0.0,2,1,1,0,2,1,2,0,1.9002777777777777
2,0,0.0,2,1,1,0,2,1,2,0,0.005277777777777778
2,0,0.0,2,1,2,0,1,2,1,0,1.1852777777777779
1,0,0.0,1,1,1,0,0,1,0,0,0.0
1,0,0.0,1,1,1,0,0,1,0,0,0.0
1,0,0.0,1,1,1,0,1,1,0,0,0.0
3,0,0.0,2,2,1,0,3,1,0,0,3.7911111111111113
1,0,0.0,1,1,1,0,0,1,0,0,0.0
1,0,0.0,1,1,1,0,0,1,0,0,0.0
3,0,0.0,3,2,2,0,2,2,1,0,7.2475
1,0,0.0,1,1,1,0,1,1,0,0,0.0
3,0,0.0,3,3,2,0,2,1,0,0,0.9983333333333333
1,0,0.0,1,1,1,0,0,1,0,0,0.0
8,0,0.0,5,3,2,0,5,2,3,0,1.8358333333333334
2,0,0.0,2,2,1,0,2,2,1,0,0.058888888888888886
2,0,0.0,2,2,1,0,0,1,0,0,0.33305555555555555
2,0,0.0,1,2,1,0,2,2,1,0,1.9713888888888889
30,0,0.0,2,3,1,0,30,2,11,0,8.446666666666667
2,0,0.0,2,2,1,0,2,2,1,0,1.6202777777777777
1,1,1.0,1,1,1,0,0,1,0,0,0.0
13,0,0.0,3,4,1,0,13,2,6,0,1.908611111111111
1,0,0.0,1,1,1,0,1,1,0,0,0.0
1,0,0.0,1,1,1,0,1,1,0,0,0.0
2,0,0.0,2,1,2,0,1,2,1,0,6.735
1,0,0.0,1,1,1,0,1,1,0,0,0.0
29,0,0.0,2,2,1,0,29,2,16,0,8.359166666666667
2,0,0.0,2,2,1,0,2,1,0,0,0.17166666666666666
1,0,0.0,1,1,1,0,0,1,0,0,0.0
3,0,0.0,3,3,1,0,3,2,2,0,1.6594444444444445
3,0,0.0,3,3,2,0,2,1,0,0,8.261388888888888
1,0,0.0,1,1,1,0,1,1,0,0,0.0
21,0,0.0,4,4,1,0,21,2,9,0,8.024722222222222
1,0,0.0,1,1,1,0,0,1,0,0,0.0
1,0,0.0,1,1,1,0,1,1,0,0,0.0
3,0,0.0,2,1,2,0,2,2,2,0,2.015
19,0,0.0,10,10,2,0,14,2,8,0,7.9975
5,0,0.0,4,4,1,0,0,1,0,0,8.004166666666666
7,0,0.0,4,3,2,0,6,2,4,0,2.492777777777778
8,0,0.0,5,5,2,0,5,2,4,0,6.115555555555556
1,0,0.0,1,1,1,0,0,1,0,0,0.0
2,0,0.0,2,2,2,0,1,1,0,0,0.021944444444444444
56,0,0.0,4,4,3,7,0,2,0,0,8.445
39,0,0.0,1,1,1,0,39,2,22,0,8.374444444444444
1,0,0.0,1,1,1,0,0,1,0,0,0.0
5,0,0.0,2,2,1,0,5,2,3,0,5.2125
6,0,0.0,6,5,1,0,0,1,0,0,6.835
1,0,0.0,1,1,1,0,1,1,1,0,0.0
2,0,0.0,2,2,1,0,2,2,1,0,6.848611111111111
61,0,0.0,14,9,3,0,38,2,19,0,22.339444444444446
79,0,0.0,19,11,3,0,48,2,24,0,22.641666666666666
60,0,0.0,15,11,3,0,31,2,8,0,23.006666666666668
2,0,0.0,2,2,1,0,2,1,0,0,0.5311111111111111
1,0,0.0,1,1,1,0,1,1,1,0,0.0
3,0,0.0,2,2,1,0,3,2,2,0,3.327777777777778
2,0,0.0,2,2,1,0,2,2,1,0,4.9447222222222225
1,0,0.0,1,1,1,0,0,1,0,0,0.0
2,0,0.0,2,2,2,0,1,1,0,0,0.0175
1,0,0.0,1,1,1,0,0,1,0,0,0.0
1,0,0.0,1,1,1,0,1,1,1,0,0.0
8,0,0.0,5,4,2,0,7,2,4,0,7.599166666666667
1,1,1.0,1,1,1,0,0,1,0,0,0.0
1,0,0.0,1,1,1,0,1,1,1,0,0.0
4,0,0.0,3,3,1,0,0,1,0,0,7.530833333333334
1,0,0.0,1,1,1,0,1,1,0,0,0.0
15,0,0.0,2,3,1,0,15,2,8,0,7.953888888888889
4,0,0.0,3,3,2,0,3,2,1,0,6.921111111111111
2,0,0.0,2,2,2,0,1,1,0,0,2.786111111111111
1,0,0.0,1,1,1,0,0,1,0,0,0.0
1,0,0.0,1,1,1,0,1,1,1,0,0.0
7,0,0.0,6,3,2,0,2,2,1,0,8.349166666666667
1,0,0.0,1,1,1,0,1,1,1,0,0.0
2,0,0.0,2,2,1,0,0,1,0,0,7.833055555555555
1,0,0.0,1,1,1,0,1,1,0,0,0.0
1,0,0.0,1,1,1,0,0,1,0,0,0.0
1,0,0.0,1,1,1,0,1,1,0,0,0.0
2,0,0.0,1,1,1,0,2,1,2,0,1.583611111111111
5,0,0.0,3,3,1,0,5,2,1,0,6.741944444444444
92,2,0.021739130434782608,16,12,2,0,68,2,0,34,6.176944444444445
53,0,0.0,9,6,2,0,43,2,0,21,14.336666666666666
11,0,0.0,6,2,1,0,0,1,0,0,1.176111111111111
4,0,0.0,3,2,2,0,3,2,2,0,7.138888888888889
4,0,0.0,3,2,1,0,4,2,2,0,1.023611111111111
74,0,0.0,1,1,3,0,0,1,0,0,8.534722222222221
1,0,0.0,1,1,1,0,1,1,1,0,0.0
2,0,0.0,2,1,1,0,2,1,2,0,1.83
2,0,0.0,1,1,1,0,0,1,0,0,4.495833333333334
1,0,0.0,1,1,1,0,1,1,0,0,0.0
3,0,0.0,3,2,1,0,3,2,2,0,7.401666666666666
74,0,0.0,14,10,3,0,52,2,26,0,22.164166666666667
63,0,0.0,18,13,3,0,46,2,22,0,18.150555555555556
63,0,0.0,16,13,2,0,47,2,20,0,23.200277777777778
2,0,0.0,1,2,2,0,1,1,0,0,3.1458333333333335
1,0,0.0,1,1,1,0,0,1,0,0,0.0
2,0,0.0,2,2,1,0,2,2,1,0,5.3575
92,0,0.0,18,13,3,0,58,3,7,15,23.380555555555556
48,0,0.0,13,11,2,0,25,2,8,0,22.283333333333335
60,0,0.0,11,9,3,0,51,3,6,18,19.308333333333334
3,0,0.0,2,2,1,0,3,1,0,0,5.368055555555555
2,0,0.0,2,2,1,0,0,1,0,0,4.188888888888889
3,0,0.0,2,3,1,0,3,2,2,0,3.0444444444444443
1,0,0.0,1,1,1,0,1,1,1,0,0.0
1,0,0.0,1,1,1,0,0,1,0,0,0.0
1,0,0.0,1,1,1,0,1,1,1,0,0.0
9,0,0.0,4,3,1,0,9,2,7,0,2.403888888888889
2,0,0.0,2,2,2,0,1,1,0,0,4.760555555555555
1,0,0.0,1,1,1,0,1,1,1,0,0.0
2,0,0.0,2,1,2,0,1,2,1,0,3.4344444444444444
1,0,0.0,1,1,1,0,1,1,0,0,0.0
4,0,0.0,4,4,2,0,3,2,0,0,3.9644444444444447
1,0,0.0,1,1,1,0,1,1,0,0,0.0
3,0,0.0,3,2,1,0,3,2,2,0,5.122222222222222
1,0,0.0,1,1,1,0,1,1,0,0,0.0
1,0,0.0,1,1,1,0,1,1,0,0,0.0
1,0,0.0,1,1,1,0,1,1,1,0,0.0
1,0,0.0,1,1,1,0,1,1,1,0,0.0
2,0,0.0,2,2,1,0,2,2,1,0,7.329444444444444
1,0,0.0,1,1,1,0,1,1,1,0,0.0
1,0,0.0,1,1,1,0,0,1,0,0,0.0
3,0,0.0,2,2,2,0,2,2,1,0,7.097222222222222
4,0,0.0,4,4,2,0,3,2,2,0,3.819722222222222
1,0,0.0,1,1,1,0,1,1,1,0,0.0
1,0,0.0,1,1,1,0,0,1,0,0,0.0
5,0,0.0,4,3,2,0,1,2,1,0,8.545833333333333
6,0,0.0,3,1,1,0,0,1,0,0,7.595555555555555
42,0,0.0,2,2,1,0,42,2,20,0,8.284444444444444
1,0,0.0,1,1,1,0,1,1,0,0,0.0
2,0,0.0,2,2,1,0,2,2,1,0,3.0969444444444445
1,0,0.0,1,1,1,0,1,1,0,0,0.0
1,0,0.0,1,1,1,0,1,1,0,0,0.0
2,0,0.0,2,1,1,0,2,1,2,0,0.0002777777777777778
1,0,0.0,1,1,1,0,1,1,0,0,0.0
3,0,0.0,2,2,1,0,3,2,1,0,8.29888888888889
3,0,0.0,2,1,2,0,2,2,2,0,5.142222222222222
2,0,0.0,2,2,2,0,1,1,0,0,1.5466666666666666
1,0,0.0,1,1,1,0,1,1,1,0,0.0
2,0,0.0,2,2,1,0,2,1,0,0,3.426111111111111
5,0,0.0,4,3,2,0,2,2,1,0,8.292222222222222
2,0,0.0,2,1,2,0,1,2,1,0,4.007777777777778
1,0,0.0,1,1,1,0,1,1,1,0,0.0
5,0,0.0,4,3,1,0,0,1,0,0,4.979166666666667
3,0,0.0,3,3,2,0,2,1,0,0,5.558611111111111
1,0,0.0,1,1,1,0,1,1,0,0,0.0
4,0,0.0,3,4,2,0,3,1,0,0,1.6172222222222221
3,0,0.0,1,2,1,0,3,2,1,0,1.6144444444444443
2,0,0.0,2,2,1,0,0,1,0,0,4.408333333333333
5,0,0.0,2,1,1,0,0,1,0,0,1.7358333333333333
3,0,0.0,3,3,1,0,0,1,0,0,5.541111111111111
4,0,0.0,4,4,1,0,0,1,0,0,4.166388888888889
2,0,0.0,1,1,1,0,2,1,0,0,0.0030555555555555557
3,0,0.0,2,1,1,0,0,1,0,0,0.5138888888888888
2,0,0.0,2,2,1,0,2,2,1,0,2.1277777777777778
6,0,0.0,4,1,2,0,5,3,3,2,5.8133333333333335
2,0,0.0,1,2,1,0,2,2,1,0,4.020555555555555
2,0,0.0,1,1,1,0,2,1,2,0,0.009166666666666667
2,0,0.0,1,1,2,0,0,1,0,0,6.350833333333333
5,0,0.0,2,4,2,0,4,2,1,0,6.389444444444444
5,0,0.0,5,5,2,0,1,1,0,0,6.120277777777778
1,0,0.0,1,1,1,0,1,1,0,0,0.0
2,0,0.0,2,2,1,0,2,2,1,0,0.7952777777777778
3,0,0.0,3,2,1,0,3,2,2,0,3.7777777777777777
1,0,0.0,1,1,1,0,0,1,0,0,0.0
1,0,0.0,1,1,1,0,1,1,1,0,0.0
5,0,0.0,5,4,2,0,3,2,1,0,1.8005555555555555
1,0,0.0,1,1,1,0,1,1,0,1,0.0
3,0,0.0,2,2,2,0,1,1,0,0,1.716388888888889
2,0,0.0,2,1,2,0,1,2,1,0,1.0922222222222222
2,0,0.0,2,2,1,0,2,2,1,0,6.5575
6,0,0.0,3,4,2,0,5,2,3,0,3.981388888888889
2,0,0.0,2,2,2,0,1,1,0,0,0.01638888888888889
2,0,0.0,2,1,1,0,0,1,0,0,3.305277777777778
5,0,0.0,3,3,1,0,5,2,4,0,7.811944444444444
2,0,0.0,1,1,1,0,2,1,2,0,5.107777777777778
1,0,0.0,1,1,1,0,0,1,0,0,0.0
1,0,0.0,1,1,1,0,0,1,0,0,0.0
1,0,0.0,1,1,1,0,1,1,0,0,0.0
1,0,0.0,1,1,1,0,1,1,0,0,0.0
1,0,0.0,1,1,1,0,0,1,0,0,0.0
1,0,0.0,1,1,1,0,1,1,0,0,0.0
4,0,0.0,3,3,1,0,4,1,0,0,6.634166666666666
2,0,0.0,2,1,2,0,1,2,1,0,6.193611111111111
1,0,0.0,1,1,1,0,0,1,0,0,0.0
5,0,0.0,3,1,2,0,4,2,4,0,3.0008333333333335
2,0,0.0,1,2,1,0,2,2,1,0,1.813611111111111
1,0,0.0,1,1,1,0,1,1,0,0,0.0
3,0,0.0,2,2,2,0,2,2,1,0,6.0075
2,0,0.0,2,2,2,0,1,1,0,0,7.1305555555555555
2,0,0.0,1,2,1,0,2,2,1,0,0.7422222222222222
28,0,0.0,3,1,1,0,0,1,0,0,8.170277777777779
2,0,0.0,2,2,2,0,1,1,0,0,7.307222222222222
1,0,0.0,1,1,1,0,1,1,1,0,0.0
71,0,0.0,14,11,2,0,47,3,18,3,21.343333333333334
55,0,0.0,13,10,2,0,41,2,19,0,19.555833333333332
74,0,0.0,12,10,3,0,60,2,26,0,23.377777777777776
1,0,0.0,1,1,1,0,1,1,0,0,0.0
1,0,0.0,1,1,1,0,1,1,0,0,0.0
4,0,0.0,3,2,2,0,3,2,2,0,4.899444444444445
1,0,0.0,1,1,1,0,1,1,1,0,0.0
37,0,0.0,1,1,1,0,37,2,18,0,8.361944444444445
95,0,0.0,10,12,2,0,91,3,11,35,23.45722222222222
64,0,0.0,11,15,2,0,61,3,13,15,23.660555555555554
41,0,0.0,9,11,2,0,39,3,8,14,22.192222222222224
1,0,0.0,1,1,1,0,0,1,0,0,0.0
3,0,0.0,3,2,2,0,2,2,1,0,6.9375
3,0,0.0,2,1,2,0,1,2,1,0,3.2805555555555554
8,0,0.0,2,3,1,0,8,2,3,0,6.280555555555556
4,0,0.0,2,2,2,0,3,2,2,0,7.956666666666667
3,0,0.0,3,2,2,0,2,2,2,0,2.7872222222222223
8,0,0.0,5,3,2,0,6,2,1,0,7.959444444444444
1,0,0.0,1,1,1,0,1,1,0,0,0.0
2,0,0.0,2,2,1,0,2,2,1,0,3.450277777777778
3,0,0.0,3,1,1,0,3,1,3,0,2.2066666666666666
4,0,0.0,4,3,1,0,4,2,2,0,0.9044444444444445
1,0,0.0,1,1,1,0,1,1,0,0,0.0
1,0,0.0,1,1,1,0,1,1,0,0,0.0
1,0,0.0,1,1,1,0,0,1,0,0,0.0
1,0,0.0,1,1,1,0,0,1,0,0,0.0
4,0,0.0,4,3,2,0,3,2,1,0,6.771388888888889
3,0,0.0,3,1,2,0,0,1,0,0,0.8886111111111111
1,0,0.0,1,1,1,0,1,1,0,0,0.0
3,0,0.0,2,2,3,1,1,2,0,0,7.208333333333333
25,0,0.0,3,2,2,0,24,2,10,0,6.376944444444445
2,0,0.0,2,2,1,0,2,1,0,0,1.9627777777777777
4,0,0.0,3,3,1,0,4,2,2,0,6.520555555555555
3,0,0.0,2,2,1,0,3,1,0,0,3.3841666666666668
1,0,0.0,1,1,1,0,1,1,0,0,0.0
3,0,0.0,2,2,1,0,3,2,1,0,7.056666666666667
3,0,0.0,2,3,2,0,2,1,0,0,6.3822222222222225
1,0,0.0,1,1,1,0,1,1,0,0,0.0
2,0,0.0,2,2,1,0,2,2,1,0,1.8458333333333334
1,0,0.0,1,1,1,0,1,1,1,0,0.0
3,0,0.0,3,1,2,0,2,2,2,0,0.72
4,0,0.0,1,1,1,0,4,2,2,0,5.974166666666667
1,0,0.0,1,1,1,0,1,1,0,0,0.0
1,0,0.0,1,1,1,0,0,1,0,0,0.0
5,0,0.0,3,3,2,0,3,1,0,0,7.348888888888889
1,0,0.0,1,1,1,0,1,1,0,0,0.0
1,0,0.0,1,1,1,0,1,1,1,0,0.0
1,0,0.0,1,1,1,0,1,1,0,0,0.0
1,0,0.0,1,1,1,0,1,1,1,0,0.0
1,0,0.0,1,1,1,0,1,1,0,0,0.0
4,0,0.0,1,2,2,0,3,2,2,0,6.7347222222222225
5,0,0.0,3,4,1,0,5,2,2,0,4.993333333333333
3,0,0.0,3,1,2,0,1,2,1,0,0.9444444444444444
4,0,0.0,4,4,1,0,4,1,0,0,5.4816666666666665
3,0,0.0,3,3,1,0,3,1,0,0,1.5669444444444445
1,0,0.0,1,1,1,0,0,1,0,0,0.0
5,0,0.0,2,2,1,0,5,2,1,4,1.4502777777777778
3,0,0.0,2,2,2,0,2,1,0,0,5.6322222222222225
3,0,0.0,1,1,1,0,3,1,0,0,2.8530555555555557
1,0,0.0,1,1,1,0,1,1,0,0,0.0
1,0,0.0,1,1,1,0,1,1,1,0,0.0
4,0,0.0,2,2,2,0,2,1,0,0,1.753611111111111
1,0,0.0,1,1,1,0,1,1,0,0,0.0
2,0,0.0,1,2,2,0,1,1,0,0,1.9925
1,0,0.0,1,1,1,0,0,1,0,0,0.0
1,0,0.0,1,1,1,0,1,1,1,0,0.0
2,0,0.0,2,2,2,0,1,2,1,0,2.9672222222222224
2,0,0.0,2,2,2,0,1,2,1,0,8.201944444444445
1,0,0.0,1,1,1,0,1,1,1,0,0.0
3,0,0.0,3,2,2,0,2,3,1,1,7.288888888888889
3,0,0.0,2,3,2,0,2,1,0,0,0.8177777777777778
5,0,0.0,5,4,1,0,5,2,3,0,2.2116666666666664
1,0,0.0,1,1,1,0,1,1,1,0,0.0
2,0,0.0,2,2,2,0,1,1,0,0,0.44472222222222224
1,0,0.0,1,1,1,0,1,1,1,0,0.0
1,0,0.0,1,1,1,0,0,1,0,0,0.0
2,0,0.0,1,2,1,0,2,2,1,0,1.4919444444444445
3,0,0.0,2,2,2,0,2,2,1,0,6.001666666666667
1,0,0.0,1,1,1,0,1,1,0,0,0.0
2,0,0.0,2,1,1,0,2,1,2,0,5.338055555555556
5,0,0.0,2,2,1,0,5,1,0,0,5.561944444444444
64,0,0.0,9,6,2,0,60,3,12,26,23.044444444444444
77,0,0.0,9,10,2,0,69,3,6,29,22.720555555555556
59,0,0.0,6,6,2,0,55,3,3,24,23.131666666666668
1,0,0.0,1,1,1,0,1,1,1,0,0.0
1,0,0.0,1,1,1,0,1,1,1,0,0.0
2,0,0.0,2,1,1,0,2,1,2,0,1.3519444444444444
6,0,0.0,2,2,1,0,6,2,3,0,6.5808333333333335
1,0,0.0,1,1,1,0,1,1,0,0,0.0
5,0,0.0,4,5,2,0,4,2,1,0,6.421388888888889
5,0,0.0,3,3,1,0,5,2,4,0,5.052222222222222
1,0,0.0,1,1,1,0,0,1,0,0,0.0
2,0,0.0,2,1,1,0,2,1,2,0,1.6008333333333333
2,0,0.0,2,2,2,0,1,1,0,0,5.316944444444444
1,0,0.0,1,1,1,0,1,1,1,0,0.0
2,0,0.0,2,2,1,0,2,1,2,0,2.5122222222222224
2,0,0.0,2,2,2,0,1,1,0,0,0.012222222222222223
2,0,0.0,1,1,2,0,1,1,0,0,0.6213888888888889
1,0,0.0,1,1,1,0,1,1,0,0,0.0
3,0,0.0,1,2,1,0,3,2,2,0,0.5488888888888889
2,0,0.0,2,2,1,0,2,1,0,0,0.01
1,0,0.0,1,1,1,0,0,1,0,0,0.0
2,0,0.0,1,1,1,0,2,1,0,0,3.4386111111111113
3,0,0.0,3,3,1,0,3,2,1,0,7.188611111111111
4,0,0.0,2,2,2,0,3,2,2,0,2.1502777777777777
2,0,0.0,2,2,2,0,1,1,0,0,1.6627777777777777
1,0,0.0,1,1,1,0,1,1,1,0,0.0
1,0,0.0,1,1,1,0,1,1,1,0,0.0
4,0,0.0,3,3,2,0,3,2,1,0,5.2375
2,0,0.0,2,2,1,0,2,1,0,0,5.178333333333334
14,0,0.0,5,5,1,0,14,2,7,0,6.266111111111111
1,0,0.0,1,1,1,0,1,1,1,0,0.0
1,0,0.0,1,1,1,0,1,1,0,0,0.0
1,0,0.0,1,1,1,0,1,1,0,0,0.0
3,0,0.0,3,2,2,0,2,2,1,0,2.3097222222222222
4,0,0.0,3,3,1,0,4,1,0,0,6.558333333333334
3,0,0.0,3,2,1,0,3,2,2,0,3.7669444444444444
66,0,0.0,11,11,2,0,57,2,30,0,22.682222222222222
67,0,0.0,11,9,2,0,60,3,29,1,23.54722222222222
67,0,0.0,11,10,2,0,60,2,25,0,23.584444444444443
4,0,0.0,2,1,2,0,3,3,1,2,5.953888888888889
4,0,0.0,3,4,1,0,4,2,2,0,4.346111111111111
1,1,1.0,1,1,1,0,0,1,0,0,0.0
2,0,0.0,2,2,1,0,2,1,0,0,1.0333333333333334
1,0,0.0,1,1,1,0,1,1,1,0,0.0
1,0,0.0,1,1,1,0,1,1,0,0,0.0
2,0,0.0,2,2,1,0,2,2,1,0,3.102777777777778
2,0,0.0,2,1,2,0,1,2,1,0,0.3925
6,0,0.0,5,4,2,0,4,1,0,0,6.9725
1,0,0.0,1,1,1,0,1,1,0,0,0.0
2,0,0.0,2,1,2,0,1,2,1,0,0.01138888888888889
3,0,0.0,1,1,1,0,3,2,0,1,4.862777777777778
1,0,0.0,1,1,1,0,1,1,0,0,0.0
1,0,0.0,1,1,1,0,0,1,0,0,0.0
1,0,0.0,1,1,1,0,1,1,0,0,0.0
4,0,0.0,3,3,2,2,0,1,0,0,6.8613888888888885
47,0,0.0,13,8,2,0,26,2,14,0,22.88888888888889
62,1,0.016129032258064516,16,9,2,0,39,3,16,5,23.3075
91,0,0.0,16,12,2,0,78,2,48,0,22.897222222222222
1,0,0.0,1,1,1,0,1,1,1,0,0.0
3,0,0.0,3,1,2,0,1,2,1,0,6.495
1,0,0.0,1,1,1,0,0,1,0,0,0.0
2,0,0.0,2,2,1,0,2,2,1,0,1.0241666666666667
2,0,0.0,2,1,1,0,0,1,0,0,0.006944444444444444
34,0,0.0,7,4,2,0,14,2,7,0,8.204166666666667
1,0,0.0,1,1,1,0,0,1,0,0,0.0
2,0,0.0,2,2,1,0,2,1,0,0,4.799444444444444
3,0,0.0,3,2,2,0,2,2,1,0,4.006388888888889
146,0,0.0,7,6,1,0,146,3,14,64,8.655555555555555
2,0,0.0,2,2,1,0,2,1,0,0,5.703333333333333
1,0,0.0,1,1,1,0,1,1,1,0,0.0
73,0,0.0,13,12,2,0,62,3,26,1,20.96361111111111
94,0,0.0,19,12,2,0,74,3,24,10,23.273611111111112
33,0,0.0,10,12,2,0,28,2,11,0,17.605555555555554
2,0,0.0,1,2,1,0,2,2,1,0,1.8569444444444445
4,0,0.0,3,3,1,0,4,2,2,0,8.081666666666667
4,0,0.0,3,3,1,0,4,2,1,0,5.694444444444445
2,0,0.0,2,2,1,0,2,2,1,0,0.017777777777777778
3,0,0.0,3,1,2,0,2,2,2,0,0.7344444444444445
1,0,0.0,1,1,1,0,1,1,0,0,0.0
1,0,0.0,1,1,1,0,1,1,0,0,0.0
1,0,0.0,1,1,1,0,0,1,0,0,0.0
3,0,0.0,3,1,2,0,2,2,2,0,0.10111111111111111
65,0,0.0,4,4,2,0,61,3,31,1,16.083055555555557
55,0,0.0,3,2,2,0,48,2,22,0,18.516666666666666
80,0,0.0,3,2,2,0,74,2,41,0,16.58972222222222
1,1,1.0,1,1,1,0,0,1,0,0,0.0
16,0,0.0,6,7,1,0,16,2,8,0,8.296111111111111
1,0,0.0,1,1,1,0,0,1,0,0,0.0
2,0,0.0,1,2,1,0,2,2,1,0,0.01861111111111111
3,0,0.0,2,2,1,0,3,2,2,0,5.165
1,0,0.0,1,1,1,0,0,1,0,0,0.0
3,0,0.0,2,2,1,0,3,1,0,0,1.961111111111111
3,0,0.0,3,3,2,0,2,1,0,0,0.5141666666666667
1,0,0.0,1,1,1,0,0,1,0,0,0.0
2,0,0.0,2,2,1,0,2,1,0,0,1.78
2,0,0.0,1,2,1,0,2,2,1,0,1.7758333333333334
1,0,0.0,1,1,1,0,0,1,0,0,0.0
1,0,0.0,1,1,1,0,1,1,1,0,0.0
2,0,0.0,2,2,1,0,0,1,0,0,1.145
2,0,0.0,2,1,1,0,2,1,2,0,1.6847222222222222
2,0,0.0,1,2,1,0,2,2,1,0,0.14416666666666667
1,0,0.0,1,1,1,0,0,1,0,0,0.0
1,0,0.0,1,1,1,0,0,1,0,0,0.0
1,0,0.0,1,1,1,0,1,1,0,0,0.0
1,0,0.0,1,1,1,0,1,1,1,0,0.0
19,0,0.0,1,2,1,0,19,2,10,0,8.02361111111111
71,0,0.0,4,3,2,0,67,3,32,1,23.823333333333334
64,0,0.0,4,3,2,0,62,2,30,0,17.34777777777778
65,0,0.0,3,2,2,0,61,2,32,0,15.173055555555555
30,0,0.0,5,3,2,0,29,2,17,0,8.224444444444444
2,0,0.0,1,1,1,0,2,1,0,0,1.0033333333333334
1,0,0.0,1,1,1,0,1,1,0,0,0.0
1,0,0.0,1,1,1,0,0,1,0,0,0.0
26,0,0.0,5,5,2,0,25,2,10,0,8.0925
2,0,0.0,2,2,2,0,1,1,0,0,4.929166666666666
2,0,0.0,1,2,1,0,2,2,0,1,0.0002777777777777778
4,0,0.0,2,3,1,0,4,2,0,2,0.004166666666666667
1,0,0.0,1,1,1,0,0,1,0,0,0.0
2,0,0.0,2,2,1,0,2,2,1,0,7.076666666666667
1,0,0.0,1,1,1,0,0,1,0,0,0.0
9,0,0.0,4,6,2,0,7,2,2,0,8.309166666666666
19,0,0.0,2,3,1,0,19,2,7,0,8.608055555555556
67,1,0.014925373134328358,15,15,2,0,61,3,22,1,22.950833333333332
91,0,0.0,17,18,2,0,78,3,31,2,22.99861111111111
42,0,0.0,15,14,2,0,35,2,13,0,22.851111111111113
3,0,0.0,1,2,1,0,3,2,1,0,5.000277777777778
18,0,0.0,1,2,1,0,18,2,7,0,7.953333333333333
26,0,0.0,2,2,3,4,15,3,9,0,8.164444444444445
1,0,0.0,1,1,1,0,1,1,0,0,0.0
2,0,0.0,2,2,1,0,2,1,0,0,0.0044444444444444444
3,0,0.0,3,1,2,0,1,2,1,0,0.7902777777777777
3,0,0.0,3,2,1,0,3,2,2,0,7.127222222222223
1,0,0.0,1,1,1,0,1,1,1,0,0.0
4,0,0.0,4,3,2,0,2,1,0,0,1.0772222222222223
5,0,0.0,4,4,1,0,0,1,0,0,3.953888888888889
1,0,0.0,1,1,1,0,0,1,0,0,0.0
2,2,1.0,1,1,1,0,0,1,0,0,1.6688888888888889
50,0,0.0,16,12,2,0,40,3,13,1,23.8725
60,0,0.0,14,14,3,0,49,2,21,0,23.56138888888889
90,0,0.0,21,19,3,0,72,3,28,0,22.878333333333334
1,0,0.0,1,1,1,0,0,1,0,0,0.0
3,0,0.0,3,1,2,0,2,2,2,0,3.624722222222222
1,0,0.0,1,1,1,0,1,1,0,0,0.0
1,0,0.0,1,1,1,0,1,1,1,0,0.0
20,0,0.0,1,2,1,0,20,2,8,0,6.2283333333333335
72,0,0.0,28,46,2,0,39,3,1,16,15.611944444444445
57,0,0.0,24,34,2,0,27,3,2,10,14.248333333333333
71,0,0.0,22,27,2,0,25,3,6,6,17.93861111111111
1,0,0.0,1,1,1,0,1,1,1,0,0.0
1,0,0.0,1,1,1,0,1,1,1,0,0.0
5,0,0.0,3,2,2,0,2,2,1,0,5.155833333333334
1,0,0.0,1,1,1,0,1,1,1,0,0.0
4,0,0.0,3,3,2,0,2,1,0,0,7.647777777777778
1,0,0.0,1,1,1,0,1,1,1,0,0.0
1,0,0.0,1,1,1,0,1,1,1,0,0.0
1,0,0.0,1,1,1,0,1,1,1,0,0.0
3,0,0.0,3,2,2,0,2,2,1,0,1.0322222222222222
1,0,0.0,1,1,1,0,1,1,0,0,0.0
1,0,0.0,1,1,1,0,1,1,0,1,0.0
5,0,0.0,4,1,2,0,2,2,2,0,7.8661111111111115
1,0,0.0,1,1,1,0,0,1,0,0,0.0
3,0,0.0,3,1,2,0,1,2,1,0,5.859166666666667
2,0,0.0,2,1,1,0,0,1,0,0,1.9244444444444444
1,0,0.0,1,1,1,0,1,1,0,1,0.0
1,0,0.0,1,1,1,0,0,1,0,0,0.0
1,0,0.0,1,1,1,0,1,1,0,0,0.0
1,0,0.0,1,1,1,0,1,1,1,0,0.0
124,0,0.0,32,37,3,0,83,3,27,11,20.868055555555557
33,0,0.0,18,14,3,0,25,3,8,2,12.893611111111111
43,0,0.0,15,10,2,0,32,3,11,3,9.625555555555556
2,0,0.0,2,2,1,0,2,2,1,0,0.0175
2,0,0.0,2,2,1,0,2,1,0,0,0.012777777777777779
1,0,0.0,1,1,1,0,1,1,1,0,0.0
23,0,0.0,3,1,1,0,0,1,0,0,8.411111111111111
4,0,0.0,4,2,2,0,2,2,0,1,1.075
1,0,0.0,1,1,1,0,1,1,1,0,0.0
5,0,0.0,4,3,2,0,2,1,0,0,0.12277777777777778
1,0,0.0,1,1,1,0,1,1,1,0,0.0
2,0,0.0,2,1,2,0,1,2,1,0,0.16194444444444445
1,0,0.0,1,1,1,0,1,1,0,0,0.0
2,0,0.0,2,2,1,0,0,1,0,0,5.914444444444444
3,0,0.0,3,3,1,0,3,1,0,0,3.1575
5,0,0.0,4,4,2,0,3,2,2,0,1.0586111111111112
3,0,0.0,3,3,1,0,3,2,1,0,0.3616666666666667
1,0,0.0,1,1,1,0,0,1,0,0,0.0
10,0,0.0,4,4,2,0,7,1,0,0,1.7925
2,0,0.0,2,2,2,0,1,1,0,0,4.493888888888889
23,0,0.0,3,3,1,0,23,2,13,0,8.092777777777778
8,0,0.0,1,1,1,0,0,1,0,0,8.507222222222222
2,0,0.0,1,1,1,0,2,1,0,0,3.4355555555555557
1,0,0.0,1,1,1,0,1,1,1,0,0.0
3,0,0.0,3,2,2,0,2,2,1,0,5.458333333333333
1,0,0.0,1,1,1,0,0,1,0,0,0.0
1,0,0.0,1,1,1,0,1,1,1,0,0.0
1,0,0.0,1,1,1,0,1,1,0,0,0.0
2,0,0.0,1,2,1,0,2,2,0,1,0.0002777777777777778
6,0,0.0,2,2,2,0,2,2,1,0,0.20222222222222222
2,0,0.0,2,2,1,0,0,1,0,0,4.63
1,0,0.0,1,1,1,0,1,1,0,0,0.0
4,0,0.0,4,4,1,0,0,1,0,0,8.491944444444444
13,0,0.0,1,1,1,0,13,2,5,0,7.158888888888889
1,0,0.0,1,1,1,0,1,1,0,1,0.0
1,0,0.0,1,1,1,0,1,1,0,0,0.0
1,0,0.0,1,1,1,0,0,1,0,0,0.0
5,0,0.0,4,4,1,0,5,2,3,0,7.791111111111111
3,0,0.0,3,2,2,0,2,2,1,0,1.5780555555555555
1,0,0.0,1,1,1,0,0,1,0,0,0.0
2,0,0.0,1,1,1,0,2,1,0,0,0.3894444444444444
8,8,1.0,2,2,1,0,0,1,0,0,6.083333333333333
1,0,0.0,1,1,1,0,1,1,0,0,0.0
3,3,1.0,2,2,1,0,0,1,0,0,1.1655555555555555
2,0,0.0,2,2,2,0,1,2,0,1,1.0608333333333333
5,0,0.0,2,2,2,0,4,2,3,0,0.8794444444444445
1,1,1.0,1,1,1,0,1,1,0,1,0.0
1,0,0.0,1,1,1,0,1,1,1,0,0.0
3,0,0.0,1,1,1,0,0,1,0,0,4.7683333333333335
1,1,1.0,1,1,1,0,0,1,0,0,0.0
1,0,0.0,1,1,1,0,1,1,0,0,0.0
4,0,0.0,4,2,2,0,3,3,1,1,2.0019444444444443
1,0,0.0,1,1,1,0,1,1,1,0,0.0
5,0,0.0,4,4,2,0,4,2,2,0,1.0641666666666667
5,0,0.0,3,4,1,0,5,2,1,0,5.371666666666667
7,0,0.0,5,5,2,0,6,3,2,0,8.10361111111111
2,0,0.0,2,2,1,0,2,2,1,0,2.2725
2,0,0.0,1,1,1,0,0,1,0,0,0.021111111111111112
1,0,0.0,1,1,1,0,0,1,0,0,0.0
1,0,0.0,1,1,1,0,0,1,0,0,0.0
1,0,0.0,1,1,1,0,1,1,0,0,0.0
4,0,0.0,3,3,1,0,4,2,1,0,1.7847222222222223
3,0,0.0,3,2,2,0,2,2,1,0,1.0116666666666667
4,0,0.0,4,2,3,0,2,3,1,0,3.6241666666666665
2,0,0.0,2,2,1,0,2,1,0,0,1.6797222222222221
1,0,0.0,1,1,1,0,1,1,0,0,0.0
1,1,1.0,1,1,1,0,0,1,0,0,0.0
2,0,0.0,2,2,1,0,2,1,0,0,0.7713888888888889
1,0,0.0,1,1,1,0,1,1,0,0,0.0
4,0,0.0,2,2,2,0,3,3,1,1,1.3405555555555555
30,0,0.0,5,4,1,0,30,3,14,11,7.8966666666666665
1,0,0.0,1,1,1,0,1,1,0,0,0.0
3,0,0.0,2,2,2,0,2,1,0,0,1.5394444444444444
1,0,0.0,1,1,1,0,0,1,0,0,0.0
4,0,0.0,3,2,2,0,2,1,0,0,5.266944444444444
1,0,0.0,1,1,1,0,0,1,0,0,0.0
1,0,0.0,1,1,1,0,1,1,0,0,0.0
2,0,0.0,2,1,2,0,1,2,1,0,1.5680555555555555
5,0,0.0,2,3,1,0,5,2,3,0,7.251666666666667
10,0,0.0,4,2,1,0,0,1,0,0,7.881388888888889
4,0,0.0,4,1,2,0,1,2,1,0,0.2538888888888889
1,0,0.0,1,1,1,0,0,1,0,0,0.0
3,0,0.0,3,1,2,0,1,2,1,0,0.7222222222222222
2,0,0.0,2,2,2,0,1,1,0,0,0.2036111111111111
1,0,0.0,1,1,1,0,1,1,0,0,0.0
3,0,0.0,3,2,2,0,2,2,2,0,3.6013888888888888
1,0,0.0,1,1,1,0,1,1,1,0,0.0
4,0,0.0,4,1,2,0,2,2,2,0,1.3641666666666667
1,0,0.0,1,1,1,0,1,1,1,0,0.0
2,0,0.0,2,1,2,0,1,2,0,1,1.3147222222222221
3,0,0.0,1,2,1,0,3,2,0,1,1.43
3,0,0.0,3,3,2,0,1,1,0,0,2.3666666666666667
1,0,0.0,1,1,1,0,1,1,0,1,0.0
2,0,0.0,2,2,2,0,1,1,0,0,0.01861111111111111
1,0,0.0,1,1,1,0,0,1,0,0,0.0
2,0,0.0,2,1,2,0,1,2,1,0,0.13361111111111112
1,0,0.0,1,1,1,0,1,1,1,0,0.0
1,0,0.0,1,1,1,0,0,1,0,0,0.0
1,0,0.0,1,1,1,0,1,1,1,0,0.0
1,0,0.0,1,1,1,0,1,1,1,0,0.0
1,0,0.0,1,1,1,0,0,1,0,0,0.0
5,0,0.0,1,2,1,0,5,2,2,0,6.011666666666667
3,0,0.0,1,2,1,0,3,2,0,2,1.1491666666666667
1,0,0.0,1,1,1,0,1,1,0,0,0.0
1,1,1.0,1,1,1,0,0,1,0,0,0.0
3,0,0.0,3,3,1,0,3,2,0,1,1.6227777777777779
1,0,0.0,1,1,1,0,1,1,0,0,0.0
3,0,0.0,3,1,1,0,3,1,3,0,7.243611111111111
1,0,0.0,1,1,1,0,1,1,1,0,0.0
4,0,0.0,2,2,1,0,4,2,2,0,5.151944444444444
3,0,0.0,3,2,2,0,2,2,1,0,2.0477777777777777
2,0,0.0,2,2,1,0,2,2,1,0,4.141111111111111
3,0,0.0,3,1,1,0,3,2,2,1,1.563611111111111
2,2,1.0,2,2,1,0,0,1,0,0,1.3077777777777777
23,0,0.0,9,15,2,0,21,3,8,1,8.053611111111111
3,0,0.0,2,2,1,0,3,2,1,0,4.628333333333333
4,0,0.0,4,3,2,0,3,2,1,0,3.5797222222222222
1,0,0.0,1,1,1,0,1,1,1,0,0.0
1,0,0.0,1,1,1,0,0,1,0,0,0.0
2,0,0.0,2,1,2,0,1,2,1,0,1.5694444444444444
2,0,0.0,1,1,1,0,2,1,0,0,1.4033333333333333
3,0,0.0,3,3,2,0,2,1,0,0,2.07
4,0,0.0,3,2,1,0,4,1,4,0,4.811944444444444
3,0,0.0,2,3,1,0,3,2,1,0,3.1925
1,0,0.0,1,1,1,0,1,1,0,0,0.0
2,0,0.0,2,2,1,0,2,1,0,0,0.006111111111111111
2,0,0.0,2,2,2,0,1,1,0,0,0.7769444444444444
2,0,0.0,1,1,1,0,2,1,0,0,1.6144444444444443
4,0,0.0,3,1,3,0,1,2,1,0,3.0194444444444444
2,0,0.0,2,2,2,0,1,1,0,0,3.1405555555555558
7,0,0.0,4,5,1,0,7,2,3,0,3.441388888888889
1,0,0.0,1,1,1,0,1,1,0,0,0.0
1,0,0.0,1,1,1,0,1,1,1,0,0.0
5,0,0.0,3,2,2,0,4,2,3,0,0.8047222222222222
4,0,0.0,3,2,2,0,2,2,1,0,2.491111111111111
1,0,0.0,1,1,1,0,1,1,1,0,0.0
1,0,0.0,1,1,1,0,1,1,0,0,0.0
10,0,0.0,4,3,2,0,9,3,2,3,6.1194444444444445
2,0,0.0,2,2,1,0,2,2,1,0,5.4847222222222225
3,0,0.0,3,2,2,0,2,2,1,0,0.2619444444444444
1,0,0.0,1,1,1,0,0,1,0,0,0.0
3,0,0.0,2,2,2,0,2,1,0,0,0.5305555555555556
1,0,0.0,1,1,1,0,1,1,1,0,0.0
3,0,0.0,2,3,1,0,3,2,1,0,1.8216666666666668
2,0,0.0,1,1,1,0,2,1,0,0,0.0022222222222222222
3,0,0.0,2,1,2,0,2,2,2,0,3.868611111111111
12,0,0.0,5,3,2,0,8,3,3,1,8.500555555555556
2,0,0.0,2,1,1,0,0,1,0,0,1.5805555555555555
4,0,0.0,3,3,2,0,3,2,2,0,1.7458333333333333
2,0,0.0,1,1,1,0,2,1,2,0,0.001388888888888889
1,0,0.0,1,1,1,0,1,1,0,0,0.0
2,0,0.0,2,1,2,0,1,2,1,0,6.440555555555555
7,7,1.0,2,2,1,0,0,1,0,0,5.7588888888888885
15,2,0.13333333333333333,7,5,3,2,2,2,0,0,8.324722222222222
106,0,0.0,2,2,2,0,105,2,54,0,8.428055555555556
56,0,0.0,7,7,2,0,54,2,26,0,8.30888888888889
1,0,0.0,1,1,1,0,1,1,1,0,0.0
2,0,0.0,2,2,2,0,1,1,0,0,0.5327777777777778
3,0,0.0,2,2,1,0,3,2,2,0,4.119722222222222
1,0,0.0,1,1,1,0,0,1,0,0,0.0
4,0,0.0,3,3,2,0,3,1,0,0,1.7455555555555555
35,0,0.0,1,1,2,0,0,2,0,0,8.414444444444445
1,0,0.0,1,1,1,0,0,1,0,0,0.0
1,1,1.0,1,1,1,0,0,1,0,0,0.0
1,0,0.0,1,1,1,0,0,1,0,0,0.0
1,0,0.0,1,1,1,0,0,1,0,0,0.0
2,0,0.0,2,1,1,0,2,1,2,0,0.42444444444444446
2,0,0.0,2,2,1,0,2,2,1,0,1.5377777777777777
1,0,0.0,1,1,1,0,1,1,0,0,0.0
1,0,0.0,1,1,1,0,1,1,0,0,0.0
3,0,0.0,2,2,2,0,1,1,0,0,1.6277777777777778
5,0,0.0,3,3,1,0,5,1,0,0,7.205555555555556
1,0,0.0,1,1,1,0,0,1,0,0,0.0
1,0,0.0,1,1,1,0,1,1,1,0,0.0
4,0,0.0,2,2,1,0,4,2,2,0,6.297777777777778
1,0,0.0,1,1,1,0,1,1,0,0,0.0
7,0,0.0,1,1,2,0,5,1,0,0,7.205555555555556
4,0,0.0,4,2,2,0,3,2,2,0,2.214166666666667
1,0,0.0,1,1,1,0,0,1,0,0,0.0
2,0,0.0,2,1,2,0,1,2,1,0,1.4730555555555556
1,1,1.0,1,1,1,0,1,1,0,1,0.0
2,0,0.0,2,2,2,0,1,1,0,0,1.9672222222222222
1,0,0.0,1,1,1,0,1,1,0,0,0.0
3,0,0.0,3,2,2,0,2,2,1,0,4.4075
2,0,0.0,2,1,1,0,0,1,0,0,0.0002777777777777778
4,0,0.0,3,2,2,0,3,2,2,0,0.36944444444444446
1,0,0.0,1,1,1,0,0,1,0,0,0.0
1,0,0.0,1,1,1,0,0,1,0,0,0.0
1,0,0.0,1,1,1,0,0,1,0,0,0.0
1,0,0.0,1,1,1,0,1,1,0,0,0.0
2,0,0.0,2,1,2,0,1,2,1,0,0.01861111111111111
2,0,0.0,2,2,1,0,2,2,1,0,2.053888888888889
4,0,0.0,3,3,2,0,2,2,1,0,1.7236111111111112
2,0,0.0,2,2,1,0,2,2,1,0,0.40194444444444444
1,0,0.0,1,1,1,0,0,1,0,0,0.0
3,0,0.0,2,2,1,0,3,2,2,0,5.446111111111111
1,0,0.0,1,1,1,0,1,1,1,0,0.0
6,0,0.0,3,1,1,0,0,1,0,0,2.118611111111111
4,0,0.0,3,3,1,0,4,1,0,0,1.6341666666666668
6,0,0.0,3,2,2,0,5,2,4,0,2.106388888888889
3,3,1.0,2,1,1,0,3,1,0,3,2.0094444444444446
4,0,0.0,3,2,2,0,3,2,2,0,2.3427777777777776
4,0,0.0,4,1,2,0,1,2,1,0,1.956388888888889
4,0,0.0,3,3,1,0,4,2,2,0,6.351111111111111
1,0,0.0,1,1,1,0,0,1,0,0,0.0
3,0,0.0,3,3,2,0,2,1,0,0,4.772777777777778
1,0,0.0,1,1,1,0,1,1,1,0,0.0
1,0,0.0,1,1,1,0,0,1,0,0,0.0
7,0,0.0,3,2,2,0,5,2,4,0,2.245277777777778
1,1,1.0,1,1,1,0,0,1,0,0,0.0
44,0,0.0,11,9,2,0,32,2,10,0,23.195555555555554
54,0,0.0,12,12,2,0,46,2,18,0,23.9525
102,0,0.0,18,20,2,0,75,2,37,0,23.566388888888888
4,0,0.0,2,2,2,0,1,1,0,0,2.926111111111111
1,0,0.0,1,1,1,0,0,1,0,0,0.0
3,0,0.0,2,2,2,0,2,1,0,0,7.611111111111111
3,0,0.0,2,2,2,0,2,2,1,0,2.025
4,0,0.0,2,2,2,0,2,2,1,0,1.8080555555555555
5,0,0.0,3,3,2,0,4,2,2,0,1.6975
1,0,0.0,1,1,1,0,1,1,1,0,0.0
1,0,0.0,1,1,1,0,1,1,1,0,0.0
3,0,0.0,3,1,2,0,1,2,1,0,1.8941666666666668
1,0,0.0,1,1,1,0,1,1,0,0,0.0
3,0,0.0,3,2,2,0,2,2,1,0,1.7525
31,0,0.0,6,5,2,0,17,2,11,0,8.580833333333333
1,0,0.0,1,1,1,0,1,1,0,0,0.0
1,0,0.0,1,1,1,0,0,1,0,0,0.0
1,0,0.0,1,1,1,0,1,1,1,0,0.0
78,0,0.0,5,13,2,0,4,2,4,0,23.421388888888888
65,0,0.0,9,15,2,0,5,2,4,0,23.72861111111111
57,0,0.0,11,10,2,0,7,2,7,0,23.780833333333334
1,0,0.0,1,1,1,0,1,1,1,0,0.0
5,0,0.0,4,5,2,0,4,2,1,0,1.7055555555555555
4,0,0.0,2,3,1,0,4,2,1,0,0.8091666666666667
3,0,0.0,2,2,1,0,3,2,0,2,0.14527777777777778
1,0,0.0,1,1,1,0,0,1,0,0,0.0
1,0,0.0,1,1,1,0,1,1,1,0,0.0
2,0,0.0,2,2,2,0,1,1,0,0,0.058333333333333334
2,0,0.0,2,1,2,0,1,2,1,0,0.08305555555555555
1,0,0.0,1,1,1,0,0,1,0,0,0.0
3,0,0.0,2,2,2,0,2,2,1,0,7.023055555555556
1,0,0.0,1,1,1,0,1,1,1,0,0.0
2,0,0.0,2,1,2,0,1,2,1,0,2.582777777777778
5,0,0.0,4,3,2,0,3,1,0,0,6.276666666666666
3,0,0.0,1,2,2,0,2,1,0,0,3.1344444444444446
3,0,0.0,2,2,2,0,2,2,1,0,0.9833333333333333
3,0,0.0,2,2,1,0,3,1,0,0,2.6638888888888888
2,0,0.0,1,1,1,0,2,1,0,0,3.5694444444444446
17,0,0.0,5,6,1,0,17,2,9,0,6.8694444444444445
2,0,0.0,2,2,2,0,1,1,0,0,0.11972222222222222
1,0,0.0,1,1,1,0,1,1,0,0,0.0
5,0,0.0,4,2,2,0,2,2,1,0,1.2055555555555555
3,0,0.0,3,2,2,0,2,2,1,0,2.015
4,0,0.0,3,3,1,0,4,1,0,0,1.3697222222222223
4,0,0.0,3,2,1,0,0,1,0,0,0.6427777777777778
1,0,0.0,1,1,1,0,1,1,0,0,0.0
2,0,0.0,2,1,1,0,0,1,0,0,0.8788888888888889
2,0,0.0,2,2,2,0,1,1,0,0,1.681111111111111
2,0,0.0,2,2,1,0,2,2,0,1,0.012222222222222223
1,0,0.0,1,1,1,0,1,1,0,0,0.0
1,0,0.0,1,1,1,0,1,1,0,0,0.0
1,0,0.0,1,1,1,0,1,1,1,0,0.0
1,0,0.0,1,1,1,0,0,1,0,0,0.0
5,0,0.0,3,2,2,0,3,3,1,1,1.6858333333333333
2,0,0.0,2,2,2,0,1,1,0,0,0.7933333333333333
1,0,0.0,1,1,1,0,1,1,1,0,0.0
1,0,0.0,1,1,1,0,1,1,0,0,0.0
1,0,0.0,1,1,1,0,0,1,0,0,0.0
2,0,0.0,2,2,2,0,1,1,0,0,0.11611111111111111
2,0,0.0,1,2,2,0,1,1,0,0,5.346388888888889
4,0,0.0,3,2,2,0,3,2,2,0,2.2444444444444445
2,0,0.0,2,1,2,0,1,2,1,0,1.2847222222222223
3,0,0.0,3,3,1,0,3,2,1,0,3.341666666666667
1,0,0.0,1,1,1,0,0,1,0,0,0.0
3,0,0.0,1,1,2,0,1,2,1,0,1.7375
1,0,0.0,1,1,1,0,1,1,0,0,0.0
2,0,0.0,2,1,1,0,2,1,2,0,0.23194444444444445
3,0,0.0,2,2,1,0,3,3,1,1,1.2313888888888889
2,0,0.0,2,2,2,0,1,1,0,0,0.20444444444444446
6,0,0.0,2,2,1,0,6,2,2,0,1.1347222222222222
36,0,0.0,2,2,1,0,36,2,13,0,8.307777777777778
4,0,0.0,4,3,2,0,2,2,1,0,7.608333333333333
1,0,0.0,1,1,1,0,1,1,0,0,0.0
1,1,1.0,1,1,1,0,0,1,0,0,0.0
2,0,0.0,2,2,2,0,1,1,0,0,1.5208333333333333
1,1,1.0,1,1,1,0,0,1,0,0,0.0
1,0,0.0,1,1,1,0,1,1,0,0,0.0
1,0,0.0,1,1,1,0,1,1,1,0,0.0
6,0,0.0,3,4,2,0,5,2,2,0,8.196944444444444
1,0,0.0,1,1,1,0,1,1,0,0,0.0
1,0,0.0,1,1,1,0,0,1,0,0,0.0
1,0,0.0,1,1,1,0,1,1,0,0,0.0
4,0,0.0,3,2,2,0,3,2,0,1,1.3630555555555555
2,0,0.0,2,2,1,0,2,1,2,0,1.0047222222222223
1,0,0.0,1,1,1,0,0,1,0,0,0.0
89,0,0.0,15,11,3,0,66,3,30,1,20.947777777777777
49,0,0.0,9,8,2,0,31,2,13,0,22.05361111111111
62,0,0.0,14,9,2,0,42,2,24,0,22.39027777777778
1,0,0.0,1,1,1,0,1,1,1,0,0.0
2,0,0.0,2,1,2,0,1,2,1,0,0.004166666666666667
2,0,0.0,2,2,1,0,2,1,2,0,0.4336111111111111
2,0,0.0,2,1,1,0,0,1,0,0,0.003611111111111111
1,0,0.0,1,1,1,0,1,1,0,0,0.0
6,0,0.0,4,2,3,0,2,2,1,0,1.8586111111111112
4,0,0.0,3,2,1,0,4,2,3,0,1.6302777777777777
10,0,0.0,3,4,1,0,10,2,2,0,6.562222222222222
1,0,0.0,1,1,1,0,1,1,1,0,0.0
6,0,0.0,5,3,2,0,4,2,2,0,5.048333333333333
1,0,0.0,1,1,1,0,0,1,0,0,0.0
2,0,0.0,2,2,1,0,2,2,1,0,1.2275
2,0,0.0,2,2,2,0,1,1,0,0,0.48944444444444446
2,0,0.0,2,2,1,0,2,1,0,0,0.041944444444444444
3,0,0.0,2,2,1,0,3,2,2,0,7.213611111111111
1,0,0.0,1,1,1,0,1,1,1,0,0.0
9,0,0.0,4,4,2,0,8,2,3,0,7.715277777777778
2,0,0.0,2,1,1,0,0,1,0,0,0.6961111111111111
2,0,0.0,2,1,2,0,1,2,1,0,1.8502777777777777
1,0,0.0,1,1,1,0,1,1,1,0,0.0
1,0,0.0,1,1,1,0,1,1,0,0,0.0
1,0,0.0,1,1,1,0,1,1,0,0,0.0
1,0,0.0,1,1,1,0,1,1,0,0,0.0
1,0,0.0,1,1,1,0,1,1,0,0,0.0
1,0,0.0,1,1,1,0,1,1,0,0,0.0
3,0,0.0,3,3,2,0,2,1,0,0,5.294444444444444
5,0,0.0,3,2,2,0,3,2,2,0,4.7363888888888885
2,0,0.0,2,1,2,0,1,2,1,0,0.7583333333333333
1,0,0.0,1,1,1,0,1,1,0,0,0.0
66,0,0.0,12,9,4,1,43,4,16,3,22.587222222222223
51,0,0.0,6,5,3,0,35,3,11,0,22.419166666666666
83,0,0.0,14,12,3,0,50,3,21,3,21.72972222222222
1,0,0.0,1,1,1,0,0,1,0,0,0.0
1,0,0.0,1,1,1,0,0,1,0,0,0.0
2,0,0.0,2,2,1,0,2,1,2,0,1.4691666666666667
1,0,0.0,1,1,1,0,0,1,0,0,0.0
1,0,0.0,1,1,1,0,1,1,1,0,0.0
1,0,0.0,1,1,1,0,1,1,0,0,0.0
2,0,0.0,2,1,1,0,2,1,2,0,6.5488888888888885
6,0,0.0,2,2,1,0,6,2,2,0,0.5708333333333333
3,0,0.0,3,2,2,0,1,1,0,0,1.311388888888889
3,0,0.0,2,2,2,0,2,2,1,0,0.016944444444444446
2,0,0.0,2,2,1,0,2,1,0,0,0.7061111111111111
1,0,0.0,1,1,1,0,1,1,1,0,0.0
3,0,0.0,3,3,1,0,3,2,1,0,4.395
1,0,0.0,1,1,1,0,0,1,0,0,0.0
1,0,0.0,1,1,1,0,0,1,0,0,0.0
2,0,0.0,2,2,1,0,2,1,0,0,3.7391666666666667
5,0,0.0,4,2,2,0,3,2,2,0,1.958888888888889
1,0,0.0,1,1,1,0,1,1,0,0,0.0
7,0,0.0,6,3,2,0,4,3,1,1,1.7725
16,0,0.0,6,6,1,0,16,2,7,0,8.426111111111112
1,0,0.0,1,1,1,0,1,1,1,0,0.0
1,0,0.0,1,1,1,0,0,1,0,0,0.0
3,0,0.0,3,2,2,0,2,2,1,0,0.6983333333333334
1,1,1.0,1,1,1,0,0,1,0,0,0.0
3,0,0.0,3,3,1,0,3,2,1,0,5.864166666666667
73,0,0.0,5,3,2,0,72,3,3,31,8.350277777777778
3,0,0.0,2,3,2,0,2,1,0,0,1.5680555555555555
3,0,0.0,2,2,1,0,3,1,0,0,0.37777777777777777
4,0,0.0,2,2,1,0,4,2,3,0,1.5277777777777777
3,0,0.0,3,1,2,0,1,2,1,0,1.4422222222222223
1,0,0.0,1,1,1,0,1,1,0,0,0.0
1,0,0.0,1,1,1,0,1,1,0,0,0.0
3,0,0.0,3,3,1,0,3,2,2,0,5.784166666666667
1,0,0.0,1,1,1,0,0,1,0,0,0.0
1,0,0.0,1,1,1,0,1,1,0,0,0.0
5,0,0.0,5,5,1,0,0,1,0,0,7.686944444444444
2,0,0.0,2,1,2,0,1,2,1,0,0.0011111111111111111
1,0,0.0,1,1,1,0,0,1,0,0,0.0
1,0,0.0,1,1,1,0,0,1,0,0,0.0
62,0,0.0,6,6,2,0,28,1,0,0,23.78361111111111
80,0,0.0,5,5,2,0,39,1,0,0,23.871111111111112
58,0,0.0,8,8,3,1,32,1,0,0,23.00027777777778
2,0,0.0,2,2,1,0,2,2,1,0,6.863888888888889
1,0,0.0,1,1,1,0,1,1,1,0,0.0
3,0,0.0,2,2,1,0,3,1,0,0,1.2766666666666666
3,0,0.0,3,3,1,0,3,1,0,0,4.009722222222222
1,0,0.0,1,1,1,0,1,1,0,0,0.0
4,0,0.0,3,2,1,0,4,2,3,0,5.201388888888889
1,0,0.0,1,1,1,0,1,1,0,0,0.0
2,0,0.0,2,1,1,0,0,1,0,0,0.4661111111111111
6,0,0.0,6,3,2,0,1,1,0,0,1.855
3,0,0.0,2,2,1,0,3,2,2,0,0.5372222222222223
3,0,0.0,3,3,2,0,2,2,1,0,1.9083333333333334
1073,58,0.05405405405405406,14,16,2,0,985,2,491,0,8.671666666666667
2,0,0.0,2,2,1,0,2,2,1,0,5.273611111111111
6,0,0.0,4,4,2,0,4,2,1,0,7.001666666666667
2,0,0.0,2,1,2,0,1,2,1,0,5.85
2,0,0.0,1,1,2,0,1,2,1,0,0.004722222222222222
1,0,0.0,1,1,1,0,1,1,0,0,0.0
1,1,1.0,1,1,1,0,0,1,0,0,0.0
3,0,0.0,3,3,2,0,2,1,0,0,1.0072222222222222
6,0,0.0,4,2,2,0,2,2,1,0,6.138055555555556
2,0,0.0,2,1,1,0,0,1,0,0,5.575277777777778
2,0,0.0,2,2,1,0,2,1,0,0,5.154444444444445
1,0,0.0,1,1,1,0,1,1,1,0,0.0
3,0,0.0,1,1,2,0,2,2,2,0,1.1141666666666667
1,0,0.0,1,1,1,0,1,1,1,0,0.0
1,0,0.0,1,1,1,0,1,1,0,0,0.0
2,0,0.0,1,2,1,0,2,2,1,0,1.5338888888888889
1,0,0.0,1,1,1,0,1,1,0,1,0.0
2,0,0.0,2,1,2,0,1,2,1,0,2.906111111111111
1,0,0.0,1,1,1,0,0,1,0,0,0.0
1,0,0.0,1,1,1,0,0,1,0,0,0.0
1,0,0.0,1,1,1,0,0,1,0,0,0.0
2,0,0.0,2,1,2,0,1,2,1,0,0.4986111111111111
3,0,0.0,3,3,2,0,2,1,0,0,1.6175
3,0,0.0,2,2,2,0,1,1,0,0,1.1877777777777778
1,0,0.0,1,1,1,0,1,1,0,0,0.0
1,0,0.0,1,1,1,0,1,1,0,0,0.0
1,0,0.0,1,1,1,0,0,1,0,0,0.0
1,0,0.0,1,1,1,0,1,1,0,0,0.0
1,0,0.0,1,1,1,0,1,1,1,0,0.0
1,0,0.0,1,1,1,0,0,1,0,0,0.0
3,0,0.0,2,2,1,0,3,1,0,0,0.39305555555555555
1,0,0.0,1,1,1,0,0,1,0,0,0.0
1,0,0.0,1,1,1,0,0,1,0,0,0.0
1,0,0.0,1,1,1,0,1,1,1,0,0.0
1,0,0.0,1,1,1,0,1,1,0,0,0.0
3,0,0.0,3,3,1,0,3,1,0,0,0.5675
6,0,0.0,6,5,1,0,0,1,0,0,7.713055555555556
4,0,0.0,3,1,2,0,1,2,1,0,6.1725
2,0,0.0,2,2,1,0,2,2,1,0,1.1205555555555555
1,0,0.0,1,1,1,0,1,1,1,0,0.0
3,0,0.0,2,2,1,0,3,1,0,0,3.665277777777778
1,0,0.0,1,1,1,0,1,1,0,0,0.0
2,0,0.0,2,2,2,0,1,1,0,0,0.2594444444444444
1,0,0.0,1,1,1,0,1,1,0,0,0.0
1,0,0.0,1,1,1,0,1,1,0,0,0.0
5,0,0.0,3,4,1,0,5,2,1,0,3.7177777777777776
2,0,0.0,2,2,1,0,2,2,1,0,0.6963888888888888
4,0,0.0,4,2,2,0,2,2,2,0,5.135
2,0,0.0,2,2,2,0,1,1,0,0,2.502222222222222
48,0,0.0,3,3,2,0,47,3,14,10,7.9325
1,0,0.0,1,1,1,0,1,1,1,0,0.0
6,0,0.0,4,3,2,0,4,2,2,0,7.163611111111111
2,0,0.0,2,1,1,0,2,1,2,0,0.8497222222222223
1,0,0.0,1,1,1,0,1,1,0,0,0.0
4,0,0.0,3,1,1,0,4,1,4,0,0.6125
11,0,0.0,1,1,1,0,11,2,5,0,7.7427777777777775
1,0,0.0,1,1,1,0,1,1,1,0,0.0
4,0,0.0,3,3,1,0,0,1,0,0,4.002777777777778
2,0,0.0,2,1,1,0,2,1,2,0,0.9719444444444445
1,0,0.0,1,1,1,0,1,1,0,0,0.0
2,0,0.0,2,2,2,0,1,1,0,0,3.673888888888889
1,1,1.0,1,1,1,0,0,1,0,0,0.0
8,0,0.0,1,2,1,0,8,2,3,0,1.6969444444444444
1,0,0.0,1,1,1,0,1,1,1,0,0.0
3,0,0.0,3,2,2,0,2,2,1,0,6.440555555555555
3,0,0.0,3,2,2,0,2,2,1,0,0.6661111111111111
1,0,0.0,1,1,1,0,1,1,0,0,0.0
1,0,0.0,1,1,1,0,0,1,0,0,0.0
3,0,0.0,2,2,2,0,2,2,1,0,1.5680555555555555
1,0,0.0,1,1,1,0,1,1,0,0,0.0
1,0,0.0,1,1,1,0,1,1,0,0,0.0
5,0,0.0,4,2,2,0,2,2,1,0,6.461111111111111
4,0,0.0,3,3,2,0,3,1,0,0,3.3569444444444443
1,0,0.0,1,1,1,0,1,1,1,0,0.0
1,0,0.0,1,1,1,0,1,1,0,0,0.0
3,0,0.0,2,2,2,0,2,2,1,0,1.5005555555555556
3,0,0.0,2,3,1,0,3,2,1,0,0.2611111111111111
7,0,0.0,5,3,2,0,4,2,3,0,6.403888888888889
3,0,0.0,2,2,2,0,2,1,0,0,6.953888888888889
1,0,0.0,1,1,1,0,0,1,0,0,0.0
7,0,0.0,3,3,1,0,7,2,3,0,7.8372222222222225
5,0,0.0,3,2,2,0,4,2,3,0,7.611666666666666
3,0,0.0,3,3,2,0,2,2,1,0,4.144722222222223
3,0,0.0,3,1,1,0,3,1,3,0,1.2825
2,0,0.0,2,2,2,0,1,1,0,0,0.10888888888888888
1,0,0.0,1,1,1,0,1,1,1,0,0.0
1,0,0.0,1,1,1,0,1,1,0,0,0.0
3,0,0.0,2,3,1,0,3,2,1,0,0.1
1,0,0.0,1,1,1,0,0,1,0,0,0.0
6,0,0.0,3,3,2,0,5,3,2,1,0.785
1,0,0.0,1,1,1,0,0,1,0,0,0.0
1,0,0.0,1,1,1,0,1,1,0,0,0.0
3,0,0.0,3,2,2,0,1,1,0,0,2.033611111111111
10,0,0.0,5,3,2,0,8,3,2,1,3.94
2,0,0.0,2,2,2,0,1,1,0,0,0.011944444444444445
2,0,0.0,2,2,1,0,2,2,1,0,6.705
9,0,0.0,7,4,2,0,7,2,3,0,5.301666666666667
5,0,0.0,5,2,2,0,2,2,1,0,6.0313888888888885
1,0,0.0,1,1,1,0,1,1,0,0,0.0
3,0,0.0,3,3,2,0,2,1,0,0,0.3861111111111111
1,0,0.0,1,1,1,0,1,1,1,0,0.0
4,0,0.0,4,4,2,0,3,1,0,0,4.3625
3,0,0.0,2,2,2,0,2,1,0,0,4.703333333333333
1,0,0.0,1,1,1,0,1,1,1,0,0.0
1,0,0.0,1,1,1,0,1,1,0,0,0.0
1,0,0.0,1,1,1,0,1,1,1,0,0.0
4,0,0.0,3,3,1,0,4,2,2,0,5.944444444444445
4,0,0.0,1,1,1,0,4,1,0,0,4.8325
1,0,0.0,1,1,1,0,1,1,0,1,0.0
1,0,0.0,1,1,1,0,1,1,1,0,0.0
44,0,0.0,3,3,2,0,43,3,13,9,8.249722222222223
2,0,0.0,2,2,2,0,1,2,0,1,5.851111111111111
2,0,0.0,2,2,1,0,2,2,1,0,3.060277777777778
3,0,0.0,3,1,2,0,1,2,1,0,1.5341666666666667
3,0,0.0,3,3,2,0,1,1,0,0,1.2327777777777778
2,0,0.0,2,1,1,0,0,1,0,0,0.03222222222222222
4,0,0.0,4,1,2,0,1,2,1,0,1.5822222222222222
1,0,0.0,1,1,1,0,0,1,0,0,0.0
8,0,0.0,5,3,2,0,7,3,3,1,1.813611111111111
6,0,0.0,3,3,1,0,6,2,3,0,4.9094444444444445
4,0,0.0,3,2,2,0,2,1,0,0,3.7133333333333334
2,0,0.0,2,2,1,0,2,2,1,0,3.1425
1,0,0.0,1,1,1,0,1,1,0,0,0.0
2,0,0.0,2,1,2,0,1,2,1,0,2.0819444444444444
1,0,0.0,1,1,1,0,0,1,0,0,0.0
6,0,0.0,3,4,1,0,6,2,1,0,6.471111111111111
2,0,0.0,1,1,1,0,2,1,0,0,1.5705555555555555
2,0,0.0,2,1,1,0,2,1,2,0,0.6008333333333333
1,0,0.0,1,1,1,0,1,1,1,0,0.0
1,0,0.0,1,1,1,0,0,1,0,0,0.0
1,0,0.0,1,1,1,0,1,1,1,0,0.0
2,0,0.0,2,1,1,0,2,1,2,0,1.9808333333333332
3,0,0.0,2,1,1,0,0,1,0,0,8.1025
2,0,0.0,2,1,2,0,1,2,1,0,6.322222222222222
22,0,0.0,4,6,2,0,8,2,5,0,7.539166666666667
1,0,0.0,1,1,1,0,1,1,1,0,0.0
1,0,0.0,1,1,1,0,0,1,0,0,0.0
2,0,0.0,2,2,2,0,1,1,0,0,4.368888888888889
3,0,0.0,3,1,2,0,1,2,1,0,1.1847222222222222
1,1,1.0,1,1,1,0,0,1,0,0,0.0
4,0,0.0,4,2,2,0,2,2,2,0,7.207222222222223
2,0,0.0,2,1,1,0,2,1,2,0,7.7125
2,0,0.0,2,2,2,0,1,1,0,0,1.5816666666666668
1,0,0.0,1,1,1,0,1,1,1,0,0.0
2,0,0.0,2,2,2,0,1,1,0,0,5.637777777777778
4,0,0.0,4,2,1,0,4,2,3,0,0.9183333333333333
8,0,0.0,6,4,2,0,3,1,0,0,5.771111111111111
3,0,0.0,2,2,2,0,2,2,1,0,4.514166666666667
2,0,0.0,2,2,2,0,1,1,0,0,1.62
69,0,0.0,13,9,4,12,38,3,21,0,22.34611111111111
75,0,0.0,13,13,3,10,41,3,16,0,23.55388888888889
56,0,0.0,15,12,4,7,31,3,13,0,21.739166666666666
1,0,0.0,1,1,1,0,1,1,1,0,0.0
3,0,0.0,3,3,2,0,2,1,0,0,0.39
2,0,0.0,2,2,1,0,2,2,1,0,4.3405555555555555
2,0,0.0,2,1,1,0,0,1,0,0,1.01
4,0,0.0,2,3,1,0,4,2,2,0,0.7494444444444445
1,0,0.0,1,1,1,0,0,1,0,0,0.0
2,0,0.0,2,1,1,0,0,1,0,0,3.073611111111111
1,0,0.0,1,1,1,0,0,1,0,0,0.0
1,0,0.0,1,1,1,0,1,1,0,0,0.0
2,0,0.0,1,2,1,0,2,2,1,0,0.7275
1,0,0.0,1,1,1,0,0,1,0,0,0.0
5,0,0.0,1,2,1,0,5,2,4,0,1.5083333333333333
4,0,0.0,2,2,2,0,3,2,1,0,1.6755555555555555
1,0,0.0,1,1,1,0,1,1,0,0,0.0
5,0,0.0,1,2,1,0,5,2,4,0,4.016944444444444
2,0,0.0,2,1,2,0,1,2,1,0,1.0030555555555556
1,0,0.0,1,1,1,0,1,1,1,0,0.0
1,0,0.0,1,1,1,0,0,1,0,0,0.0
4,0,0.0,3,2,2,0,2,2,0,1,1.4025
1,0,0.0,1,1,1,0,1,1,0,0,0.0
3,0,0.0,3,3,1,0,3,2,1,0,8.273888888888889
2,0,0.0,2,2,1,0,2,2,1,0,1.2491666666666668
1,0,0.0,1,1,1,0,1,1,1,0,0.0
2,0,0.0,2,2,1,0,2,2,1,0,3.4816666666666665
5,0,0.0,5,2,2,0,2,2,1,0,2.9466666666666668
4,0,0.0,2,2,1,0,4,2,3,0,7.050277777777778
3,0,0.0,3,2,2,0,2,2,1,0,1.668611111111111
2,0,0.0,2,2,1,0,2,2,1,0,1.5452777777777778
2,0,0.0,2,2,1,0,2,2,1,0,0.09666666666666666
1,0,0.0,1,1,1,0,0,1,0,0,0.0
2,0,0.0,2,2,2,0,1,1,0,0,1.035
3,0,0.0,2,1,2,0,2,2,2,0,0.54
3,0,0.0,3,1,2,0,2,2,2,0,3.358611111111111
2,0,0.0,1,2,1,0,2,2,1,0,0.08277777777777778
2,0,0.0,2,1,2,0,1,2,1,0,3.9297222222222223
2,0,0.0,2,1,1,0,0,1,0,0,1.2255555555555555
2,0,0.0,2,2,2,0,1,1,0,0,0.33055555555555555
2,0,0.0,2,2,2,0,1,1,0,0,0.0044444444444444444
3,0,0.0,1,2,1,0,3,2,1,0,4.0136111111111115
1,0,0.0,1,1,1,0,1,1,1,0,0.0
3,0,0.0,2,2,2,0,1,1,0,0,0.37583333333333335
3,0,0.0,3,2,2,0,1,1,0,0,4.353611111111111
8,0,0.0,2,2,2,0,7,3,2,3,1.7916666666666667
1,0,0.0,1,1,1,0,1,1,1,0,0.0
1,0,0.0,1,1,1,0,1,1,0,0,0.0
4,0,0.0,3,3,2,0,3,2,1,0,7.4475
1,0,0.0,1,1,1,0,1,1,1,0,0.0
1,0,0.0,1,1,1,0,0,1,0,0,0.0
4,0,0.0,3,2,2,0,3,2,2,0,4.899444444444445
4,0,0.0,3,4,2,0,3,2,1,0,4.995277777777778
3,0,0.0,3,2,2,0,1,1,0,0,0.008888888888888889
1,0,0.0,1,1,1,0,0,1,0,0,0.0
3,0,0.0,1,2,1,0,3,2,2,0,2.5380555555555557
10,0,0.0,8,4,2,0,8,2,6,0,5.402222222222222
7,0,0.0,5,4,2,0,6,2,0,1,7.9225
3,0,0.0,2,2,1,0,3,1,0,0,7.003611111111111
4,0,0.0,2,3,1,0,4,2,1,0,0.43444444444444447
6,0,0.0,3,3,3,0,4,3,1,1,1.948888888888889
36,0,0.0,11,9,2,0,34,3,18,1,22.926944444444445
74,0,0.0,13,11,2,0,62,3,32,1,23.711111111111112
90,0,0.0,16,15,2,0,79,3,31,6,23.105833333333333
2,0,0.0,2,1,1,0,0,1,0,0,1.736388888888889
7,0,0.0,5,3,2,0,6,2,3,0,1.8680555555555556
1,0,0.0,1,1,1,0,1,1,0,0,0.0
2,0,0.0,2,2,1,0,2,2,1,0,0.4066666666666667
4,0,0.0,3,2,2,0,3,2,1,0,0.40194444444444444
1,0,0.0,1,1,1,0,0,1,0,0,0.0
2,0,0.0,1,1,1,0,2,1,0,0,0.9227777777777778
3,0,0.0,3,3,2,0,2,1,0,0,6.310833333333333
1,0,0.0,1,1,1,0,1,1,0,0,0.0
2,0,0.0,2,2,1,0,2,2,1,0,0.0038888888888888888
3,0,0.0,2,2,2,0,2,2,1,0,7.338888888888889
1,0,0.0,1,1,1,0,1,1,1,0,0.0
3,0,0.0,2,2,2,0,2,1,0,0,0.2225
5,0,0.0,1,2,2,0,4,1,0,0,1.0130555555555556
3,0,0.0,3,3,1,0,3,1,0,0,1.2522222222222221
1,0,0.0,1,1,1,0,0,1,0,0,0.0
2,0,0.0,2,2,1,0,2,2,1,0,3.8269444444444445
3,0,0.0,3,2,2,0,2,2,1,0,4.064722222222223
3,0,0.0,2,2,2,0,2,2,1,0,0.9391666666666667
1,0,0.0,1,1,1,0,1,1,0,0,0.0
3,0,0.0,3,1,2,0,2,2,2,0,8.6275
2,0,0.0,2,2,1,0,2,2,1,0,1.0002777777777778
1,0,0.0,1,1,1,0,1,1,1,0,0.0
3,0,0.0,3,1,2,0,2,2,2,0,0.24888888888888888
1,0,0.0,1,1,1,0,1,1,1,0,0.0
1,0,0.0,1,1,1,0,0,1,0,0,0.0
1,0,0.0,1,1,1,0,1,1,1,0,0.0
6,0,0.0,4,4,2,0,5,2,1,0,7.786944444444444
1,0,0.0,1,1,1,0,1,1,1,0,0.0
1,0,0.0,1,1,1,0,0,1,0,0,0.0
2,0,0.0,2,2,2,0,1,1,0,0,0.23083333333333333
2,0,0.0,2,2,2,0,1,1,0,0,1.0080555555555555
3,0,0.0,3,2,2,0,1,1,0,0,6.024166666666667
1,0,0.0,1,1,1,0,1,1,0,0,0.0
2,0,0.0,2,2,1,0,2,2,1,0,0.7522222222222222
3,0,0.0,3,3,2,0,2,1,0,0,4.991666666666666
1,0,0.0,1,1,1,0,1,1,0,0,0.0
1,0,0.0,1,1,1,0,0,1,0,0,0.0
2,0,0.0,2,2,1,0,2,1,0,0,6.530555555555556
2,0,0.0,2,2,1,0,2,2,1,0,6.706111111111111
1,0,0.0,1,1,1,0,0,1,0,0,0.0
2,0,0.0,2,1,2,0,1,2,1,0,1.0175
4,0,0.0,4,4,2,0,3,1,0,0,2.1772222222222224
1,0,0.0,1,1,1,0,1,1,0,1,0.0
3,0,0.0,2,1,1,0,3,1,3,0,3.395277777777778
4,0,0.0,3,2,2,0,1,2,1,0,7.633055555555556
4,0,0.0,3,4,2,0,3,1,0,0,4.9222222222222225
1,0,0.0,1,1,1,0,0,1,0,0,0.0
1,0,0.0,1,1,1,0,1,1,0,0,0.0
2,0,0.0,2,1,1,0,2,1,2,0,0.0002777777777777778
2,0,0.0,2,2,2,0,1,1,0,0,7.5488888888888885
1,0,0.0,1,1,1,0,0,1,0,0,0.0
7,0,0.0,3,2,2,0,6,2,5,0,5.456666666666667
2,0,0.0,2,2,2,0,1,1,0,0,0.10388888888888889
27,0,0.0,3,2,2,0,25,2,11,0,8.029722222222222
1,0,0.0,1,1,1,0,1,1,0,0,0.0
3,0,0.0,3,2,2,0,2,2,1,0,1.258888888888889
1,0,0.0,1,1,1,0,0,1,0,0,0.0
1,0,0.0,1,1,1,0,1,1,1,0,0.0
4,0,0.0,2,3,1,0,4,2,2,0,2.4983333333333335
2,0,0.0,1,2,1,0,2,2,1,0,0.0077777777777777776
1,0,0.0,1,1,1,0,1,1,1,0,0.0
4,0,0.0,3,3,2,0,2,1,0,0,1.9969444444444444
1,0,0.0,1,1,1,0,1,1,1,0,0.0
2,0,0.0,2,2,1,0,2,1,0,0,5.259722222222222
4,0,0.0,3,3,1,0,4,2,1,0,6.194166666666667
2,0,0.0,2,1,1,0,0,1,0,0,0.0008333333333333334
2,0,0.0,1,1,2,0,1,1,0,0,0.001388888888888889
2,0,0.0,2,2,2,0,1,1,0,0,5.705277777777778
2,0,0.0,2,2,1,0,2,2,1,0,1.9805555555555556
1,0,0.0,1,1,1,0,1,1,0,1,0.0
1,0,0.0,1,1,1,0,1,1,0,0,0.0
1,0,0.0,1,1,1,0,1,1,0,0,0.0
1,0,0.0,1,1,1,0,1,1,0,0,0.0
1,0,0.0,1,1,1,0,1,1,0,0,0.0
4,0,0.0,2,3,1,0,4,2,1,0,8.012777777777778
1,0,0.0,1,1,1,0,1,1,1,0,0.0
3,0,0.0,3,3,1,0,3,2,1,0,8.388055555555555
2,0,0.0,2,1,1,0,0,1,0,0,0.6636111111111112
1,0,0.0,1,1,1,0,1,1,0,0,0.0
5,0,0.0,3,3,1,0,5,2,1,0,4.745277777777778
2,0,0.0,1,1,1,0,2,1,0,0,4.211944444444445
4,0,0.0,3,3,2,0,3,2,1,0,6.931111111111111
2,0,0.0,2,1,1,0,2,1,2,0,1.6844444444444444
3,0,0.0,2,3,1,0,3,2,1,0,7.25
1,0,0.0,1,1,1,0,0,1,0,0,0.0
2,0,0.0,2,1,2,0,1,2,1,0,0.0005555555555555556
1,0,0.0,1,1,1,0,0,1,0,0,0.0
1,0,0.0,1,1,1,0,0,1,0,0,0.0
1,0,0.0,1,1,1,0,1,1,0,0,0.0
2,0,0.0,2,2,1,0,2,2,1,0,3.9897222222222224
1,0,0.0,1,1,1,0,1,1,0,0,0.0
1,0,0.0,1,1,1,0,1,1,0,0,0.0
3,0,0.0,2,2,2,0,2,2,1,0,0.4825
3,0,0.0,2,3,1,0,3,2,1,0,0.8777777777777778
1,0,0.0,1,1,1,0,0,1,0,0,0.0
1,0,0.0,1,1,1,0,1,1,1,0,0.0
5,0,0.0,4,1,2,0,3,2,3,0,6.458888888888889
1,0,0.0,1,1,1,0,0,1,0,0,0.0
1,0,0.0,1,1,1,0,1,1,1,0,0.0
1,0,0.0,1,1,1,0,1,1,1,0,0.0
2,0,0.0,1,2,1,0,2,2,1,0,0.006111111111111111
2,0,0.0,2,1,1,0,2,1,2,0,1.9561111111111111
30,0,0.0,2,3,1,0,30,2,9,0,8.245833333333334
1,0,0.0,1,1,1,0,1,1,0,0,0.0
2,0,0.0,2,2,1,0,2,1,2,0,0.4738888888888889
4,0,0.0,4,1,2,0,2,2,2,0,2.3933333333333335
1,0,0.0,1,1,1,0,0,1,0,0,0.0
2,0,0.0,1,1,1,0,2,1,0,0,2.1783333333333332
1,1,1.0,1,1,1,0,0,1,0,0,0.0
2,0,0.0,2,1,1,0,2,1,2,0,1.0830555555555557
1,0,0.0,1,1,1,0,1,1,1,0,0.0
3,0,0.0,3,3,1,0,3,2,1,0,4.9061111111111115
1,0,0.0,1,1,1,0,0,1,0,0,0.0
1,0,0.0,1,1,1,0,1,1,0,0,0.0
1,0,0.0,1,1,1,0,0,1,0,0,0.0
1,0,0.0,1,1,1,0,1,1,0,0,0.0
5,0,0.0,4,3,2,0,3,1,0,0,5.548611111111111
2,0,0.0,2,1,2,0,1,2,1,0,0.0005555555555555556
1,0,0.0,1,1,1,0,1,1,1,0,0.0
4,0,0.0,3,3,2,0,3,2,1,0,6.448055555555555
4,0,0.0,4,3,2,0,2,2,1,0,1.2816666666666667
12,0,0.0,5,6,1,0,12,2,3,0,8.48
1,0,0.0,1,1,1,0,1,1,1,0,0.0
1,0,0.0,1,1,1,0,0,1,0,0,0.0
1,0,0.0,1,1,1,0,1,1,1,0,0.0
1,0,0.0,1,1,1,0,0,1,0,0,0.0
2,0,0.0,2,1,2,0,1,2,1,0,0.595
52,0,0.0,17,11,4,1,25,2,14,0,9.196944444444444
102,0,0.0,13,9,2,0,87,3,37,1,9.268611111111111
46,0,0.0,13,11,2,0,33,2,10,0,9.328888888888889
2,0,0.0,2,2,1,0,2,2,1,0,6.440833333333333
1,0,0.0,1,1,1,0,1,1,0,0,0.0
1,0,0.0,1,1,1,0,1,1,1,0,0.0
2,0,0.0,2,1,2,0,1,2,1,0,0.8291666666666667
1,0,0.0,1,1,1,0,1,1,1,0,0.0
7,0,0.0,4,4,2,0,5,1,0,0,6.536388888888889
1,0,0.0,1,1,1,0,1,1,1,0,0.0
1,0,0.0,1,1,1,0,0,1,0,0,0.0
4,0,0.0,2,1,2,0,3,2,3,0,2.318611111111111
7,0,0.0,5,5,1,0,7,2,2,0,7.264722222222222
1,0,0.0,1,1,1,0,0,1,0,0,0.0
2,0,0.0,2,2,2,0,1,2,1,0,0.3202777777777778
1,0,0.0,1,1,1,0,1,1,1,0,0.0
1,0,0.0,1,1,1,0,1,1,0,0,0.0
1,0,0.0,1,1,1,0,1,1,1,0,0.0
3,0,0.0,2,2,2,0,2,1,0,0,1.5744444444444445
1,0,0.0,1,1,1,0,1,1,1,0,0.0
1,0,0.0,1,1,1,0,1,1,0,0,0.0
2,0,0.0,2,2,2,0,1,1,0,0,0.01
1,0,0.0,1,1,1,0,0,1,0,0,0.0
3,0,0.0,1,1,1,0,3,1,0,0,0.6783333333333333
1,0,0.0,1,1,1,0,1,1,1,0,0.0
2,0,0.0,2,1,1,0,0,1,0,0,0.03944444444444444
2,0,0.0,2,1,1,0,2,1,2,0,0.11305555555555556
6,0,0.0,5,5,2,0,5,1,0,0,5.521388888888889
1,0,0.0,1,1,1,0,1,1,1,0,0.0
2,0,0.0,2,2,1,0,2,1,2,0,0.050277777777777775
1,0,0.0,1,1,1,0,0,1,0,0,0.0
1,0,0.0,1,1,1,0,1,1,0,0,0.0
5,0,0.0,4,5,1,0,5,2,2,0,8.33388888888889
1,0,0.0,1,1,1,0,1,1,0,0,0.0
2,0,0.0,2,2,1,0,2,2,1,0,7.539166666666667
4,0,0.0,3,3,1,0,4,2,1,0,6.033333333333333
5,0,0.0,5,4,1,0,5,2,2,0,3.1391666666666667
2,0,0.0,2,2,1,0,2,2,1,0,0.3436111111111111
2,0,0.0,2,2,1,0,2,2,1,0,1.2438888888888888
3,0,0.0,3,3,2,0,2,1,0,0,0.35888888888888887
2,0,0.0,2,1,2,0,1,2,1,0,0.050277777777777775
1,0,0.0,1,1,1,0,0,1,0,0,0.0
6,0,0.0,4,3,3,0,4,3,2,0,6.771111111111111
1,0,0.0,1,1,1,0,0,1,0,0,0.0
3,0,0.0,3,3,2,0,1,2,1,0,0.28194444444444444
1,0,0.0,1,1,1,0,0,1,0,0,0.0
2,0,0.0,2,2,2,0,1,1,0,0,0.4463888888888889
2,0,0.0,2,2,1,0,2,1,2,0,3.7802777777777776
4,0,0.0,3,4,2,0,3,2,1,0,6.027777777777778
5,0,0.0,1,2,1,0,5,2,1,0,0.49277777777777776
1,1,1.0,1,1,1,0,0,1,0,0,0.0
2,0,0.0,2,2,2,0,1,2,1,0,4.128611111111111
22,0,0.0,4,2,2,0,3,2,1,0,7.6033333333333335
1,0,0.0,1,1,1,0,1,1,1,0,0.0
1,0,0.0,1,1,1,0,1,1,0,0,0.0
1,0,0.0,1,1,1,0,0,1,0,0,0.0
2,0,0.0,2,2,2,0,0,2,0,0,0.3136111111111111
1,0,0.0,1,1,1,0,1,1,0,0,0.0
1,0,0.0,1,1,1,0,1,1,0,0,0.0
1,0,0.0,1,1,1,0,1,1,1,0,0.0
4,0,0.0,4,2,2,0,2,2,1,0,1.163888888888889
1,0,0.0,1,1,1,0,0,1,0,0,0.0
4,0,0.0,3,3,1,0,4,1,0,0,4.3758333333333335
1,0,0.0,1,1,1,0,1,1,0,0,0.0
1,0,0.0,1,1,1,0,0,1,0,0,0.0
3,0,0.0,3,1,2,0,1,2,1,0,0.0044444444444444444
2,0,0.0,2,2,2,0,1,1,0,0,2.591666666666667
1,0,0.0,1,1,1,0,0,1,0,0,0.0
2,0,0.0,2,1,2,0,1,2,1,0,8.335833333333333
3,0,0.0,3,3,1,0,3,2,1,0,1.9947222222222223
1,0,0.0,1,1,1,0,1,1,1,0,0.0
2,0,0.0,1,2,2,0,1,1,0,0,1.7236111111111112
1,0,0.0,1,1,1,0,1,1,0,0,0.0
2,0,0.0,2,2,2,0,1,1,0,0,0.03861111111111111
3,0,0.0,3,1,2,0,1,2,1,0,5.365833333333334
4,0,0.0,3,2,2,0,1,1,0,0,2.9144444444444444
2,0,0.0,2,1,1,0,0,1,0,0,0.004722222222222222
1,0,0.0,1,1,1,0,1,1,0,0,0.0
1,0,0.0,1,1,1,0,1,1,1,0,0.0
1,0,0.0,1,1,1,0,1,1,1,0,0.0
1,0,0.0,1,1,1,0,1,1,0,0,0.0
1,0,0.0,1,1,1,0,0,1,0,0,0.0
4,0,0.0,4,2,2,0,3,2,2,0,1.3327777777777778
1,0,0.0,1,1,1,0,0,1,0,0,0.0
1,0,0.0,1,1,1,0,1,1,0,0,0.0
4,0,0.0,3,4,1,0,4,2,1,0,3.4669444444444446
2,0,0.0,2,1,1,0,0,1,0,0,0.9919444444444444
3,0,0.0,3,2,2,0,2,2,1,0,0.02638888888888889
1,0,0.0,1,1,1,0,1,1,0,0,0.0
1,0,0.0,1,1,1,0,0,1,0,0,0.0
1,0,0.0,1,1,1,0,0,1,0,0,0.0
2,0,0.0,2,1,2,0,1,2,1,0,5.336666666666667
1,0,0.0,1,1,1,0,0,1,0,0,0.0
2,0,0.0,2,2,1,0,2,1,0,0,1.8397222222222223
4,0,0.0,2,3,1,0,4,2,1,0,5.125555555555556
1,0,0.0,1,1,1,0,0,1,0,0,0.0
3,0,0.0,2,2,1,0,3,2,2,0,2.738888888888889
5,0,0.0,2,3,2,0,4,1,0,0,8.23611111111111
3,0,0.0,3,3,2,0,2,1,0,0,0.33166666666666667
2,0,0.0,2,2,2,0,1,1,0,0,1.0452777777777778
7,0,0.0,3,4,1,0,7,2,4,0,1.1647222222222222
1,0,0.0,1,1,1,0,1,1,0,0,0.0
1,0,0.0,1,1,1,0,0,1,0,0,0.0
1,0,0.0,1,1,1,0,0,1,0,0,0.0
1,0,0.0,1,1,1,0,1,1,1,0,0.0
1,0,0.0,1,1,1,0,0,1,0,0,0.0
2,0,0.0,2,2,2,0,1,1,0,0,0.011944444444444445
1,0,0.0,1,1,1,0,0,1,0,0,0.0
3,0,0.0,3,2,2,0,2,2,1,0,5.166111111111111
4,0,0.0,2,1,2,0,3,2,3,0,0.68
1,0,0.0,1,1,1,0,1,1,1,0,0.0
1,0,0.0,1,1,1,0,1,1,1,0,0.0
2,0,0.0,2,2,1,0,2,1,0,0,0.19833333333333333
3,0,0.0,3,2,1,0,3,2,2,0,1.52
227,0,0.0,30,19,3,0,9,2,3,0,8.59388888888889
5,0,0.0,4,3,1,0,5,2,2,0,5.314722222222223
1,0,0.0,1,1,1,0,1,1,0,0,0.0
4,0,0.0,3,3,2,0,3,2,1,0,6.867222222222222
1,0,0.0,1,1,1,0,1,1,1,0,0.0
1,0,0.0,1,1,1,0,0,1,0,0,0.0
2,0,0.0,2,1,2,0,1,2,1,0,0.36916666666666664
1,0,0.0,1,1,1,0,1,1,1,0,0.0
1,0,0.0,1,1,1,0,1,1,0,0,0.0
1,0,0.0,1,1,1,0,1,1,0,0,0.0
6,0,0.0,4,2,2,0,3,2,2,0,7.318333333333333
2,0,0.0,2,1,1,0,2,1,2,0,1.8497222222222223
1,0,0.0,1,1,1,0,1,1,0,0,0.0
2,0,0.0,1,2,1,0,2,2,1,0,0.004166666666666667
2,0,0.0,1,2,1,0,2,2,1,0,1.8252777777777778
3,0,0.0,3,3,1,0,3,2,1,0,3.565
1,0,0.0,1,1,1,0,1,1,0,0,0.0
2,0,0.0,2,1,2,0,1,2,1,0,0.0175
3,0,0.0,2,2,2,0,2,2,1,0,1.82
1,0,0.0,1,1,1,0,0,1,0,0,0.0
2,0,0.0,2,2,1,0,2,2,1,0,5.781944444444444
4,0,0.0,4,4,1,0,4,2,2,0,5.456111111111111
2,0,0.0,2,2,1,0,2,2,1,0,2.0655555555555556
13,0,0.0,3,1,1,0,0,1,0,0,6.135277777777778
1,0,0.0,1,1,1,0,1,1,0,0,0.0
3,0,0.0,2,2,2,0,2,2,1,0,4.981388888888889
1,0,0.0,1,1,1,0,0,1,0,0,0.0
2,0,0.0,1,2,1,0,2,2,1,0,5.440277777777778
2,0,0.0,1,2,1,0,2,2,1,0,1.9172222222222222
3,0,0.0,2,2,2,0,2,2,1,0,7.540555555555556
13,0,0.0,7,7,1,0,13,2,9,0,7.663055555555555
3,0,0.0,3,3,2,0,2,1,0,0,0.42333333333333334
1,0,0.0,1,1,1,0,1,1,0,0,0.0
2,0,0.0,2,1,2,0,1,2,0,1,1.6569444444444446
2,0,0.0,1,1,1,0,2,1,0,0,0.31277777777777777
1,0,0.0,1,1,1,0,1,1,1,0,0.0
3,0,0.0,2,2,2,0,2,2,1,0,2.5213888888888887
3,0,0.0,2,2,1,0,3,2,1,0,5.971111111111111
1,0,0.0,1,1,1,0,1,1,1,0,0.0
2,0,0.0,1,1,1,0,2,1,0,0,1.6852777777777779
1,0,0.0,1,1,1,0,0,1,0,0,0.0
1,0,0.0,1,1,1,0,1,1,0,0,0.0
2,0,0.0,2,1,2,0,1,2,1,0,1.0897222222222223
1,0,0.0,1,1,1,0,1,1,0,0,0.0
1,0,0.0,1,1,1,0,0,1,0,0,0.0
6,0,0.0,4,3,2,0,3,1,0,0,1.0166666666666666
2,0,0.0,2,2,1,0,2,2,1,0,0.8347222222222223
3,0,0.0,3,1,2,0,1,2,1,0,3.891111111111111
1,0,0.0,1,1,1,0,1,1,0,0,0.0
1,0,0.0,1,1,1,0,0,1,0,0,0.0
2,0,0.0,2,2,1,0,2,1,0,0,1.788888888888889
4,0,0.0,4,3,2,0,2,2,1,0,5.015
60,0,0.0,2,3,1,0,60,2,0,27,8.389166666666666
3,0,0.0,2,2,1,0,3,2,2,0,1.4241666666666666
1,0,0.0,1,1,1,0,1,1,0,0,0.0
1,0,0.0,1,1,1,0,1,1,0,0,0.0
60,0,0.0,19,17,3,0,45,2,10,0,17.072777777777777
77,0,0.0,19,16,2,0,56,3,27,2,23.316388888888888
63,0,0.0,14,11,3,0,52,2,27,0,23.469722222222224
1,0,0.0,1,1,1,0,1,1,1,0,0.0
3,0,0.0,2,3,2,0,2,1,0,0,0.8252777777777778
1,0,0.0,1,1,1,0,1,1,0,0,0.0
3,0,0.0,2,1,2,0,1,2,1,0,0.07361111111111111
2,0,0.0,2,2,1,0,2,1,0,0,7.021944444444444
5,0,0.0,4,3,2,0,4,2,0,1,8.0075
4,0,0.0,4,3,2,0,1,1,0,0,0.4211111111111111
1,0,0.0,1,1,1,0,0,1,0,0,0.0
1,0,0.0,1,1,1,0,1,1,1,0,0.0
1,0,0.0,1,1,1,0,0,1,0,0,0.0
1,0,0.0,1,1,1,0,1,1,1,0,0.0
1,0,0.0,1,1,1,0,1,1,1,0,0.0
2,0,0.0,2,2,1,0,2,2,1,0,0.11722222222222223
1,0,0.0,1,1,1,0,1,1,1,0,0.0
1,0,0.0,1,1,1,0,1,1,0,0,0.0
1,0,0.0,1,1,1,0,0,1,0,0,0.0
2,0,0.0,2,1,1,0,0,1,0,0,0.9925
2,0,0.0,2,1,2,0,1,2,1,0,0.285
1,0,0.0,1,1,1,0,1,1,1,0,0.0
2,0,0.0,2,1,1,0,2,2,1,1,0.22055555555555556
4,0,0.0,3,2,2,0,3,2,2,0,8.163333333333334
4,0,0.0,3,3,1,0,4,2,1,0,0.7005555555555556
1,0,0.0,1,1,1,0,1,1,1,0,0.0
1,0,0.0,1,1,1,0,0,1,0,0,0.0
1,1,1.0,1,1,1,0,0,1,0,0,0.0
1,0,0.0,1,1,1,0,1,1,1,0,0.0
1,0,0.0,1,1,1,0,1,1,1,0,0.0
1,0,0.0,1,1,1,0,1,1,0,0,0.0
3,0,0.0,3,3,2,0,1,1,0,0,1.5722222222222222
1,0,0.0,1,1,1,0,1,1,1,0,0.0
2,0,0.0,2,2,2,0,1,1,0,0,1.2802777777777778
1,0,0.0,1,1,1,0,0,1,0,0,0.0
1,0,0.0,1,1,1,0,1,1,0,0,0.0
2,0,0.0,2,2,1,0,2,1,0,0,6.851666666666667
2,0,0.0,2,2,1,0,2,2,1,0,0.8952777777777777
2,0,0.0,2,1,2,0,1,2,1,0,1.0025
2,0,0.0,2,1,1,0,2,1,2,0,0.39916666666666667
3,0,0.0,3,1,2,0,1,2,1,0,3.1519444444444447
1,0,0.0,1,1,1,0,0,1,0,0,0.0
1,0,0.0,1,1,1,0,0,1,0,0,0.0
1,0,0.0,1,1,1,0,0,1,0,0,0.0
3,0,0.0,2,2,1,0,3,2,0,2,0.9894444444444445
4,0,0.0,3,3,1,0,4,2,2,0,1.0219444444444445
1,0,0.0,1,1,1,0,0,1,0,0,0.0
1,0,0.0,1,1,1,0,1,1,0,0,0.0
1,0,0.0,1,1,1,0,1,1,1,0,0.0
2,0,0.0,2,1,1,0,2,1,2,0,0.5077777777777778
1,0,0.0,1,1,1,0,1,1,1,0,0.0
1,0,0.0,1,1,1,0,1,1,1,0,0.0
2,0,0.0,2,1,2,0,0,1,0,0,0.001388888888888889
2,0,0.0,2,1,1,0,0,1,0,0,0.0030555555555555557
1,0,0.0,1,1,1,0,1,1,0,0,0.0
2,0,0.0,1,1,1,0,2,1,0,0,2.002222222222222
2,0,0.0,2,2,2,0,1,1,0,0,0.011666666666666667
1,0,0.0,1,1,1,0,1,1,1,0,0.0
4,0,0.0,3,3,1,0,4,3,2,1,0.2286111111111111
3,0,0.0,2,2,2,0,2,2,0,1,0.9858333333333333
3,0,0.0,2,2,1,0,3,2,2,0,1.0455555555555556
1,0,0.0,1,1,1,0,1,1,1,0,0.0
1,0,0.0,1,1,1,0,1,1,0,0,0.0
3,0,0.0,3,2,2,0,1,1,0,0,5.081666666666667
4,0,0.0,4,3,2,0,3,2,1,0,6.128611111111111
1,0,0.0,1,1,1,0,1,1,1,0,0.0
1,0,0.0,1,1,1,0,1,1,0,0,0.0
1,0,0.0,1,1,1,0,1,1,1,0,0.0
3,0,0.0,2,3,1,0,3,2,1,0,1.8594444444444445
3,0,0.0,3,3,2,0,2,1,0,0,3.2383333333333333
6,0,0.0,4,5,3,1,2,2,1,0,0.6747222222222222
4,0,0.0,3,4,2,0,3,2,3,0,3.2802777777777776
1,0,0.0,1,1,1,0,0,1,0,0,0.0
2,0,0.0,2,2,1,0,2,2,1,0,6.825277777777778
1,0,0.0,1,1,1,0,0,1,0,0,0.0
1,0,0.0,1,1,1,0,1,1,0,0,0.0
3,0,0.0,3,1,2,0,1,2,1,0,1.053611111111111
4,0,0.0,4,3,1,0,4,2,2,0,2.633888888888889
7,0,0.0,5,4,2,0,5,2,3,0,8.377222222222223
1,0,0.0,1,1,1,0,1,1,1,0,0.0
1,0,0.0,1,1,1,0,1,1,1,0,0.0
4,0,0.0,3,3,2,0,3,1,0,0,0.8630555555555556
1,0,0.0,1,1,1,0,1,1,0,0,0.0
1,0,0.0,1,1,1,0,1,1,0,0,0.0
2,0,0.0,2,2,1,0,2,1,0,0,3.2158333333333333
1,0,0.0,1,1,1,0,1,1,0,0,0.0
1,0,0.0,1,1,1,0,0,1,0,0,0.0
5,0,0.0,3,2,2,0,3,2,2,0,7.221666666666667
1,0,0.0,1,1,1,0,1,1,0,0,0.0
1,0,0.0,1,1,1,0,0,1,0,0,0.0
1,0,0.0,1,1,1,0,1,1,1,0,0.0
1,0,0.0,1,1,1,0,1,1,1,0,0.0
2,0,0.0,1,1,1,0,2,1,0,2,0.042777777777777776
1,0,0.0,1,1,1,0,0,1,0,0,0.0
1,0,0.0,1,1,1,0,1,1,1,0,0.0
1,0,0.0,1,1,1,0,1,1,0,0,0.0
3,0,0.0,3,3,1,0,3,2,1,0,6.099722222222222
2,0,0.0,2,1,2,0,1,2,1,0,0.7241666666666666
1,1,1.0,1,1,1,0,0,1,0,0,0.0
2,0,0.0,2,1,2,0,1,2,1,0,1.8055555555555556
2,0,0.0,2,2,1,0,2,2,1,0,1.3225
1,0,0.0,1,1,1,0,0,1,0,0,0.0
1,0,0.0,1,1,1,0,0,1,0,0,0.0
2,0,0.0,2,1,1,0,2,1,2,0,4.8997222222222225
1,0,0.0,1,1,1,0,1,1,0,0,0.0
3,0,0.0,2,2,2,0,1,1,0,0,1.6477777777777778
14,0,0.0,4,5,1,0,14,2,8,0,8.495833333333334
2,0,0.0,2,2,1,0,2,2,1,0,0.375
4,0,0.0,4,1,3,0,2,2,2,0,1.1880555555555556
2,0,0.0,2,1,2,0,1,2,1,0,1.9502777777777778
1,0,0.0,1,1,1,0,0,1,0,0,0.0
1,1,1.0,1,1,1,0,0,1,0,0,0.0
3,0,0.0,3,1,1,0,0,1,0,0,1.0480555555555555
3,0,0.0,3,2,2,0,1,1,0,0,0.013888888888888888
2,0,0.0,2,2,1,0,2,1,0,0,4.820833333333334
1,0,0.0,1,1,1,0,1,1,0,0,0.0
1,0,0.0,1,1,1,0,1,1,1,0,0.0
2,0,0.0,1,1,1,0,0,1,0,0,0.7988888888888889
1,0,0.0,1,1,1,0,0,1,0,0,0.0
1,0,0.0,1,1,1,0,1,1,1,0,0.0
1,0,0.0,1,1,1,0,1,1,0,0,0.0
3,0,0.0,3,2,1,0,3,2,2,0,2.3969444444444443
2,0,0.0,2,2,1,0,2,1,0,0,3.852222222222222
2,0,0.0,2,1,1,0,2,1,2,0,3.435277777777778
1,0,0.0,1,1,1,0,0,1,0,0,0.0
2,0,0.0,1,1,1,0,2,1,0,0,4.721111111111111
5,0,0.0,2,3,2,0,4,1,0,0,6.565277777777778
4,0,0.0,4,2,2,0,3,2,2,0,6.518611111111111
2,0,0.0,2,1,2,0,1,2,1,0,2.265
1,0,0.0,1,1,1,0,1,1,1,0,0.0
1,0,0.0,1,1,1,0,1,1,0,0,0.0
67,0,0.0,12,7,3,0,39,2,16,0,11.693055555555556
57,0,0.0,12,7,3,0,36,3,14,1,11.008888888888889
76,0,0.0,13,10,3,0,54,2,24,0,11.025555555555556
1,1,1.0,1,1,1,0,0,1,0,0,0.0
1,0,0.0,1,1,1,0,0,1,0,0,0.0
1,0,0.0,1,1,1,0,0,1,0,0,0.0
2,0,0.0,2,2,1,0,2,2,1,0,0.0625
6,0,0.0,5,4,2,0,5,2,2,0,7.964166666666666
3,0,0.0,3,2,2,0,2,2,1,0,0.14444444444444443
2,0,0.0,2,2,1,0,2,1,0,0,0.018333333333333333
2,0,0.0,2,2,2,0,1,2,0,0,3.602222222222222
2,0,0.0,2,2,2,0,1,1,0,0,5.416111111111111
1,0,0.0,1,1,1,0,0,1,0,0,0.0
2,0,0.0,2,2,1,0,2,2,1,0,0.005
2,0,0.0,2,2,2,0,1,1,0,0,0.5972222222222222
2,0,0.0,2,2,1,0,2,1,0,0,0.012222222222222223
2,0,0.0,2,2,1,0,2,2,1,0,6.862777777777778
1,0,0.0,1,1,1,0,0,1,0,0,0.0
1,0,0.0,1,1,1,0,1,1,1,0,0.0
1,0,0.0,1,1,1,0,1,1,0,0,0.0
3,0,0.0,3,2,1,0,3,2,2,0,5.458333333333333
1,0,0.0,1,1,1,0,1,1,0,0,0.0
1,0,0.0,1,1,1,0,1,1,0,0,0.0
1,0,0.0,1,1,1,0,1,1,1,0,0.0
1,0,0.0,1,1,1,0,0,1,0,0,0.0
2,0,0.0,2,2,1,0,2,2,1,0,1.0494444444444444
2,0,0.0,2,2,1,0,2,2,1,0,3.9077777777777776
1,0,0.0,1,1,1,0,1,1,0,0,0.0
4,0,0.0,3,2,2,0,2,2,0,1,1.2902777777777779
1,0,0.0,1,1,1,0,1,1,0,0,0.0
2,0,0.0,1,2,2,0,1,1,0,0,0.7444444444444445
3,0,0.0,3,3,2,0,2,1,0,0,5.39
1,0,0.0,1,1,1,0,1,1,0,0,0.0
1,0,0.0,1,1,1,0,0,1,0,0,0.0
1,0,0.0,1,1,1,0,0,1,0,0,0.0
5,0,0.0,2,3,1,0,5,2,1,0,4.02
3,0,0.0,2,1,2,0,1,2,1,0,0.005833333333333334
2,0,0.0,2,1,2,0,1,2,1,0,1.06
2,0,0.0,1,1,1,0,2,1,0,0,1.0144444444444445
1,0,0.0,1,1,1,0,1,1,1,0,0.0
1,0,0.0,1,1,1,0,0,1,0,0,0.0
1,0,0.0,1,1,1,0,0,1,0,0,0.0
2,0,0.0,2,2,1,0,2,2,1,0,0.015
1,0,0.0,1,1,1,0,1,1,1,0,0.0
3,0,0.0,3,1,2,0,1,2,1,0,0.2697222222222222
2,0,0.0,1,1,2,0,1,2,1,0,2.5675
2,0,0.0,2,1,2,0,1,2,1,0,3.1038888888888887
1,0,0.0,1,1,1,0,1,1,1,0,0.0
3,0,0.0,3,2,2,0,1,1,0,0,1.0305555555555554
3,0,0.0,3,3,1,0,3,2,1,0,6.3438888888888885
2,0,0.0,2,1,2,0,1,2,1,0,0.09277777777777778
3,0,0.0,3,2,1,0,3,2,2,0,7.1691666666666665
4,0,0.0,2,1,2,0,3,2,3,0,1.405
4,0,0.0,3,3,1,0,4,1,0,0,1.8591666666666666
11,0,0.0,1,3,3,3,6,2,0,3,7.964722222222222
7,0,0.0,1,2,2,0,4,2,0,2,1.326111111111111
1,0,0.0,1,1,1,0,0,1,0,0,0.0
4,0,0.0,3,4,1,0,4,2,1,0,6.0475
1,0,0.0,1,1,1,0,0,1,0,0,0.0
1,0,0.0,1,1,1,0,0,1,0,0,0.0
2,0,0.0,2,2,1,0,2,2,1,0,0.5952777777777778
3,0,0.0,3,2,1,0,3,2,2,0,4.884722222222222
3,0,0.0,2,2,1,0,3,2,2,0,6.541666666666667
5,0,0.0,4,3,2,0,4,2,1,0,2.1491666666666664
1,0,0.0,1,1,1,0,1,1,1,0,0.0
1,0,0.0,1,1,1,0,1,1,1,0,0.0
3,0,0.0,2,2,2,0,2,2,1,0,6.520277777777777
1,0,0.0,1,1,1,0,0,1,0,0,0.0
3,0,0.0,3,3,1,0,3,2,1,0,0.10611111111111111
4,0,0.0,4,3,2,0,3,2,1,0,1.5830555555555557
2,0,0.0,2,2,1,0,2,1,0,0,4.396388888888889
3,0,0.0,3,2,1,0,3,2,2,0,0.7483333333333333
1,0,0.0,1,1,1,0,0,1,0,0,0.0
18,0,0.0,5,4,3,1,14,2,7,0,7.725833333333333
1,0,0.0,1,1,1,0,1,1,1,0,0.0
1,0,0.0,1,1,1,0,1,1,1,0,0.0
1,0,0.0,1,1,1,0,0,1,0,0,0.0
3,0,0.0,2,2,2,0,2,2,1,0,6.6075
4,0,0.0,4,3,2,0,2,1,0,0,6.2155555555555555
1,0,0.0,1,1,1,0,0,1,0,0,0.0
1,0,0.0,1,1,1,0,0,1,0,0,0.0
2,0,0.0,2,2,2,0,1,1,0,0,1.3680555555555556
1,0,0.0,1,1,1,0,1,1,0,0,0.0
3,0,0.0,2,2,2,0,2,1,0,0,1.0341666666666667
1,0,0.0,1,1,1,0,0,1,0,0,0.0
2,0,0.0,1,1,1,0,2,1,2,0,0.007222222222222222
7,0,0.0,2,2,1,0,7,3,1,1,0.74
1,0,0.0,1,1,1,0,0,1,0,0,0.0
1,0,0.0,1,1,1,0,0,1,0,0,0.0
1,0,0.0,1,1,1,0,0,1,0,0,0.0
1,0,0.0,1,1,1,0,1,1,1,0,0.0
2,0,0.0,2,2,1,0,2,1,0,0,3.283888888888889
1,0,0.0,1,1,1,0,1,1,1,0,0.0
1,0,0.0,1,1,1,0,1,1,1,0,0.0
1,0,0.0,1,1,1,0,1,1,1,0,0.0
1,0,0.0,1,1,1,0,1,1,1,0,0.0
2,0,0.0,1,2,1,0,2,2,1,0,0.0002777777777777778
1,0,0.0,1,1,1,0,1,1,1,0,0.0
1,0,0.0,1,1,1,0,1,1,0,0,0.0
3,0,0.0,3,2,1,0,3,1,3,0,0.9125
1,0,0.0,1,1,1,0,1,1,0,0,0.0
2,0,0.0,2,1,2,0,1,2,1,0,0.25833333333333336
1,0,0.0,1,1,1,0,0,1,0,0,0.0
1,0,0.0,1,1,1,0,1,1,0,0,0.0
2,0,0.0,1,2,1,0,2,2,1,0,5.011388888888889
3,0,0.0,3,3,2,0,2,1,0,0,0.7947222222222222
3,0,0.0,3,3,1,0,3,2,2,0,6.0375
2,0,0.0,1,2,1,0,2,2,1,0,0.006666666666666667
1,0,0.0,1,1,1,0,1,1,0,0,0.0
39,0,0.0,2,2,2,0,38,3,9,10,7.983055555555556
1,0,0.0,1,1,1,0,1,1,1,0,0.0
2,0,0.0,2,1,2,0,1,2,1,0,0.0005555555555555556
2,0,0.0,2,2,1,0,2,1,0,0,0.06222222222222222
10,0,0.0,4,3,3,0,8,2,4,0,0.8511111111111112
1,0,0.0,1,1,1,0,1,1,1,0,0.0
1,0,0.0,1,1,1,0,1,1,0,0,0.0
3,0,0.0,3,3,1,0,3,2,1,0,3.2919444444444443
2,0,0.0,2,2,1,0,2,2,1,0,0.025555555555555557
1,0,0.0,1,1,1,0,0,1,0,0,0.0
2,0,0.0,2,1,1,0,0,1,0,0,0.44222222222222224
3,0,0.0,2,2,1,0,3,1,0,0,6.155555555555556
1,0,0.0,1,1,1,0,0,1,0,0,0.0
3,0,0.0,3,3,1,0,3,2,2,0,3.3444444444444446
1,0,0.0,1,1,1,0,0,1,0,0,0.0
4,0,0.0,2,3,1,0,4,2,1,0,5.404722222222222
4,0,0.0,3,3,1,0,4,2,3,0,5.291666666666667
1,0,0.0,1,1,1,0,1,1,1,0,0.0
1,0,0.0,1,1,1,0,0,1,0,0,0.0
2,0,0.0,2,2,2,0,1,1,0,0,1.2172222222222222
3,0,0.0,3,2,2,0,2,2,1,0,1.021111111111111
1,0,0.0,1,1,1,0,1,1,1,0,0.0
1,0,0.0,1,1,1,0,1,1,1,0,0.0
3,0,0.0,3,2,1,0,3,2,2,1,1.0652777777777778
2,0,0.0,2,1,1,0,0,1,0,0,0.9605555555555556
1,0,0.0,1,1,1,0,0,1,0,0,0.0
1,0,0.0,1,1,1,0,0,1,0,0,0.0
2,0,0.0,2,1,1,0,2,1,2,0,0.19305555555555556
1,0,0.0,1,1,1,0,1,1,0,0,0.0
1,0,0.0,1,1,1,0,0,1,0,0,0.0
1,0,0.0,1,1,1,0,0,1,0,0,0.0
1,0,0.0,1,1,1,0,1,1,0,0,0.0
2,0,0.0,2,2,2,0,1,1,0,0,1.6541666666666666
1,0,0.0,1,1,1,0,0,1,0,0,0.0
2,0,0.0,2,1,2,0,1,2,1,0,4.571666666666666
1,0,0.0,1,1,1,0,0,1,0,0,0.0
1,0,0.0,1,1,1,0,1,1,0,0,0.0
1,0,0.0,1,1,1,0,0,1,0,0,0.0
1,0,0.0,1,1,1,0,1,1,0,0,0.0
3,0,0.0,3,2,2,0,2,2,1,0,0.9555555555555556
2,0,0.0,2,1,2,0,1,2,1,0,4.671944444444445
1,0,0.0,1,1,1,0,1,1,0,0,0.0
2,0,0.0,1,2,2,0,1,1,0,0,0.0002777777777777778
10,0,0.0,2,3,1,0,10,2,5,0,6.13
3,0,0.0,3,1,1,0,3,1,3,0,0.5533333333333333
84,0,0.0,16,22,2,0,72,2,40,0,22.934444444444445
66,0,0.0,15,18,3,0,53,2,25,0,22.814722222222223
50,0,0.0,18,15,3,0,38,3,19,0,23.497777777777777
1,0,0.0,1,1,1,0,1,1,0,0,0.0
1,0,0.0,1,1,1,0,1,1,1,0,0.0
3,0,0.0,3,3,1,0,3,2,1,0,0.06055555555555556
3,0,0.0,2,1,1,0,0,1,0,0,0.18888888888888888
3,0,0.0,3,3,1,0,3,1,0,0,2.9755555555555557
2,0,0.0,2,1,1,0,0,1,0,0,0.01361111111111111
4,0,0.0,4,3,1,0,4,3,1,1,6.621111111111111
2,0,0.0,1,2,2,0,1,1,0,0,6.015
1,0,0.0,1,1,1,0,0,1,0,0,0.0
3,0,0.0,2,3,2,0,2,1,0,0,5.523611111111111
3,0,0.0,2,2,1,0,3,1,0,0,3.464722222222222
1,0,0.0,1,1,1,0,0,1,0,0,0.0
2,0,0.0,2,2,2,0,1,1,0,0,0.2877777777777778
9,0,0.0,5,5,2,0,8,2,3,0,7.168333333333333
1,0,0.0,1,1,1,0,1,1,0,0,0.0
20,0,0.0,2,2,2,0,19,2,7,0,7.950555555555556
1,0,0.0,1,1,1,0,1,1,1,0,0.0
1,0,0.0,1,1,1,0,0,1,0,0,0.0
2,0,0.0,2,1,1,0,0,1,0,0,0.06527777777777778
4,0,0.0,3,2,2,0,3,2,2,0,1.0963888888888889
4,0,0.0,4,1,2,0,3,3,2,1,0.9580555555555555
2,0,0.0,2,2,2,0,1,1,0,0,3.483888888888889
3,0,0.0,2,2,1,0,3,2,2,0,1.6547222222222222
2,0,0.0,2,1,1,0,2,1,2,0,2.026666666666667
1,0,0.0,1,1,1,0,0,1,0,0,0.0
2,0,0.0,2,2,1,0,2,1,0,0,6.91
1,0,0.0,1,1,1,0,1,1,0,0,0.0
13,0,0.0,3,5,1,0,13,2,4,0,3.4730555555555553
1,0,0.0,1,1,1,0,1,1,0,0,0.0
2,0,0.0,2,2,1,0,2,2,1,0,0.44666666666666666
4,0,0.0,2,3,1,0,4,2,1,0,6.2283333333333335
3,0,0.0,3,2,2,0,2,2,1,0,4.416666666666667
1,0,0.0,1,1,1,0,1,1,1,0,0.0
1,0,0.0,1,1,1,0,1,1,0,0,0.0
4,0,0.0,3,3,2,0,3,2,1,0,7.104722222222223
1,0,0.0,1,1,1,0,1,1,1,0,0.0
2,0,0.0,2,2,1,0,2,2,1,0,0.003611111111111111
3,0,0.0,2,2,2,0,1,1,0,0,6.948333333333333
129,0,0.0,18,8,2,0,25,2,14,0,22.389166666666668
47,0,0.0,9,5,2,0,8,2,4,0,21.72972222222222
24,0,0.0,11,8,2,0,21,2,9,0,22.354444444444443
1,0,0.0,1,1,1,0,0,1,0,0,0.0
5,0,0.0,4,5,1,0,5,2,1,0,7.2972222222222225
3,0,0.0,2,2,1,0,3,1,0,0,6.668055555555555
2,0,0.0,1,2,1,0,2,2,1,0,0.008055555555555555
3,0,0.0,2,2,1,0,3,2,2,0,1.8683333333333334
1,0,0.0,1,1,1,0,1,1,0,0,0.0
1,0,0.0,1,1,1,0,0,1,0,0,0.0
4,0,0.0,3,2,2,0,2,2,1,0,3.093611111111111
172,0,0.0,4,4,1,0,172,2,93,0,8.61111111111111
2,0,0.0,2,2,1,0,2,2,1,0,0.0002777777777777778
2,0,0.0,2,2,1,0,2,1,0,0,0.7841666666666667
1,0,0.0,1,1,1,0,0,1,0,0,0.0
2,0,0.0,1,2,1,0,2,2,1,0,8.46861111111111
1,0,0.0,1,1,1,0,1,1,1,0,0.0
1,0,0.0,1,1,1,0,1,1,0,1,0.0
3,0,0.0,3,2,1,0,3,2,2,0,4.390555555555555
3,0,0.0,2,2,3,0,1,1,0,0,0.0625
2,0,0.0,2,2,2,0,1,1,0,0,0.055
2,0,0.0,2,1,1,0,2,1,2,0,1.8397222222222223
6,0,0.0,4,4,1,0,6,2,1,0,7.450277777777778
1,0,0.0,1,1,1,0,1,1,1,0,0.0
1,0,0.0,1,1,1,0,1,1,1,0,0.0
2,0,0.0,2,1,1,0,0,1,0,0,0.015555555555555555
2,0,0.0,2,2,1,0,2,1,0,0,3.370833333333333
4,0,0.0,3,2,2,0,3,2,2,0,4.785277777777778
2,0,0.0,2,1,1,0,2,1,2,0,1.5047222222222223
3,0,0.0,3,2,1,0,3,2,2,0,6.911944444444444
3,0,0.0,3,1,2,0,2,2,2,0,1.0905555555555555
2,0,0.0,2,1,2,0,1,2,1,0,6.56
1,0,0.0,1,1,1,0,1,1,1,0,0.0
2,0,0.0,2,2,1,0,2,2,1,0,0.003611111111111111
3,0,0.0,2,2,2,0,1,1,0,0,0.9011111111111111
2,0,0.0,2,2,1,0,2,1,0,0,4.350833333333333
71,0,0.0,16,14,2,0,52,2,28,0,22.830277777777777
63,0,0.0,13,13,2,0,51,3,21,4,15.990833333333333
66,0,0.0,15,12,2,0,48,3,23,3,15.980555555555556
3,0,0.0,3,2,1,0,3,2,2,0,5.7219444444444445
2,0,0.0,1,1,1,0,2,1,0,0,3.6666666666666665
9,0,0.0,3,3,2,0,7,2,4,0,5.346388888888889
4,0,0.0,4,2,2,0,3,2,2,0,3.1816666666666666
1,0,0.0,1,1,1,0,1,1,1,0,0.0
1,0,0.0,1,1,1,0,1,1,0,0,0.0
1,0,0.0,1,1,1,0,1,1,1,0,0.0
1,0,0.0,1,1,1,0,0,1,0,0,0.0
2,0,0.0,2,1,2,0,1,2,1,0,5.251944444444445
2,0,0.0,2,1,2,0,1,2,1,0,5.031944444444444
1,0,0.0,1,1,1,0,0,1,0,0,0.0
1,0,0.0,1,1,1,0,0,1,0,0,0.0
1,0,0.0,1,1,1,0,1,1,0,0,0.0
1,0,0.0,1,1,1,0,1,1,0,0,0.0
1,0,0.0,1,1,1,0,0,1,0,0,0.0
3,0,0.0,3,3,2,0,2,1,0,0,1.0247222222222223
3,0,0.0,3,2,2,0,1,1,0,0,1.8625
1,0,0.0,1,1,1,0,1,1,0,0,0.0
72,0,0.0,12,8,3,1,32,3,11,2,8.564722222222223
81,0,0.0,11,8,3,1,33,3,14,2,9.616666666666667
47,0,0.0,7,5,2,0,4,2,0,1,7.889166666666667
3,0,0.0,2,2,1,0,3,2,2,0,5.521944444444444
1,0,0.0,1,1,1,0,1,1,1,0,0.0
2,0,0.0,2,2,1,0,2,2,1,0,4.018055555555556
2,0,0.0,2,2,2,0,1,1,0,0,2.3158333333333334
1,0,0.0,1,1,1,0,0,1,0,0,0.0
1,0,0.0,1,1,1,0,0,1,0,0,0.0
2,0,0.0,1,2,1,0,2,2,1,0,0.024166666666666666
4,0,0.0,3,4,2,0,3,1,0,0,7.157222222222222
1,0,0.0,1,1,1,0,1,1,0,0,0.0
3,0,0.0,3,1,2,0,2,2,2,0,0.805
1,0,0.0,1,1,1,0,1,1,1,0,0.0
1,0,0.0,1,1,1,0,0,1,0,0,0.0
3,0,0.0,3,3,1,0,3,2,2,0,4.291388888888889
2,0,0.0,1,1,1,0,2,1,0,0,1.45
2,0,0.0,2,1,1,0,0,1,0,0,0.01611111111111111
1,0,0.0,1,1,1,0,1,1,1,0,0.0
4,0,0.0,2,3,1,0,4,2,1,0,0.7869444444444444
4,0,0.0,4,2,2,0,2,2,2,0,7.394722222222223
1,0,0.0,1,1,1,0,0,1,0,0,0.0
2,0,0.0,2,2,2,0,1,1,0,0,3.5141666666666667
1,0,0.0,1,1,1,0,1,1,0,0,0.0
2,0,0.0,2,2,1,0,2,1,0,0,0.027777777777777776
1,0,0.0,1,1,1,0,1,1,0,0,0.0
1,0,0.0,1,1,1,0,1,1,0,0,0.0
1,0,0.0,1,1,1,0,1,1,1,0,0.0
4,0,0.0,4,3,2,0,2,1,0,0,3.830277777777778
3,0,0.0,3,3,2,0,2,1,0,0,0.1975
2,0,0.0,1,1,1,0,0,1,0,0,6.525833333333333
2,0,0.0,2,2,1,0,2,2,1,0,1.8663888888888889
1,0,0.0,1,1,1,0,1,1,0,0,0.0
30,0,0.0,14,8,2,0,16,2,9,0,16.029444444444444
82,1,0.012195121951219513,23,18,3,0,57,3,30,2,17.580277777777777
88,0,0.0,23,24,2,0,59,2,21,0,23.08388888888889
3,0,0.0,2,2,2,0,2,2,1,0,0.5383333333333333
1,0,0.0,1,1,1,0,1,1,1,0,0.0
1,0,0.0,1,1,1,0,1,1,1,0,0.0
3,0,0.0,2,1,2,0,1,2,1,0,5.433055555555556
4,0,0.0,3,3,2,0,2,1,0,0,5.239722222222222
20,0,0.0,3,3,2,0,19,2,11,0,8.18361111111111
1,0,0.0,1,1,1,0,0,1,0,0,0.0
3,0,0.0,3,3,2,0,2,2,1,0,1.6002777777777777
5,0,0.0,4,3,1,0,5,2,3,0,1.1311111111111112
1,0,0.0,1,1,1,0,1,1,0,0,0.0
1,0,0.0,1,1,1,0,1,1,1,0,0.0
1,0,0.0,1,1,1,0,0,1,0,0,0.0
6,0,0.0,5,1,1,0,0,1,0,0,4.579722222222222
2,0,0.0,2,2,1,0,2,2,1,0,7.445555555555556
2,0,0.0,1,2,1,0,2,2,1,0,5.600555555555555
3,0,0.0,2,2,2,0,2,2,1,0,7.398055555555556
3,0,0.0,2,2,2,0,2,2,2,0,0.013888888888888888
3,0,0.0,3,2,2,0,2,2,1,0,5.645555555555555
1,0,0.0,1,1,1,0,1,1,0,0,0.0
4,0,0.0,4,2,2,0,2,2,1,0,7.794722222222222
1,0,0.0,1,1,1,0,0,1,0,0,0.0
1,0,0.0,1,1,1,0,1,1,1,0,0.0
1,0,0.0,1,1,1,0,1,1,0,0,0.0
2,0,0.0,1,1,2,0,1,2,1,0,0.0002777777777777778
3,0,0.0,3,3,2,0,2,2,1,0,4.526388888888889
2,0,0.0,2,2,2,0,1,1,0,0,0.08666666666666667
3,0,0.0,2,2,1,0,3,2,2,0,2.1041666666666665
1,0,0.0,1,1,1,0,1,1,1,0,0.0
20,0,0.0,4,4,1,0,20,2,13,0,8.3225
1,0,0.0,1,1,1,0,1,1,1,0,0.0
2,0,0.0,2,2,1,0,2,1,0,0,7.818333333333333
1,0,0.0,1,1,1,0,0,1,0,0,0.0
3,0,0.0,2,2,2,0,2,2,1,0,3.74
1,0,0.0,1,1,1,0,1,1,1,0,0.0
1,0,0.0,1,1,1,0,0,1,0,0,0.0
1,0,0.0,1,1,1,0,1,1,0,1,0.0
1,0,0.0,1,1,1,0,1,1,0,0,0.0
1,0,0.0,1,1,1,0,1,1,0,0,0.0
3,0,0.0,3,1,2,0,2,2,2,0,3.381111111111111
1,0,0.0,1,1,1,0,1,1,1,0,0.0
1,0,0.0,1,1,1,0,0,1,0,0,0.0
2,0,0.0,2,1,1,0,2,1,2,0,0.8891666666666667
1,0,0.0,1,1,1,0,0,1,0,0,0.0
34,0,0.0,2,3,2,0,33,2,6,0,8.019722222222223
1,0,0.0,1,1,1,0,1,1,0,0,0.0
2,0,0.0,2,1,1,0,2,1,2,0,1.833888888888889
5,0,0.0,1,1,2,3,0,2,0,0,6.317222222222222
1,0,0.0,1,1,1,0,1,1,1,0,0.0
1,0,0.0,1,1,1,0,1,1,0,0,0.0
4,0,0.0,4,2,2,0,2,2,1,0,6.34
1,0,0.0,1,1,1,0,0,1,0,0,0.0
2,0,0.0,2,1,2,0,1,2,1,0,0.4186111111111111
4,0,0.0,3,4,1,0,4,2,1,0,3.6191666666666666
1,0,0.0,1,1,1,0,1,1,1,0,0.0
1,0,0.0,1,1,1,0,0,1,0,0,0.0
2,0,0.0,2,2,1,0,2,1,2,0,1.0694444444444444
2,1,0.5,2,2,2,0,1,2,0,0,0.005277777777777778
1,0,0.0,1,1,1,0,0,1,0,0,0.0
1,0,0.0,1,1,1,0,1,1,0,0,0.0
1,0,0.0,1,1,1,0,1,1,0,1,0.0
32,0,0.0,4,3,2,0,28,2,9,0,8.136944444444444
1,0,0.0,1,1,1,0,0,1,0,0,0.0
3,0,0.0,3,1,2,0,1,2,1,0,6.42
2,0,0.0,2,2,1,0,2,2,1,0,3.5055555555555555
2,0,0.0,2,2,1,0,2,2,1,0,1.7969444444444445
1,0,0.0,1,1,1,0,1,1,0,0,0.0
3,0,0.0,2,3,1,0,3,2,1,0,3.5308333333333333
1,0,0.0,1,1,1,0,1,1,1,0,0.0
1,0,0.0,1,1,1,0,0,1,0,0,0.0
1,0,0.0,1,1,1,0,1,1,1,0,0.0
1,0,0.0,1,1,1,0,1,1,1,0,0.0
1,0,0.0,1,1,1,0,1,1,1,0,0.0
1,0,0.0,1,1,1,0,0,1,0,0,0.0
2,0,0.0,2,2,2,0,1,1,0,0,1.8719444444444444
2,0,0.0,1,2,1,0,2,2,1,0,4.2811111111111115
1,0,0.0,1,1,1,0,1,1,0,0,0.0
4,0,0.0,3,3,2,0,3,2,2,0,1.0402777777777779
2,0,0.0,2,2,2,0,1,1,0,0,1.0108333333333333
3,0,0.0,3,2,2,0,1,1,0,0,0.9636111111111111
1,0,0.0,1,1,1,0,0,1,0,0,0.0
3,0,0.0,2,1,1,0,3,1,3,0,3.606388888888889
3,0,0.0,2,3,1,0,3,2,0,1,0.5230555555555556
1,0,0.0,1,1,1,0,0,1,0,0,0.0
5,0,0.0,3,3,2,0,4,2,1,0,7.5152777777777775
2,0,0.0,2,1,2,0,1,2,1,0,4.998611111111111
2,0,0.0,2,2,1,0,2,1,0,0,0.010277777777777778
2,0,0.0,2,2,1,0,2,1,0,0,0.6575
4,0,0.0,4,3,2,0,2,1,0,0,6.013055555555556
3,0,0.0,2,1,1,0,3,1,3,0,2.1777777777777776
1,0,0.0,1,1,1,0,0,1,0,0,0.0
2,0,0.0,2,2,1,0,2,2,1,0,6.261388888888889
1,0,0.0,1,1,1,0,1,1,0,0,0.0
3,0,0.0,3,2,2,0,2,2,1,0,7.783333333333333
2,0,0.0,1,1,1,0,2,1,0,0,3.0280555555555555
1,0,0.0,1,1,1,0,1,1,1,0,0.0
1,0,0.0,1,1,1,0,0,1,0,0,0.0
2,0,0.0,2,2,2,0,1,1,0,0,0.2125
1,0,0.0,1,1,1,0,1,1,0,0,0.0
2,0,0.0,2,1,2,0,1,2,0,1,0.6605555555555556
2,0,0.0,2,1,1,0,0,1,0,0,0.15583333333333332
2,0,0.0,2,1,1,0,0,1,0,0,0.013888888888888888
3,0,0.0,3,3,1,0,3,1,0,0,6.512222222222222
16,0,0.0,5,1,2,0,2,2,2,0,8.59
2,0,0.0,2,1,2,0,0,1,0,0,0.015
2,0,0.0,2,1,1,0,0,1,0,0,2.1558333333333333
2,0,0.0,2,2,1,0,2,2,1,0,5.4125
2,0,0.0,2,1,2,0,1,2,1,0,0.26361111111111113
1,0,0.0,1,1,1,0,0,1,0,0,0.0
4,0,0.0,4,3,2,0,3,2,1,0,1.951111111111111
1,0,0.0,1,1,1,0,1,1,1,0,0.0
3,0,0.0,3,1,2,0,1,2,1,0,0.9344444444444444
3,0,0.0,3,2,2,0,1,1,0,0,0.305
2,0,0.0,1,1,1,0,2,1,0,0,0.46111111111111114
3,0,0.0,2,2,1,0,3,2,2,0,5.664166666666667
3,0,0.0,2,2,1,0,3,2,2,0,5.186388888888889
1,0,0.0,1,1,1,0,1,1,0,0,0.0
1,0,0.0,1,1,1,0,1,1,0,0,0.0
1,0,0.0,1,1,1,0,1,1,1,0,0.0
2,0,0.0,2,2,2,0,1,1,0,0,1.9630555555555556
4,0,0.0,3,2,2,0,3,2,2,0,0.35333333333333333
2,0,0.0,2,2,2,0,1,1,0,0,0.6869444444444445
8,0,0.0,4,5,1,0,8,2,3,0,7.247777777777777
2,0,0.0,2,2,1,0,2,2,1,0,0.0636111111111111
3,0,0.0,2,2,1,0,3,2,2,0,7.393888888888889
2,0,0.0,2,1,2,0,1,2,1,0,0.0011111111111111111
1,1,1.0,1,1,1,0,0,1,0,0,0.0
1,0,0.0,1,1,1,0,0,1,0,0,0.0
1,0,0.0,1,1,1,0,1,1,0,0,0.0
1,0,0.0,1,1,1,0,0,1,0,0,0.0
2,0,0.0,2,1,1,0,0,1,0,0,0.6244444444444445
1,0,0.0,1,1,1,0,1,1,1,0,0.0
1,0,0.0,1,1,1,0,0,1,0,0,0.0
2,0,0.0,2,2,2,0,1,1,0,0,0.0125
1,0,0.0,1,1,1,0,1,1,1,0,0.0
2,0,0.0,2,1,2,0,1,2,1,0,0.15638888888888888
3,0,0.0,2,1,3,0,1,3,1,0,0.7366666666666667
1,0,0.0,1,1,1,0,1,1,0,0,0.0
1,0,0.0,1,1,1,0,1,1,0,0,0.0
2,0,0.0,2,1,2,0,1,2,1,0,0.014166666666666666
4,0,0.0,3,3,2,0,2,2,1,0,6.220833333333333
1,0,0.0,1,1,1,0,1,1,1,0,0.0
3,0,0.0,2,2,2,0,1,1,0,0,5.320555555555556
1,0,0.0,1,1,1,0,1,1,0,0,0.0
1,0,0.0,1,1,1,0,0,1,0,0,0.0
1,0,0.0,1,1,1,0,1,1,0,0,0.0
3,0,0.0,2,2,2,0,2,2,1,0,0.6502777777777777
1,0,0.0,1,1,1,0,0,1,0,0,0.0
4,0,0.0,3,1,2,0,2,2,2,0,0.4625
2,0,0.0,2,1,1,0,2,1,2,0,0.0
2,0,0.0,2,1,2,0,0,1,0,0,0.08277777777777778
1,0,0.0,1,1,1,0,0,1,0,0,0.0
2,0,0.0,2,2,1,0,2,2,1,0,0.0002777777777777778
1,0,0.0,1,1,1,0,1,1,1,0,0.0
1,0,0.0,1,1,1,0,1,1,0,0,0.0
1,0,0.0,1,1,1,0,1,1,0,0,0.0
1,0,0.0,1,1,1,0,1,1,0,0,0.0
1,0,0.0,1,1,1,0,1,1,1,0,0.0
1,0,0.0,1,1,1,0,1,1,1,0,0.0
2,0,0.0,2,2,1,0,2,1,0,0,0.003611111111111111
2,0,0.0,2,1,2,0,1,2,1,0,1.2097222222222221
1,0,0.0,1,1,1,0,0,1,0,0,0.0
1,0,0.0,1,1,1,0,1,1,1,0,0.0
2,0,0.0,2,2,1,0,2,2,1,0,0.5875
1,0,0.0,1,1,1,0,0,1,0,0,0.0
1,0,0.0,1,1,1,0,1,1,0,0,0.0
2,0,0.0,1,2,1,0,2,2,0,1,0.0033333333333333335
1,0,0.0,1,1,1,0,1,1,1,0,0.0
1,0,0.0,1,1,1,0,0,1,0,0,0.0
1,0,0.0,1,1,1,0,1,1,0,0,0.0
1,0,0.0,1,1,1,0,1,1,1,0,0.0
1,1,1.0,1,1,1,0,1,1,0,1,0.0
1,0,0.0,1,1,1,0,0,1,0,0,0.0
1,0,0.0,1,1,1,0,1,1,1,0,0.0
3,0,0.0,2,1,2,0,2,2,2,0,4.220277777777778
1,0,0.0,1,1,1,0,1,1,0,0,0.0
2,0,0.0,2,2,1,0,2,2,1,0,4.553055555555556
2,0,0.0,2,2,1,0,2,2,1,0,0.31972222222222224
4,0,0.0,3,4,1,0,4,2,1,0,5.1575
1,0,0.0,1,1,1,0,1,1,0,0,0.0
3,0,0.0,3,2,2,0,2,2,1,0,0.8536111111111111
1,0,0.0,1,1,1,0,0,1,0,0,0.0
2,0,0.0,2,2,1,0,2,2,1,0,6.378611111111111
2,0,0.0,2,2,1,0,2,1,0,0,0.08194444444444444
1,0,0.0,1,1,1,0,0,1,0,0,0.0
1,0,0.0,1,1,1,0,0,1,0,0,0.0
4,0,0.0,2,2,1,0,4,1,0,0,4.405555555555556
1,0,0.0,1,1,1,0,1,1,0,0,0.0
3,0,0.0,3,2,2,0,2,2,1,0,1.5672222222222223
2,0,0.0,2,1,1,0,0,1,0,0,0.0
2,0,0.0,2,2,1,0,2,1,0,0,0.0
1,0,0.0,1,1,1,0,1,1,1,0,0.0
1,0,0.0,1,1,1,0,0,1,0,0,0.0
3,0,0.0,2,3,1,0,3,2,1,0,4.386666666666667
4,0,0.0,2,2,1,0,4,1,0,0,5.418888888888889
3,0,0.0,2,1,2,0,1,2,1,0,1.676388888888889
4,0,0.0,2,2,2,0,3,2,2,0,5.314444444444445
2,0,0.0,2,1,2,0,1,2,1,0,0.8088888888888889
2,0,0.0,2,1,2,0,1,2,1,0,6.7925
1,0,0.0,1,1,1,0,1,1,1,0,0.0
1,0,0.0,1,1,1,0,1,1,1,0,0.0
1,0,0.0,1,1,1,0,1,1,0,0,0.0
4,0,0.0,3,3,1,0,4,2,3,0,1.4919444444444445
3,0,0.0,3,3,2,0,2,1,0,0,5.8997222222222225
3,0,0.0,3,1,2,0,2,2,2,0,0.7941666666666667
1,0,0.0,1,1,1,0,1,1,1,0,0.0
3,0,0.0,3,1,2,0,1,2,1,0,6.345
1,0,0.0,1,1,1,0,1,1,0,0,0.0
1,0,0.0,1,1,1,0,0,1,0,0,0.0
1,0,0.0,1,1,1,0,1,1,1,0,0.0
17,0,0.0,3,1,1,0,0,1,0,0,8.197777777777778
1,0,0.0,1,1,1,0,1,1,0,0,0.0
1,0,0.0,1,1,1,0,1,1,1,0,0.0
1,0,0.0,1,1,1,0,1,1,0,0,0.0
2,0,0.0,2,1,1,0,2,1,2,0,0.45305555555555554
1,0,0.0,1,1,1,0,0,1,0,0,0.0
2,0,0.0,1,2,1,0,2,2,1,0,1.8122222222222222
3,0,0.0,2,1,2,0,2,2,2,0,7.148055555555556
6,0,0.0,3,4,1,0,6,2,4,0,7.062777777777778
1,0,0.0,1,1,1,0,1,1,0,0,0.0
2,0,0.0,2,2,1,0,2,1,0,0,0.5025
1,0,0.0,1,1,1,0,1,1,0,0,0.0
2,0,0.0,1,1,2,0,1,2,1,0,0.0
1,0,0.0,1,1,1,0,1,1,0,1,0.0
10,0,0.0,3,4,1,0,10,2,5,0,5.386111111111111
1,0,0.0,1,1,1,0,1,1,0,0,0.0
1,0,0.0,1,1,1,0,0,1,0,0,0.0
4,0,0.0,3,2,2,0,3,2,0,1,0.7158333333333333
2,0,0.0,2,2,1,0,0,1,0,0,0.21416666666666667
3,0,0.0,2,2,1,0,3,2,2,0,4.9125
1,0,0.0,1,1,1,0,0,1,0,0,0.0
1,0,0.0,1,1,1,0,1,1,0,0,0.0
3,0,0.0,2,2,1,0,3,2,2,0,1.8441666666666667
1,0,0.0,1,1,1,0,0,1,0,0,0.0
1,0,0.0,1,1,1,0,1,1,0,0,0.0
2,0,0.0,2,1,2,0,1,2,1,0,0.6416666666666667
4,0,0.0,3,3,2,0,3,1,0,0,3.8675
2,0,0.0,2,1,2,0,1,2,1,0,1.24
8,0,0.0,7,4,2,0,5,2,2,0,7.567222222222222
3,0,0.0,2,2,1,0,3,2,2,0,0.0125
1,0,0.0,1,1,1,0,0,1,0,0,0.0
1,1,1.0,1,1,1,0,0,1,0,0,0.0
6,0,0.0,5,2,2,0,2,2,1,0,0.9738888888888889
8,0,0.0,1,1,1,0,0,1,0,0,5.843333333333334
79,0,0.0,7,6,2,0,75,2,29,0,8.58361111111111
42,0,0.0,4,3,1,0,42,3,11,11,8.403611111111111
3,0,0.0,2,2,2,0,2,2,1,0,6.931666666666667
2,0,0.0,2,1,2,0,1,2,1,0,0.9111111111111111
5,0,0.0,2,2,1,0,5,1,0,0,6.606111111111111
18,0,0.0,1,1,2,0,0,1,0,0,6.945833333333334
3,0,0.0,3,2,2,0,2,2,1,0,0.6052777777777778
1,0,0.0,1,1,1,0,1,1,0,1,0.0
4,0,0.0,4,2,2,0,2,2,1,0,4.727777777777778
1,0,0.0,1,1,1,0,1,1,1,0,0.0
1,0,0.0,1,1,1,0,1,1,0,0,0.0
1,0,0.0,1,1,1,0,1,1,1,0,0.0
2,0,0.0,2,1,2,0,1,2,1,0,5.724722222222222
1,0,0.0,1,1,1,0,1,1,1,0,0.0
2,0,0.0,2,2,2,0,1,1,0,0,6.662222222222222
4,0,0.0,4,2,2,0,2,2,1,0,5.39
15,0,0.0,8,12,2,0,10,2,4,0,7.791111111111111
1,0,0.0,1,1,1,0,0,1,0,0,0.0
2,0,0.0,2,1,2,0,1,2,1,0,6.528611111111111
2,0,0.0,2,1,2,0,1,2,1,0,1.6480555555555556
5,0,0.0,5,3,2,0,2,1,0,0,3.7058333333333335
2,0,0.0,2,2,1,0,2,2,1,0,5.324166666666667
2,0,0.0,1,2,1,0,2,2,1,0,1.5808333333333333
1,0,0.0,1,1,1,0,0,1,0,0,0.0
1,0,0.0,1,1,1,0,1,1,1,0,0.0
2,0,0.0,2,1,2,0,1,2,1,0,0.3452777777777778
2,0,0.0,2,2,2,0,1,1,0,0,0.0022222222222222222
9,0,0.0,5,5,2,0,7,2,3,0,6.558333333333334
1,0,0.0,1,1,1,0,0,1,0,0,0.0
1,0,0.0,1,1,1,0,1,1,1,0,0.0
1,0,0.0,1,1,1,0,0,1,0,0,0.0
3,0,0.0,3,2,1,0,3,1,3,0,5.19
2,0,0.0,2,2,1,0,2,2,1,0,1.8555555555555556
6,0,0.0,4,4,2,0,5,2,1,0,5.070833333333334
2,0,0.0,2,2,1,0,2,2,1,0,0.5644444444444444
2,0,0.0,2,2,2,0,1,1,0,0,0.5936111111111111
2,0,0.0,2,2,2,0,1,1,0,0,6.775277777777778
2,0,0.0,1,2,2,0,1,1,0,0,0.008055555555555555
3,0,0.0,3,3,2,0,2,2,1,0,0.45472222222222225
1,0,0.0,1,1,1,0,1,1,1,0,0.0
1,0,0.0,1,1,1,0,1,1,1,0,0.0
1,0,0.0,1,1,1,0,0,1,0,0,0.0
1,0,0.0,1,1,1,0,1,1,0,0,0.0
2,0,0.0,2,2,1,0,2,2,1,0,5.8261111111111115
4,0,0.0,3,3,1,0,4,2,1,0,7.400555555555556
2,0,0.0,2,2,1,0,2,2,1,0,1.7508333333333332
1,0,0.0,1,1,1,0,1,1,0,0,0.0
1,0,0.0,1,1,1,0,1,1,0,0,0.0
1,0,0.0,1,1,1,0,1,1,1,0,0.0
2,0,0.0,2,2,1,0,2,1,0,0,6.554444444444444
1,0,0.0,1,1,1,0,0,1,0,0,0.0
3,0,0.0,3,3,1,0,3,2,1,0,3.433611111111111
1,0,0.0,1,1,1,0,1,1,0,1,0.0
1,0,0.0,1,1,1,0,1,1,0,0,0.0
2,0,0.0,1,2,1,0,2,2,1,0,3.0594444444444444
3,0,0.0,3,2,1,0,3,2,2,0,1.9458333333333333
1,0,0.0,1,1,1,0,1,1,1,0,0.0
2,0,0.0,2,1,1,0,0,1,0,0,0.5033333333333333
2,0,0.0,2,2,2,0,1,1,0,0,4.197777777777778
1,0,0.0,1,1,1,0,1,1,0,0,0.0
1,0,0.0,1,1,1,0,1,1,0,0,0.0
1,0,0.0,1,1,1,0,1,1,0,0,0.0
2,0,0.0,2,1,2,0,1,2,1,0,3.9994444444444444
84,0,0.0,13,9,4,0,57,4,26,1,7.969444444444444
64,0,0.0,11,8,3,0,32,3,16,0,7.990555555555556
52,0,0.0,9,6,3,0,32,3,18,0,8.814722222222223
1,0,0.0,1,1,1,0,0,1,0,0,0.0
2,0,0.0,1,1,1,0,0,1,0,0,0.010277777777777778
1,0,0.0,1,1,1,0,1,1,0,0,0.0
2,0,0.0,2,1,1,0,2,1,2,0,6.7325
1,1,1.0,1,1,1,0,0,1,0,0,0.0
1,0,0.0,1,1,1,0,0,1,0,0,0.0
2,0,0.0,2,1,2,0,1,2,1,0,3.816666666666667
7,0,0.0,5,1,2,0,2,2,2,0,7.593055555555556
3,0,0.0,3,2,2,0,2,2,1,0,0.5611111111111111
4,0,0.0,1,2,2,0,3,1,0,0,7.093055555555556
2,0,0.0,2,2,2,0,1,1,0,0,0.051111111111111114
3,0,0.0,2,2,2,0,2,2,1,0,7.0055555555555555
1,0,0.0,1,1,1,0,0,1,0,0,0.0
2,0,0.0,1,1,2,0,1,2,1,0,1.5066666666666666
1,0,0.0,1,1,1,0,1,1,1,0,0.0
4,0,0.0,2,3,1,0,4,2,2,0,6.796666666666667
2,0,0.0,2,2,1,0,2,2,1,0,0.42694444444444446
2,0,0.0,1,2,1,0,2,2,1,0,1.5441666666666667
1,0,0.0,1,1,1,0,0,1,0,0,0.0
1,0,0.0,1,1,1,0,1,1,1,0,0.0
21,0,0.0,2,2,2,0,20,2,10,0,7.720833333333333
6,0,0.0,2,3,1,0,6,2,0,3,8.285555555555556
3,0,0.0,2,1,1,0,0,1,0,0,0.24444444444444444
1,0,0.0,1,1,1,0,1,1,0,0,0.0
1,0,0.0,1,1,1,0,0,1,0,0,0.0
2,0,0.0,2,1,1,0,0,1,0,0,0.0
1,0,0.0,1,1,1,0,0,1,0,0,0.0
2,0,0.0,2,2,1,0,2,2,1,0,0.001388888888888889
1,0,0.0,1,1,1,0,0,1,0,0,0.0
1,0,0.0,1,1,1,0,0,1,0,0,0.0
122,1,0.00819672131147541,17,15,2,0,101,3,39,4,16.067777777777778
76,0,0.0,10,8,3,1,65,3,26,2,16.331666666666667
2,0,0.0,2,1,1,0,0,1,0,0,0.0
4,0,0.0,3,1,3,0,2,2,2,0,0.6266666666666667
1,0,0.0,1,1,1,0,0,1,0,0,0.0
4,0,0.0,4,1,2,0,3,3,2,1,0.5663888888888889
1,0,0.0,1,1,1,0,1,1,1,0,0.0
3,0,0.0,2,3,1,0,3,2,1,0,5.296111111111111
1,0,0.0,1,1,1,0,1,1,1,0,0.0
1,0,0.0,1,1,1,0,1,1,0,0,0.0
1,0,0.0,1,1,1,0,1,1,0,0,0.0
1,0,0.0,1,1,1,0,0,1,0,0,0.0
1,0,0.0,1,1,1,0,1,1,1,0,0.0
2,0,0.0,2,1,2,0,1,2,1,0,0.41388888888888886
3,0,0.0,2,2,2,0,2,2,1,0,7.2988888888888885
1,0,0.0,1,1,1,0,0,1,0,0,0.0
3,0,0.0,3,3,2,0,2,1,0,0,4.640833333333333
10,0,0.0,6,5,2,0,8,2,2,0,8.322777777777778
1,0,0.0,1,1,1,0,1,1,1,0,0.0
2,0,0.0,1,2,1,0,2,2,1,0,1.8988888888888888
4,0,0.0,3,1,2,0,2,3,1,1,0.8372222222222222
1,0,0.0,1,1,1,0,1,1,1,0,0.0
1,0,0.0,1,1,1,0,0,1,0,0,0.0
1,0,0.0,1,1,1,0,1,1,0,0,0.0
1,0,0.0,1,1,1,0,1,1,1,0,0.0
31,0,0.0,4,4,2,0,29,2,0,18,7.706388888888889
1,0,0.0,1,1,1,0,1,1,1,0,0.0
1,0,0.0,1,1,1,0,0,1,0,0,0.0
1,0,0.0,1,1,1,0,0,1,0,0,0.0
3,0,0.0,3,2,2,0,2,3,1,1,6.279722222222222
1,0,0.0,1,1,1,0,1,1,1,0,0.0
2,0,0.0,2,2,1,0,2,1,0,0,2.248611111111111
2,0,0.0,1,1,1,0,2,1,0,0,2.0130555555555554
1,0,0.0,1,1,1,0,0,1,0,0,0.0
1,0,0.0,1,1,1,0,1,1,0,0,0.0
2,0,0.0,2,2,2,0,1,1,0,0,0.5038888888888889
3,0,0.0,3,1,1,0,3,1,3,0,3.446111111111111
1,0,0.0,1,1,1,0,0,1,0,0,0.0
1,0,0.0,1,1,1,0,1,1,0,0,0.0
1,0,0.0,1,1,1,0,0,1,0,0,0.0
1,0,0.0,1,1,1,0,1,1,0,0,0.0
22,0,0.0,1,2,1,0,22,2,13,0,7.903333333333333
4,0,0.0,3,3,2,0,3,2,1,0,7.246111111111111
1,0,0.0,1,1,1,0,0,1,0,0,0.0
28,0,0.0,8,11,2,0,24,2,11,0,8.265555555555556
2,0,0.0,2,1,1,0,2,1,2,0,0.6286111111111111
2,0,0.0,2,2,1,0,2,2,1,0,0.04611111111111111
5,0,0.0,4,4,2,0,4,1,0,0,0.5288888888888889
5,0,0.0,5,1,2,0,2,2,2,0,8.228333333333333
2,0,0.0,2,1,1,0,0,1,0,0,0.008888888888888889
3,0,0.0,2,2,1,0,3,1,0,0,0.8413888888888889
1,0,0.0,1,1,1,0,1,1,1,0,0.0
1,0,0.0,1,1,1,0,1,1,0,0,0.0
1,0,0.0,1,1,1,0,1,1,1,0,0.0
1,0,0.0,1,1,1,0,0,1,0,0,0.0
1,0,0.0,1,1,1,0,0,1,0,0,0.0
1,0,0.0,1,1,1,0,0,1,0,0,0.0
3,0,0.0,3,2,2,0,2,2,1,0,7.034166666666667
1,0,0.0,1,1,1,0,0,1,0,0,0.0
3,0,0.0,3,3,1,0,3,1,0,0,6.7941666666666665
1,0,0.0,1,1,1,0,0,1,0,0,0.0
2,0,0.0,2,2,2,0,1,1,0,0,0.4477777777777778
3,0,0.0,2,2,1,0,3,1,0,0,3.8472222222222223
2,0,0.0,2,2,2,0,1,1,0,0,2.145277777777778
1,0,0.0,1,1,1,0,1,1,1,0,0.0
1,0,0.0,1,1,1,0,0,1,0,0,0.0
3,0,0.0,3,3,2,0,2,1,0,0,4.271111111111111
2,0,0.0,1,1,1,0,2,1,0,0,1.8141666666666667
4,0,0.0,2,2,2,0,1,1,0,0,0.07611111111111112
2,0,0.0,1,2,2,0,1,1,0,0,2.0425
2,0,0.0,2,1,1,0,2,1,2,0,0.06833333333333333
1,0,0.0,1,1,1,0,0,1,0,0,0.0
2,0,0.0,2,1,1,0,2,1,2,0,5.903333333333333
1,0,0.0,1,1,1,0,1,1,0,0,0.0
1,0,0.0,1,1,1,0,1,1,0,0,0.0
2,0,0.0,2,2,1,0,2,2,1,0,0.012222222222222223
3,0,0.0,3,3,1,0,3,2,1,0,0.4930555555555556
2,0,0.0,2,1,1,0,0,1,0,0,0.0022222222222222222
2,0,0.0,2,2,1,0,2,2,1,0,0.04694444444444444
2,0,0.0,2,1,2,0,1,2,1,0,1.7433333333333334
3,0,0.0,1,2,1,0,3,2,1,0,0.24638888888888888
2,0,0.0,2,2,1,0,2,1,0,0,2.101111111111111
6,0,0.0,4,2,2,0,4,2,2,0,5.546388888888889
1,0,0.0,1,1,1,0,0,1,0,0,0.0
1,0,0.0,1,1,1,1,0,1,0,0,0.0
1,0,0.0,1,1,1,0,0,1,0,0,0.0
1,0,0.0,1,1,1,0,0,1,0,0,0.0
1,0,0.0,1,1,1,0,0,1,0,0,0.0
18,0,0.0,2,2,2,0,8,2,5,0,7.564444444444445
1,0,0.0,1,1,1,0,0,1,0,0,0.0
4,0,0.0,3,3,1,0,4,2,2,0,5.273055555555556
2,0,0.0,2,1,2,0,1,2,1,0,1.8580555555555556
3,0,0.0,3,2,1,0,3,2,2,0,6.114444444444445
5,0,0.0,5,5,1,0,5,2,2,0,4.998333333333333
2,0,0.0,2,2,1,0,2,1,0,0,2.745277777777778
2,0,0.0,2,2,1,0,2,2,1,0,2.1466666666666665
10,0,0.0,4,2,2,0,1,1,0,0,7.0
2,0,0.0,2,2,1,0,2,2,0,1,0.22083333333333333
1,0,0.0,1,1,1,0,1,1,0,0,0.0
1,0,0.0,1,1,1,0,1,1,0,0,0.0
1,0,0.0,1,1,1,0,0,1,0,0,0.0
1,0,0.0,1,1,1,0,1,1,0,0,0.0
3,0,0.0,2,3,1,0,3,2,1,0,1.7672222222222222
2,0,0.0,2,2,2,0,1,1,0,0,0.006388888888888889
1,0,0.0,1,1,1,0,0,1,0,0,0.0
1,0,0.0,1,1,1,0,0,1,0,0,0.0
2,0,0.0,2,2,2,0,1,1,0,0,7.613611111111111
1,0,0.0,1,1,1,0,0,1,0,0,0.0
1,0,0.0,1,1,1,0,1,1,1,0,0.0
2,0,0.0,2,2,1,0,2,2,1,0,0.5183333333333333
1,0,0.0,1,1,1,0,0,1,0,0,0.0
1,0,0.0,1,1,1,0,0,1,0,0,0.0
1,0,0.0,1,1,1,0,0,1,0,0,0.0
2,0,0.0,2,2,1,0,2,1,0,0,3.0077777777777777
2,0,0.0,1,2,1,0,2,2,1,0,0.009444444444444445
1,0,0.0,1,1,1,0,1,1,0,0,0.0
1,0,0.0,1,1,1,0,0,1,0,0,0.0
8,0,0.0,3,3,1,0,8,2,4,0,7.706111111111111
1,0,0.0,1,1,1,0,0,1,0,0,0.0
1,0,0.0,1,1,1,0,0,1,0,0,0.0
5,0,0.0,3,3,1,0,5,2,3,0,5.2011111111111115
1,0,0.0,1,1,1,0,1,1,1,0,0.0
4,0,0.0,4,4,1,0,4,1,0,0,2.254166666666667
2,0,0.0,2,2,1,0,2,2,1,0,3.136388888888889
2,0,0.0,2,2,2,0,1,2,1,0,0.3477777777777778
1,0,0.0,1,1,1,0,0,1,0,0,0.0
2,0,0.0,2,2,1,0,2,1,0,0,5.6325
2,0,0.0,2,2,1,0,2,2,1,0,0.6113888888888889
2,0,0.0,1,2,2,0,1,1,0,0,0.023055555555555555
4,0,0.0,2,2,1,0,4,2,3,0,4.798333333333333
1,0,0.0,1,1,1,0,0,1,0,0,0.0
1,0,0.0,1,1,1,0,1,1,1,0,0.0
3,0,0.0,2,2,1,0,3,2,1,0,7.299722222222222
6,0,0.0,4,3,2,0,5,2,1,0,5.2683333333333335
4,0,0.0,2,3,1,0,4,1,4,0,6.647777777777778
3,0,0.0,2,1,2,0,2,2,2,0,5.186111111111111
2,0,0.0,1,1,1,0,2,1,0,0,0.0022222222222222222
2,0,0.0,2,2,1,0,2,2,1,0,0.029166666666666667
2,0,0.0,2,1,1,0,2,1,2,0,0.008333333333333333
5,0,0.0,4,2,2,0,4,2,3,0,1.5252777777777777
2,0,0.0,2,1,1,0,2,1,2,0,0.010833333333333334
1,0,0.0,1,1,1,0,0,1,0,0,0.0
2,0,0.0,2,1,1,0,2,1,2,0,2.8691666666666666
5,0,0.0,4,2,2,0,3,2,2,0,7.473888888888889
3,0,0.0,3,3,1,0,3,1,0,0,1.5844444444444445
1,0,0.0,1,1,1,0,0,1,0,0,0.0
1,0,0.0,1,1,1,0,0,1,0,0,0.0
3,0,0.0,3,2,2,0,1,2,1,0,1.9413888888888888
1,0,0.0,1,1,1,0,0,1,0,0,0.0
1,0,0.0,1,1,1,0,1,1,0,0,0.0
2,0,0.0,1,1,1,0,2,1,0,0,1.926388888888889
1,0,0.0,1,1,1,0,1,1,0,0,0.0
1,0,0.0,1,1,1,0,1,1,0,1,0.0
2,0,0.0,1,1,1,0,2,1,0,0,4.058333333333334
2,0,0.0,2,2,1,0,2,1,0,0,5.557777777777778
1,0,0.0,1,1,1,0,1,1,0,0,0.0
1,0,0.0,1,1,1,0,0,1,0,0,0.0
2,0,0.0,1,1,1,0,2,1,0,0,0.9483333333333334
1,0,0.0,1,1,1,0,0,1,0,0,0.0
1,0,0.0,1,1,1,0,0,1,0,0,0.0
1,0,0.0,1,1,1,0,1,1,1,0,0.0
1,0,0.0,1,1,1,0,0,1,0,0,0.0
3,0,0.0,2,3,1,0,3,2,1,0,1.8791666666666667
1,0,0.0,1,1,1,0,0,1,0,0,0.0
2,0,0.0,1,2,1,0,2,1,2,0,0.2702777777777778
3,0,0.0,2,3,1,0,3,2,1,0,5.8825
2,0,0.0,2,1,1,0,0,1,0,0,0.0005555555555555556
1,0,0.0,1,1,1,0,1,1,0,0,0.0
1,0,0.0,1,1,1,0,0,1,0,0,0.0
3,0,0.0,3,3,2,0,2,1,0,0,1.9880555555555555
2,0,0.0,2,1,1,0,0,1,0,0,0.0002777777777777778
1,0,0.0,1,1,1,0,1,1,1,0,0.0
4,0,0.0,3,2,2,0,3,2,2,0,5.065277777777778
101,2,0.019801980198019802,19,17,4,1,76,3,26,2,21.2525
56,0,0.0,14,12,4,1,39,3,18,1,21.7775
43,0,0.0,15,13,3,0,32,2,17,0,23.56111111111111
2,0,0.0,2,2,1,0,2,1,0,0,1.9394444444444445
1,0,0.0,1,1,1,0,0,1,0,0,0.0
1,0,0.0,1,1,1,0,0,1,0,0,0.0
2,0,0.0,2,2,2,0,1,1,0,0,4.251944444444445
1,0,0.0,1,1,1,0,0,1,0,0,0.0
26,0,0.0,4,3,2,0,25,3,1,8,8.260277777777778
1,0,0.0,1,1,1,0,1,1,1,0,0.0
1,0,0.0,1,1,1,0,1,1,0,0,0.0
3,0,0.0,3,1,2,0,1,2,1,0,0.005
4,0,0.0,2,3,1,0,4,2,1,0,5.553055555555556
1,0,0.0,1,1,1,0,1,1,1,0,0.0
5,0,0.0,5,3,2,0,3,2,1,0,4.7275
3,0,0.0,3,3,2,0,2,1,0,0,0.6769444444444445
2,0,0.0,1,1,1,0,2,1,2,0,0.0011111111111111111
6,0,0.0,4,2,2,0,4,2,1,0,5.865277777777778
2,0,0.0,2,2,2,0,1,1,0,0,0.011666666666666667
2,0,0.0,2,2,1,0,2,2,1,0,7.163333333333333
1,0,0.0,1,1,1,0,1,1,0,0,0.0
3,0,0.0,3,2,2,0,2,2,1,0,0.5808333333333333
4,0,0.0,3,2,2,0,1,1,0,0,5.323888888888889
2,0,0.0,2,2,1,0,2,2,1,0,1.531111111111111
1,0,0.0,1,1,1,0,1,1,1,0,0.0
1,0,0.0,1,1,1,0,1,1,1,0,0.0
2,0,0.0,2,1,2,0,1,2,1,0,0.8075
1,0,0.0,1,1,1,0,1,1,0,0,0.0
1,0,0.0,1,1,1,0,1,1,1,0,0.0
2,0,0.0,2,1,2,0,1,2,1,0,1.0097222222222222
1,0,0.0,1,1,1,0,0,1,0,0,0.0
1,0,0.0,1,1,1,0,1,1,0,0,0.0
1,1,1.0,1,1,1,0,0,1,0,0,0.0
3,0,0.0,3,3,2,0,2,1,0,0,5.03
1,0,0.0,1,1,1,0,1,1,0,0,0.0
2,0,0.0,2,2,1,0,2,1,0,0,2.1841666666666666
1,0,0.0,1,1,1,0,1,1,0,0,0.0
1,0,0.0,1,1,1,0,1,1,0,0,0.0
1,0,0.0,1,1,1,0,1,1,0,0,0.0
4,0,0.0,2,2,1,0,4,2,3,0,3.5341666666666667
7,0,0.0,5,6,2,0,6,2,2,0,6.661111111111111
2,0,0.0,1,2,1,0,2,2,1,0,0.0008333333333333334
2,0,0.0,1,2,1,0,2,2,1,0,0.5941666666666666
2,0,0.0,1,1,1,0,0,1,0,0,0.015555555555555555
8,0,0.0,2,2,1,0,8,2,5,0,4.602222222222222
3,0,0.0,3,3,1,0,3,2,0,1,4.006666666666667
2,0,0.0,2,2,2,0,1,1,0,0,0.015
1,0,0.0,1,1,1,0,1,1,1,0,0.0
2,0,0.0,1,2,1,0,2,2,1,0,1.665
1,0,0.0,1,1,1,0,1,1,0,0,0.0
2,0,0.0,2,2,2,0,1,1,0,0,0.023055555555555555
3,0,0.0,3,1,2,0,2,2,2,0,0.03305555555555555
1,0,0.0,1,1,1,0,0,1,0,0,0.0
3,2,0.6666666666666666,1,1,1,0,0,2,0,0,0.0077777777777777776
4,0,0.0,2,2,1,0,4,2,2,0,5.477777777777778
2,0,0.0,2,2,2,0,1,1,0,0,0.003611111111111111
1,0,0.0,1,1,1,0,0,1,0,0,0.0
2,0,0.0,1,2,1,0,2,1,2,0,1.5519444444444443
2,0,0.0,2,1,1,0,0,1,0,0,0.012222222222222223
61,0,0.0,15,10,3,1,59,4,44,1,19.749166666666667
81,0,0.0,13,11,3,0,77,3,21,17,18.02138888888889
58,0,0.0,8,8,2,0,56,3,20,5,21.57611111111111
1,0,0.0,1,1,1,0,0,1,0,0,0.0
1,0,0.0,1,1,1,0,1,1,1,0,0.0
3,0,0.0,3,3,1,0,3,2,2,0,4.815833333333333
3,0,0.0,3,2,2,0,2,2,1,0,7.156944444444444
2,0,0.0,2,2,1,0,2,1,0,0,4.983888888888889
2,0,0.0,2,2,1,0,2,2,1,0,3.1791666666666667
1,0,0.0,1,1,1,0,1,1,0,0,0.0
1,0,0.0,1,1,1,0,0,1,0,0,0.0
1,0,0.0,1,1,1,0,0,1,0,0,0.0
2,0,0.0,2,1,2,0,1,2,1,0,0.0002777777777777778
1,0,0.0,1,1,1,0,1,1,1,0,0.0
16,0,0.0,6,4,2,0,14,3,4,2,7.059166666666667
2,0,0.0,2,1,1,0,2,1,2,0,2.1147222222222224
2,0,0.0,1,2,1,0,2,2,1,0,1.9677777777777778
1,0,0.0,1,1,1,0,1,1,1,0,0.0
3,0,0.0,3,2,1,0,3,2,2,0,3.4583333333333335
1,0,0.0,1,1,1,0,1,1,1,0,0.0
2,0,0.0,2,2,1,0,2,2,1,0,1.5830555555555557
2,0,0.0,1,1,1,0,2,1,0,0,1.8977777777777778
1,0,0.0,1,1,1,0,1,1,0,0,0.0
1,0,0.0,1,1,1,0,0,1,0,0,0.0
1,0,0.0,1,1,1,0,1,1,1,0,0.0
4,0,0.0,3,2,2,0,3,2,2,0,3.953611111111111
7,0,0.0,4,5,1,0,7,2,1,0,0.6608333333333334
2,0,0.0,2,2,2,0,1,1,0,0,6.106388888888889
1,0,0.0,1,1,1,0,0,1,0,0,0.0
2,0,0.0,2,1,2,0,1,2,1,0,0.7277777777777777
1,0,0.0,1,1,1,0,1,1,1,0,0.0
3,0,0.0,3,3,2,0,2,1,0,0,4.814166666666667
2,0,0.0,2,1,1,0,0,1,0,0,0.001388888888888889
2,0,0.0,2,2,1,0,2,1,0,0,0.9555555555555556
1,0,0.0,1,1,1,0,0,1,0,0,0.0
1,0,0.0,1,1,1,0,1,1,0,0,0.0
1,0,0.0,1,1,1,0,0,1,0,0,0.0
3,0,0.0,2,2,2,0,2,2,1,0,1.7525
1,0,0.0,1,1,1,0,1,1,1,0,0.0
1,0,0.0,1,1,1,0,1,1,1,0,0.0
5,0,0.0,4,2,2,0,3,2,3,0,0.8561111111111112
2,0,0.0,2,2,1,0,2,1,0,0,5.657222222222222
1,0,0.0,1,1,1,1,0,1,0,0,0.0
1,0,0.0,1,1,1,0,0,1,0,0,0.0
1,0,0.0,1,1,1,0,1,1,1,0,0.0
2,0,0.0,2,1,1,0,2,1,2,0,0.6397222222222222
2,0,0.0,1,1,1,0,2,1,0,0,0.2127777777777778
33,0,0.0,2,3,1,0,33,2,5,0,7.986666666666666
1,0,0.0,1,1,1,0,1,1,0,0,0.0
1,0,0.0,1,1,1,0,1,1,0,0,0.0
1,0,0.0,1,1,1,0,1,1,0,0,0.0
2,0,0.0,2,2,2,0,1,2,1,0,0.10444444444444445
2,0,0.0,2,1,1,0,0,1,0,0,0.021111111111111112
2,0,0.0,1,1,1,0,2,1,0,0,0.6666666666666666
58,0,0.0,3,3,1,0,58,3,14,18,8.406666666666666
3,0,0.0,3,1,2,0,1,2,1,0,1.0708333333333333
2,0,0.0,2,2,1,0,2,2,0,1,0.5377777777777778
4,0,0.0,3,4,2,0,3,2,1,0,5.671111111111111
1,0,0.0,1,1,1,0,1,1,1,0,0.0
1,0,0.0,1,1,1,0,1,1,1,0,0.0
2,0,0.0,2,1,1,0,2,1,2,0,6.814166666666667
2,0,0.0,1,1,2,0,1,2,1,0,0.0
2,0,0.0,2,1,1,0,2,1,2,0,1.508888888888889
4,0,0.0,3,4,1,0,4,1,4,0,1.8694444444444445
1,0,0.0,1,1,1,0,0,1,0,0,0.0
3,0,0.0,2,3,1,0,3,2,1,0,3.7391666666666667
1,0,0.0,1,1,1,0,1,1,1,0,0.0
2,0,0.0,2,2,1,0,2,1,0,0,5.080277777777778
1,0,0.0,1,1,1,0,1,1,1,0,0.0
3,0,0.0,1,1,1,0,0,1,0,0,0.10388888888888889
2,0,0.0,1,1,1,0,2,1,0,0,2.1036111111111113
2,0,0.0,2,1,2,0,1,2,1,0,0.3952777777777778
1,0,0.0,1,1,1,0,0,1,0,0,0.0
1,0,0.0,1,1,1,0,1,1,0,0,0.0
2,0,0.0,2,1,1,0,0,1,0,0,3.524722222222222
3,0,0.0,3,2,2,0,2,2,1,0,5.221666666666667
1,0,0.0,1,1,1,0,1,1,1,0,0.0
1,0,0.0,1,1,1,0,1,1,0,0,0.0
3,0,0.0,3,2,2,0,2,2,1,0,1.0125
1,0,0.0,1,1,1,0,1,1,1,0,0.0
2,0,0.0,1,1,1,0,2,1,0,0,2.706111111111111
21,0,0.0,2,1,1,0,0,1,0,0,7.588611111111111
1,0,0.0,1,1,1,0,1,1,1,0,0.0
4,0,0.0,2,3,2,0,3,2,2,0,5.108888888888889
1,0,0.0,1,1,1,0,1,1,1,0,0.0
1,0,0.0,1,1,1,0,0,1,0,0,0.0
1,0,0.0,1,1,1,0,1,1,0,0,0.0
1,0,0.0,1,1,1,0,1,1,0,0,0.0
1,0,0.0,1,1,1,0,1,1,0,0,0.0
1,0,0.0,1,1,1,0,1,1,1,0,0.0
1,0,0.0,1,1,1,0,0,1,0,0,0.0
2,0,0.0,1,2,1,0,2,2,1,0,4.0
2,0,0.0,1,2,1,0,2,2,0,1,0.006944444444444444
2,0,0.0,2,2,2,0,1,1,0,0,1.7238888888888888
1,0,0.0,1,1,1,0,0,1,0,0,0.0
2,0,0.0,2,2,2,0,1,1,0,0,0.4513888888888889
3,0,0.0,3,1,2,0,2,2,2,0,0.012777777777777779
2,0,0.0,2,1,2,0,1,2,1,0,0.30916666666666665
6,0,0.0,4,2,2,0,3,2,2,0,7.431388888888889
2,0,0.0,2,1,1,0,0,1,0,0,1.1088888888888888
3,0,0.0,2,1,2,0,1,2,1,0,0.1925
3,0,0.0,3,2,2,0,2,2,1,0,6.674444444444444
2,0,0.0,2,2,1,0,2,1,0,0,0.17833333333333334
1,0,0.0,1,1,1,0,1,1,1,0,0.0
2,0,0.0,2,2,1,0,2,2,1,0,0.09527777777777778
1,0,0.0,1,1,1,0,1,1,1,0,0.0
3,0,0.0,3,3,2,0,2,1,0,0,3.3944444444444444
1,0,0.0,1,1,1,0,0,1,0,0,0.0
1,0,0.0,1,1,1,0,1,1,0,0,0.0
1,0,0.0,1,1,1,0,1,1,0,0,0.0
4,0,0.0,3,2,2,0,3,2,2,0,4.8758333333333335
2,0,0.0,2,2,1,0,2,2,1,0,5.421111111111111
4,0,0.0,4,2,2,0,3,2,2,0,1.333888888888889
1,0,0.0,1,1,1,0,1,1,0,0,0.0
1,0,0.0,1,1,1,0,1,1,1,0,0.0
1,0,0.0,1,1,1,0,0,1,0,0,0.0
1,0,0.0,1,1,1,0,0,1,0,0,0.0
1,0,0.0,1,1,1,0,1,1,0,0,0.0
2,0,0.0,2,2,2,0,1,1,0,0,0.0038888888888888888
3,0,0.0,3,3,1,0,3,2,1,0,2.2308333333333334
1,0,0.0,1,1,1,0,1,1,0,0,0.0
1,0,0.0,1,1,1,0,1,1,0,0,0.0
1,0,0.0,1,1,1,0,1,1,1,0,0.0
1,0,0.0,1,1,1,0,0,1,0,0,0.0
2,0,0.0,2,2,1,0,2,1,0,0,0.9425
1,0,0.0,1,1,1,0,1,1,0,0,0.0
1,0,0.0,1,1,1,0,0,1,0,0,0.0
1,0,0.0,1,1,1,0,1,1,0,0,0.0
1,0,0.0,1,1,1,0,1,1,0,0,0.0
2,0,0.0,2,1,1,0,0,1,0,0,0.006111111111111111
2,0,0.0,2,2,1,0,2,2,1,0,5.104166666666667
2,0,0.0,2,2,1,0,2,1,0,0,2.317222222222222
1,0,0.0,1,1,1,0,1,1,1,0,0.0
2,0,0.0,2,2,1,0,2,2,1,0,0.2536111111111111
6,0,0.0,3,4,1,0,6,2,1,0,1.9997222222222222
1,0,0.0,1,1,1,0,1,1,0,0,0.0
2,0,0.0,2,1,2,0,1,2,1,0,6.826388888888889
1,0,0.0,1,1,1,0,1,1,0,0,0.0
3,0,0.0,3,3,1,0,3,2,1,0,1.6802777777777778
2,0,0.0,1,2,1,0,2,2,1,0,0.42055555555555557
1,0,0.0,1,1,1,0,1,1,0,0,0.0
3,0,0.0,3,2,2,0,1,1,0,0,0.3111111111111111
5,0,0.0,4,4,2,0,4,2,1,0,0.6186111111111111
2,0,0.0,2,2,2,0,1,1,0,0,6.704722222222222
4,0,0.0,3,3,1,0,4,2,1,0,3.513333333333333
4,0,0.0,4,4,1,0,4,2,1,0,0.4711111111111111
1,0,0.0,1,1,1,0,1,1,1,0,0.0
1,0,0.0,1,1,1,0,1,1,1,0,0.0
5,0,0.0,4,5,1,0,5,2,2,0,2.8991666666666664
1,0,0.0,1,1,1,0,1,1,1,0,0.0
4,0,0.0,4,4,1,0,4,2,1,0,6.670277777777778
2,0,0.0,2,2,2,0,1,1,0,0,0.006111111111111111
1,0,0.0,1,1,1,0,1,1,1,0,0.0
1,0,0.0,1,1,1,0,0,1,0,0,0.0
10,0,0.0,2,2,3,4,2,2,0,0,8.2
1,0,0.0,1,1,1,0,1,1,0,1,0.0
1,0,0.0,1,1,1,0,0,1,0,0,0.0
1,0,0.0,1,1,1,0,1,1,0,0,0.0
1,0,0.0,1,1,1,0,1,1,0,0,0.0
4,0,0.0,4,2,2,0,2,2,1,0,1.4016666666666666
3,0,0.0,2,3,2,0,2,1,0,0,5.4719444444444445
4,0,0.0,4,3,1,0,0,1,0,0,3.9786111111111113
2,0,0.0,2,1,1,0,0,1,0,0,0.0
2,0,0.0,1,2,1,0,2,2,1,0,3.1694444444444443
1,0,0.0,1,1,1,0,0,1,0,0,0.0
9,0,0.0,9,8,2,0,6,2,2,0,6.560277777777777
1,0,0.0,1,1,1,0,0,1,0,0,0.0
2,0,0.0,2,2,2,0,1,1,0,0,0.008333333333333333
3,0,0.0,2,2,1,0,3,2,2,0,3.5952777777777776
3,0,0.0,3,3,1,0,3,2,1,0,2.2133333333333334
2,0,0.0,2,2,2,0,1,1,0,0,0.4672222222222222
1,0,0.0,1,1,1,0,1,1,1,0,0.0
3,0,0.0,2,1,2,0,2,2,2,0,6.68
4,0,0.0,3,4,2,0,2,1,0,0,1.1216666666666666
2,2,1.0,2,2,1,0,0,1,0,0,0.04666666666666667
6,0,0.0,5,4,1,0,0,1,0,0,5.178333333333334
1,0,0.0,1,1,1,0,1,1,1,0,0.0
1,0,0.0,1,1,1,0,1,1,1,0,0.0
6,0,0.0,4,3,2,0,3,2,1,0,2.6175
2,0,0.0,2,2,1,0,2,2,1,0,1.7997222222222222
1,0,0.0,1,1,1,0,0,1,0,0,0.0
33,0,0.0,2,3,1,0,33,2,14,0,8.461944444444445
1,0,0.0,1,1,1,0,1,1,0,0,0.0
7,0,0.0,3,4,2,0,6,2,2,0,1.1955555555555555
1,0,0.0,1,1,1,0,1,1,1,0,0.0
1,0,0.0,1,1,1,0,1,1,0,0,0.0
4,0,0.0,1,1,1,0,4,1,4,0,3.733888888888889
2,0,0.0,2,1,1,0,0,1,0,0,0.006388888888888889
4,0,0.0,2,3,2,0,2,2,1,0,4.858055555555556
1,0,0.0,1,1,1,0,0,1,0,0,0.0
2,0,0.0,2,2,1,0,2,2,1,0,0.5011111111111111
1,0,0.0,1,1,1,0,1,1,1,0,0.0
3,0,0.0,3,3,2,0,2,1,0,0,6.2011111111111115
3,0,0.0,3,2,2,0,1,1,0,0,4.878055555555555
1,0,0.0,1,1,1,0,0,1,0,0,0.0
3,0,0.0,2,1,2,0,2,2,2,0,0.01
4,0,0.0,2,2,1,0,4,1,0,0,0.20666666666666667
1,0,0.0,1,1,1,0,1,1,1,0,0.0
1,0,0.0,1,1,1,0,1,1,0,0,0.0
1,0,0.0,1,1,1,0,1,1,0,0,0.0
1,0,0.0,1,1,1,0,1,1,1,0,0.0
4,0,0.0,1,2,1,0,4,2,3,0,0.37972222222222224
2,0,0.0,2,1,1,0,2,1,2,0,0.14833333333333334
4,0,0.0,3,2,1,0,4,2,3,0,0.13833333333333334
5,0,0.0,3,4,1,0,5,2,2,0,6.434722222222222
2,0,0.0,2,1,1,0,2,1,2,0,0.14222222222222222
2,0,0.0,1,2,1,0,2,2,1,0,0.28583333333333333
1,0,0.0,1,1,1,0,0,1,0,0,0.0
1,0,0.0,1,1,1,0,0,1,0,0,0.0
2,0,0.0,1,1,1,0,2,1,2,0,0.10666666666666667
1,0,0.0,1,1,1,0,1,1,0,0,0.0
1,0,0.0,1,1,1,0,1,1,1,0,0.0
8,0,0.0,2,1,1,0,0,1,0,0,6.844444444444444
1,0,0.0,1,1,1,0,1,1,0,0,0.0
116,0,0.0,1,1,1,0,116,2,53,0,8.599722222222223
1,0,0.0,1,1,1,0,1,1,0,0,0.0
1,0,0.0,1,1,1,0,1,1,0,0,0.0
6,0,0.0,5,5,1,0,6,2,1,0,7.293611111111111
1,0,0.0,1,1,1,0,1,1,0,0,0.0
1,0,0.0,1,1,1,0,1,1,0,0,0.0
4,0,0.0,4,4,1,0,0,1,0,0,3.6847222222222222
2,0,0.0,2,2,1,0,2,2,1,0,1.9741666666666666
1,0,0.0,1,1,1,0,1,1,0,0,0.0
3,0,0.0,2,3,2,0,2,1,0,0,0.0125
3,0,0.0,3,3,2,0,2,1,0,0,3.298611111111111
2,0,0.0,2,1,2,0,1,2,1,0,2.0036111111111112
1,0,0.0,1,1,1,0,1,1,0,0,0.0
1,0,0.0,1,1,1,0,1,1,0,0,0.0
2,0,0.0,2,1,1,0,2,1,2,0,0.0002777777777777778
1,0,0.0,1,1,1,0,1,1,0,0,0.0
4,0,0.0,4,3,2,0,2,2,2,0,5.1925
1,0,0.0,1,1,1,0,0,1,0,0,0.0
1,0,0.0,1,1,1,0,0,1,0,0,0.0
1,0,0.0,1,1,1,0,0,1,0,0,0.0
4,0,0.0,4,2,2,0,1,1,0,0,7.488611111111111
2,0,0.0,2,1,2,0,1,2,1,0,0.0008333333333333334
1,0,0.0,1,1,1,0,1,1,1,0,0.0
1,0,0.0,1,1,1,0,1,1,0,0,0.0
6,0,0.0,2,3,1,0,6,2,2,0,5.707777777777777
2,0,0.0,1,1,1,0,0,1,0,0,0.005833333333333334
5,0,0.0,5,1,2,0,3,2,3,0,2.4383333333333335
2,0,0.0,1,1,1,0,2,1,2,0,0.035
3,0,0.0,1,2,1,0,3,2,1,0,4.828333333333333
2,0,0.0,1,1,1,0,2,1,0,0,0.06888888888888889
1,0,0.0,1,1,1,0,1,1,0,0,0.0
1,0,0.0,1,1,1,0,1,1,0,0,0.0
1,0,0.0,1,1,1,0,1,1,0,0,0.0
1,0,0.0,1,1,1,0,0,1,0,0,0.0
1,0,0.0,1,1,1,0,1,1,0,0,0.0
3,0,0.0,3,2,1,0,3,2,2,0,1.8975
5,0,0.0,3,3,2,0,4,2,1,0,6.113611111111111
1,0,0.0,1,1,1,0,1,1,0,0,0.0
22,0,0.0,1,2,1,0,22,2,10,0,8.150833333333333
1,0,0.0,1,1,1,0,1,1,0,0,0.0
2,0,0.0,2,2,1,0,2,1,0,0,0.7141666666666666
3,0,0.0,3,3,1,0,3,2,1,0,7.674166666666666
2,0,0.0,2,2,2,0,1,2,1,0,0.5555555555555556
2,0,0.0,1,1,1,0,2,1,2,0,0.0002777777777777778
1,1,1.0,1,1,1,0,0,1,0,0,0.0
5,0,0.0,5,3,2,0,2,2,1,0,8.03
1,0,0.0,1,1,1,0,1,1,0,0,0.0
1,0,0.0,1,1,1,0,0,1,0,0,0.0
2,0,0.0,2,1,1,0,0,1,0,0,0.15388888888888888
1,0,0.0,1,1,1,0,1,1,1,0,0.0
2,0,0.0,1,2,2,0,1,1,0,0,7.1963888888888885
1,0,0.0,1,1,1,0,1,1,0,0,0.0
2,0,0.0,2,1,2,0,1,2,1,0,0.0011111111111111111
2,0,0.0,2,1,2,0,1,2,1,0,1.7933333333333332
1,0,0.0,1,1,1,0,1,1,0,0,0.0
1,0,0.0,1,1,1,0,0,1,0,0,0.0
2,0,0.0,1,2,1,0,2,2,0,1,0.7863888888888889
66,0,0.0,3,3,2,0,65,2,31,0,8.627222222222223
1,0,0.0,1,1,1,0,0,1,0,0,0.0
2,0,0.0,2,2,1,0,2,2,1,0,5.145833333333333
2,0,0.0,2,2,1,0,2,1,0,0,1.9569444444444444
2,0,0.0,1,1,1,0,0,1,0,0,7.989722222222222
2,0,0.0,2,1,2,0,1,2,1,0,2.6019444444444444
1,0,0.0,1,1,1,0,1,1,0,0,0.0
1,0,0.0,1,1,1,0,0,1,0,0,0.0
3,0,0.0,2,2,2,0,2,2,1,0,5.150277777777778
2,0,0.0,2,2,1,0,2,2,1,0,0.005
1,0,0.0,1,1,1,0,1,1,0,0,0.0
2,0,0.0,2,2,2,0,1,1,0,0,7.9175
1,0,0.0,1,1,1,0,0,1,0,0,0.0
2,0,0.0,1,1,1,0,2,1,0,0,0.0125
1,0,0.0,1,1,1,0,1,1,1,0,0.0
5,0,0.0,4,4,2,0,4,2,1,0,4.810555555555555
1,0,0.0,1,1,1,0,0,1,0,0,0.0
3,0,0.0,3,1,2,0,1,2,1,0,0.32916666666666666
1,0,0.0,1,1,1,0,1,1,0,0,0.0
3,0,0.0,2,3,1,0,3,2,1,0,3.508611111111111
1,0,0.0,1,1,1,0,1,1,1,0,0.0
1,0,0.0,1,1,1,0,1,1,0,0,0.0
4,0,0.0,4,2,2,0,1,1,0,0,2.0083333333333333
1,0,0.0,1,1,1,0,1,1,0,0,0.0
3,0,0.0,3,2,1,0,3,2,2,0,7.641388888888889
1,0,0.0,1,1,1,0,0,1,0,0,0.0
1,0,0.0,1,1,1,0,1,1,1,0,0.0
3,0,0.0,3,3,2,0,2,1,0,0,0.020833333333333332
1,0,0.0,1,1,1,0,0,1,0,0,0.0
1,0,0.0,1,1,1,0,1,1,0,0,0.0
1,0,0.0,1,1,1,0,0,1,0,0,0.0
2,0,0.0,1,2,1,0,2,2,1,0,0.013055555555555556
3,0,0.0,2,2,2,0,2,2,1,0,7.839166666666666
1,0,0.0,1,1,1,0,0,1,0,0,0.0
1,0,0.0,1,1,1,0,0,1,0,0,0.0
1,0,0.0,1,1,1,0,1,1,1,0,0.0
1,0,0.0,1,1,1,0,1,1,1,0,0.0
1,0,0.0,1,1,1,0,1,1,1,0,0.0
1,0,0.0,1,1,1,0,0,1,0,0,0.0
2,0,0.0,2,2,2,0,1,1,0,0,7.032777777777778
1,0,0.0,1,1,1,0,1,1,1,0,0.0
5,0,0.0,2,3,2,0,4,2,1,0,4.2425
1,1,1.0,1,1,1,0,0,1,0,0,0.0
2,0,0.0,2,1,2,0,1,2,1,0,7.765555555555555
3,0,0.0,3,2,1,0,3,2,2,0,6.7363888888888885
1,0,0.0,1,1,1,0,1,1,1,0,0.0
1,0,0.0,1,1,1,0,1,1,0,0,0.0
3,0,0.0,3,2,2,0,2,2,1,0,0.16277777777777777
1,0,0.0,1,1,1,0,1,1,0,0,0.0
2,0,0.0,2,1,2,0,1,2,1,0,0.42944444444444446
2,0,0.0,2,2,2,0,1,1,0,0,2.0044444444444443
4,0,0.0,3,3,2,0,3,2,2,0,3.2583333333333333
1,0,0.0,1,1,1,0,0,1,0,0,0.0
3,0,0.0,3,1,2,0,2,2,2,0,3.9419444444444443
1,0,0.0,1,1,1,0,1,1,1,0,0.0
6,0,0.0,4,4,2,0,4,2,2,0,7.866944444444444
1,0,0.0,1,1,1,0,1,1,0,0,0.0
2,0,0.0,2,2,1,0,2,2,1,0,0.9216666666666666
48,0,0.0,1,2,1,0,48,3,18,7,8.425
4,0,0.0,4,4,1,0,4,2,1,0,6.416944444444445
1,0,0.0,1,1,1,0,0,1,0,0,0.0
1,0,0.0,1,1,1,0,0,1,0,0,0.0
1,0,0.0,1,1,1,0,1,1,0,0,0.0
1,0,0.0,1,1,1,0,1,1,0,0,0.0
1,0,0.0,1,1,1,0,1,1,0,0,0.0
3,0,0.0,3,2,2,0,2,2,1,0,3.3480555555555553
1,0,0.0,1,1,1,0,0,1,0,0,0.0
1,0,0.0,1,1,1,0,0,1,0,0,0.0
2,0,0.0,1,1,1,0,2,1,0,2,0.07361111111111111
1,0,0.0,1,1,1,0,1,1,1,0,0.0
1,0,0.0,1,1,1,0,0,1,0,0,0.0
1,0,0.0,1,1,1,0,1,1,0,0,0.0
2,0,0.0,2,2,1,0,2,1,0,0,6.001388888888889
1,0,0.0,1,1,1,0,0,1,0,0,0.0
2,0,0.0,2,2,2,0,1,1,0,0,0.14416666666666667
1,0,0.0,1,1,1,0,1,1,0,0,0.0
3,0,0.0,2,2,1,0,3,2,1,0,0.14333333333333334
26,0,0.0,3,4,2,0,25,2,8,0,7.809166666666667
2,0,0.0,2,2,1,0,2,1,0,0,1.2519444444444445
2,0,0.0,1,1,1,0,2,1,0,0,0.1425
2,0,0.0,2,2,1,0,2,2,0,1,2.471388888888889
1,0,0.0,1,1,1,0,1,1,0,0,0.0
7,0,0.0,3,4,2,0,6,2,1,0,7.740555555555556
2,0,0.0,2,2,1,0,2,2,1,0,0.0008333333333333334
1,0,0.0,1,1,1,0,1,1,0,0,0.0
1,0,0.0,1,1,1,0,1,1,0,0,0.0
2,0,0.0,2,1,2,0,1,2,1,0,0.06055555555555556
2,0,0.0,2,2,2,0,1,1,0,0,4.407777777777778
5,0,0.0,5,3,2,0,3,2,1,0,0.48833333333333334
1,0,0.0,1,1,1,0,1,1,0,0,0.0
2,0,0.0,2,2,2,0,1,1,0,0,2.2975
2,0,0.0,1,2,1,0,2,2,1,0,0.0275
4,0,0.0,3,3,1,0,4,2,1,0,6.963611111111111
1,0,0.0,1,1,1,0,0,1,0,0,0.0
2,0,0.0,2,1,2,0,1,2,1,0,3.7808333333333333
1,1,1.0,1,1,1,0,1,1,0,1,0.0
2,0,0.0,2,2,2,0,1,1,0,0,1.991111111111111
19,0,0.0,2,3,2,0,18,3,4,1,6.898611111111111
1,0,0.0,1,1,1,0,1,1,0,0,0.0
1,0,0.0,1,1,1,0,0,1,0,0,0.0
2,0,0.0,2,2,1,0,2,2,1,0,7.3197222222222225
1,0,0.0,1,1,1,0,1,1,1,0,0.0
1,0,0.0,1,1,1,0,1,1,0,0,0.0
6,0,0.0,4,2,2,0,5,2,4,0,6.978611111111111
2,0,0.0,2,1,1,0,0,1,0,0,0.0011111111111111111
1,0,0.0,1,1,1,0,0,1,0,0,0.0
2,0,0.0,1,1,2,0,1,2,1,0,0.0002777777777777778
2,0,0.0,1,2,1,0,2,2,1,0,7.585
1,0,0.0,1,1,1,0,0,1,0,0,0.0
1,0,0.0,1,1,1,0,1,1,0,0,0.0
2,0,0.0,2,1,1,0,2,1,2,0,4.319444444444445
1,0,0.0,1,1,1,0,1,1,0,0,0.0
2,0,0.0,2,2,1,0,2,2,1,0,1.8197222222222222
3,0,0.0,3,3,2,0,2,1,0,0,0.026111111111111113
3,0,0.0,2,3,1,0,3,2,1,0,3.3905555555555558
1,0,0.0,1,1,1,0,1,1,1,0,0.0
1,0,0.0,1,1,1,0,1,1,0,0,0.0
1,0,0.0,1,1,1,0,1,1,1,0,0.0
4,0,0.0,3,2,2,0,3,2,1,0,2.9125
1,0,0.0,1,1,1,0,0,1,0,0,0.0
1,0,0.0,1,1,1,0,0,1,0,0,0.0
1,0,0.0,1,1,1,0,1,1,1,0,0.0
4,0,0.0,3,1,2,0,2,2,2,0,7.183611111111111
1,0,0.0,1,1,1,0,1,1,1,0,0.0
3,0,0.0,3,2,1,0,3,2,2,0,3.9630555555555556
1,0,0.0,1,1,1,0,1,1,0,0,0.0
4,0,0.0,3,3,2,0,2,1,0,0,5.108611111111111
3,0,0.0,3,1,2,0,1,2,1,0,3.5316666666666667
1,0,0.0,1,1,1,0,1,1,0,0,0.0
2,0,0.0,2,2,1,0,2,2,1,0,0.015277777777777777
3,0,0.0,3,2,1,0,3,3,1,1,0.5677777777777778
2,0,0.0,1,2,1,0,2,2,1,0,1.4977777777777779
2,0,0.0,2,2,2,0,1,1,0,0,6.444444444444445
1,0,0.0,1,1,1,0,0,1,0,0,0.0
2,0,0.0,2,1,2,0,1,2,1,0,0.006388888888888889
67,0,0.0,5,5,2,0,66,2,33,0,21.134444444444444
93,0,0.0,6,5,2,0,91,2,39,0,23.558055555555555
40,0,0.0,9,4,2,0,39,3,18,1,23.374166666666667
1,0,0.0,1,1,1,0,0,1,0,0,0.0
3,0,0.0,2,2,1,0,3,1,0,0,3.4675
2,0,0.0,2,2,1,0,2,2,1,0,5.026388888888889
3,0,0.0,2,2,1,0,3,2,1,0,0.6438888888888888
2,0,0.0,2,1,2,0,1,2,1,0,0.003611111111111111
1,0,0.0,1,1,1,0,0,1,0,0,0.0
3,0,0.0,2,2,1,0,3,1,0,0,5.171388888888889
2,0,0.0,2,2,1,0,2,2,1,0,0.44583333333333336
2,0,0.0,2,2,1,0,2,2,1,0,7.371388888888889
1,0,0.0,1,1,1,0,0,1,0,0,0.0
1,0,0.0,1,1,1,0,0,1,0,0,0.0
2,0,0.0,2,2,1,0,2,2,1,0,3.261388888888889
2,0,0.0,2,2,1,0,2,1,0,0,1.9388888888888889
1,0,0.0,1,1,1,0,1,1,0,0,0.0
2,0,0.0,2,2,1,0,2,2,1,0,1.5711111111111111
3,0,0.0,3,2,2,0,1,1,0,0,0.45555555555555555
2,0,0.0,2,2,2,0,1,1,0,0,0.0002777777777777778
7,0,0.0,3,2,2,0,6,2,2,0,7.644166666666667
2,0,0.0,2,2,1,0,2,2,1,0,1.8022222222222222
4,0,0.0,4,2,2,0,3,2,2,0,7.093333333333334
2,0,0.0,2,2,2,0,1,1,0,0,0.1986111111111111
4,0,0.0,4,3,2,0,3,2,1,0,0.7836111111111111
1,0,0.0,1,1,1,0,0,1,0,0,0.0
2,0,0.0,2,2,2,0,1,1,0,0,1.456388888888889
30,0,0.0,4,4,1,0,30,2,7,0,8.654166666666667
1,0,0.0,1,1,1,0,1,1,1,0,0.0
1,1,1.0,1,1,1,0,1,1,0,1,0.0
1,0,0.0,1,1,1,0,1,1,1,0,0.0
2,0,0.0,2,1,2,0,1,2,0,1,6.393611111111111
2,0,0.0,2,1,1,0,0,1,0,0,0.5052777777777778
3,0,0.0,2,2,2,0,2,2,1,0,2.0952777777777776
1,0,0.0,1,1,1,0,1,1,0,0,0.0
1,0,0.0,1,1,1,0,1,1,0,0,0.0
1,0,0.0,1,1,1,0,1,1,1,0,0.0
2,0,0.0,1,1,1,0,2,1,0,0,4.3475
1,0,0.0,1,1,1,0,1,1,1,0,0.0
1,0,0.0,1,1,1,0,1,1,0,0,0.0
2,0,0.0,2,2,1,0,2,2,1,0,1.5091666666666668
2,0,0.0,2,2,2,0,1,1,0,0,5.0072222222222225
2,0,0.0,2,2,1,0,2,2,1,0,1.9502777777777778
1,0,0.0,1,1,1,0,1,1,0,0,0.0
1,0,0.0,1,1,1,0,1,1,1,0,0.0
4,0,0.0,4,4,1,0,4,2,2,0,3.6105555555555555
3,0,0.0,3,3,2,0,2,1,0,0,6.661388888888889
1,0,0.0,1,1,1,0,1,1,0,0,0.0
1,0,0.0,1,1,1,0,1,1,1,0,0.0
1,0,0.0,1,1,1,0,1,1,0,1,0.0
1,0,0.0,1,1,1,0,1,1,0,0,0.0
24,0,0.0,2,3,1,0,24,2,12,0,7.799166666666666
2,0,0.0,2,1,2,0,1,2,1,0,0.0025
3,0,0.0,1,1,1,0,3,1,3,0,3.3247222222222224
1,0,0.0,1,1,1,0,1,1,0,0,0.0
2,0,0.0,2,2,1,0,2,2,1,0,0.024166666666666666
1,0,0.0,1,1,1,0,1,1,0,0,0.0
4,0,0.0,2,3,1,0,4,2,2,0,6.912222222222222
1,0,0.0,1,1,1,0,1,1,1,0,0.0
3,0,0.0,3,2,2,0,1,1,0,0,6.371666666666667
1,0,0.0,1,1,1,0,1,1,0,0,0.0
2,0,0.0,1,1,1,0,2,1,0,0,0.19694444444444445
1,0,0.0,1,1,1,0,0,1,0,0,0.0
1,0,0.0,1,1,1,0,1,1,1,0,0.0
1,0,0.0,1,1,1,1,0,1,0,0,0.0
1,0,0.0,1,1,1,0,1,1,0,0,0.0
8,0,0.0,5,4,1,0,0,1,0,0,4.833611111111111
1,0,0.0,1,1,1,0,1,1,1,0,0.0
3,0,0.0,3,3,1,0,3,1,0,0,4.6994444444444445
2,0,0.0,1,1,1,0,2,1,2,0,3.997777777777778
4,0,0.0,2,2,2,0,3,2,2,0,3.4675
3,0,0.0,3,1,3,0,1,2,1,0,6.746111111111111
4,0,0.0,4,3,2,0,3,2,1,0,3.785833333333333
3,0,0.0,2,1,2,0,2,2,2,0,6.835555555555556
3,0,0.0,3,2,2,0,2,2,1,0,1.7591666666666668
2,0,0.0,2,1,1,0,2,1,2,0,0.35055555555555556
4,0,0.0,4,3,2,0,3,2,1,0,6.683888888888889
1,0,0.0,1,1,1,0,0,1,0,0,0.0
5,0,0.0,4,4,1,0,0,1,0,0,4.826944444444444
1,0,0.0,1,1,1,0,1,1,0,0,0.0
2,0,0.0,1,1,1,0,2,1,0,0,5.109166666666667
1,0,0.0,1,1,1,0,0,1,0,0,0.0
2,0,0.0,2,2,2,0,1,1,0,0,1.896388888888889
3,0,0.0,2,1,2,0,1,2,0,1,1.3427777777777778
1,0,0.0,1,1,1,0,1,1,0,0,0.0
1,0,0.0,1,1,1,0,1,1,0,0,0.0
1,0,0.0,1,1,1,0,1,1,0,0,0.0
2,0,0.0,2,2,1,0,2,2,1,0,0.008611111111111111
1,0,0.0,1,1,1,0,1,1,0,0,0.0
2,0,0.0,2,2,2,0,1,1,0,0,4.165277777777778
1,0,0.0,1,1,1,0,0,1,0,0,0.0
2,0,0.0,2,2,1,0,2,2,1,0,3.7111111111111112
19,1,0.05263157894736842,2,2,3,0,1,2,0,0,7.164444444444444
3,0,0.0,2,2,1,0,3,1,0,0,1.6266666666666667
2,0,0.0,2,2,2,0,1,1,0,0,0.013333333333333334
5,0,0.0,4,3,2,0,4,2,2,0,7.071111111111111
1,0,0.0,1,1,1,0,0,1,0,0,0.0
3,0,0.0,3,3,1,0,3,2,2,0,5.372222222222222
2,0,0.0,2,2,1,0,2,1,0,0,1.7538888888888888
1,0,0.0,1,1,1,0,0,1,0,0,0.0
1,0,0.0,1,1,1,0,1,1,1,0,0.0
3,0,0.0,3,1,2,0,2,2,2,0,7.965277777777778
2,0,0.0,2,2,1,0,2,1,0,0,4.730277777777777
1,0,0.0,1,1,1,0,1,1,1,0,0.0
2,0,0.0,1,2,2,0,1,1,0,0,5.4302777777777775
1,0,0.0,1,1,1,0,1,1,1,0,0.0
47,7,0.14893617021276595,3,4,1,0,47,3,7,16,7.728611111111111
1,0,0.0,1,1,1,0,1,1,1,0,0.0
2,0,0.0,2,2,1,0,2,2,1,0,1.6241666666666668
3,0,0.0,3,3,1,0,3,2,2,0,1.5933333333333333
2,0,0.0,2,1,2,0,1,2,1,0,0.0
10,0,0.0,6,4,3,0,8,2,5,0,7.363333333333333
5,5,1.0,1,1,1,0,0,1,0,0,0.5472222222222223
3,0,0.0,2,3,1,0,3,2,1,0,7.5055555555555555
2,0,0.0,2,2,2,0,1,1,0,0,0.35694444444444445
1,0,0.0,1,1,1,0,1,1,0,0,0.0
1,0,0.0,1,1,1,0,1,1,1,0,0.0
1,0,0.0,1,1,1,0,1,1,1,0,0.0
1,0,0.0,1,1,1,0,1,1,1,0,0.0
1,0,0.0,1,1,1,0,1,1,1,0,0.0
2,0,0.0,2,2,1,0,2,1,0,0,0.001388888888888889
1,0,0.0,1,1,1,0,0,1,0,0,0.0
1,0,0.0,1,1,1,0,1,1,0,0,0.0
4,0,0.0,3,3,2,0,3,2,2,0,5.836944444444445
2,0,0.0,2,1,1,0,0,1,0,0,1.4891666666666667
2,0,0.0,2,2,2,0,1,1,0,0,0.7630555555555556
1,0,0.0,1,1,1,0,1,1,0,0,0.0
1,0,0.0,1,1,1,0,1,1,0,0,0.0
4,0,0.0,3,3,2,0,3,1,0,0,7.763333333333334
1,0,0.0,1,1,1,0,1,1,0,0,0.0
4,0,0.0,3,3,1,0,4,2,2,0,6.328333333333333
2,0,0.0,2,2,1,0,2,2,1,0,2.0052777777777777
1,0,0.0,1,1,1,0,1,1,0,0,0.0
1,0,0.0,1,1,1,0,1,1,0,0,0.0
1,0,0.0,1,1,1,0,1,1,0,0,0.0
4,0,0.0,3,3,1,0,4,2,2,0,7.798055555555556
3,0,0.0,2,3,1,0,3,2,1,0,2.0077777777777777
2,0,0.0,2,1,1,0,2,1,2,0,6.648611111111111
2,0,0.0,2,2,2,0,1,1,0,0,3.121111111111111
2,0,0.0,2,2,2,0,1,1,0,0,0.008055555555555555
3,0,0.0,3,3,1,0,3,1,0,0,6.964166666666666
1,0,0.0,1,1,1,0,1,1,1,0,0.0
1,0,0.0,1,1,1,0,0,1,0,0,0.0
1,0,0.0,1,1,1,0,0,1,0,0,0.0
2,0,0.0,2,1,1,0,2,1,2,0,4.795555555555556
3,0,0.0,2,1,1,0,3,1,3,0,2.167222222222222
1,0,0.0,1,1,1,0,1,1,1,0,0.0
2,0,0.0,2,2,2,0,1,1,0,0,7.125555555555556
86,0,0.0,1,1,1,0,86,2,42,0,8.58361111111111
1,0,0.0,1,1,1,0,0,1,0,0,0.0
1,0,0.0,1,1,1,0,1,1,0,0,0.0
2,0,0.0,1,1,1,0,2,1,2,0,0.9913888888888889
2,0,0.0,1,2,1,0,2,2,1,0,0.002777777777777778
1,0,0.0,1,1,1,0,1,1,0,0,0.0
1,0,0.0,1,1,1,0,1,1,0,0,0.0
1,0,0.0,1,1,1,0,1,1,0,0,0.0
8,0,0.0,2,3,1,0,8,2,4,0,3.5275
5,0,0.0,4,2,2,0,4,2,3,0,4.674444444444444
1,0,0.0,1,1,1,0,1,1,0,0,0.0
4,0,0.0,3,2,2,0,3,2,1,0,6.064722222222223
2,0,0.0,2,1,2,0,1,2,1,0,6.397777777777778
1,0,0.0,1,1,1,0,0,1,0,0,0.0
1,0,0.0,1,1,1,0,1,1,0,0,0.0
3,0,0.0,3,2,2,0,2,2,1,0,6.3805555555555555
1,0,0.0,1,1,1,0,1,1,1,0,0.0
6,0,0.0,5,3,1,0,6,2,3,0,7.775
3,0,0.0,3,3,1,0,3,1,0,0,3.7472222222222222
4,0,0.0,3,4,1,0,4,3,1,1,4.146111111111111
2,0,0.0,2,2,1,0,2,1,0,0,2.5030555555555556
1,0,0.0,1,1,1,0,1,1,0,0,0.0
3,0,0.0,3,2,2,0,2,2,1,0,0.49916666666666665
1,0,0.0,1,1,1,0,1,1,0,0,0.0
1,0,0.0,1,1,1,0,0,1,0,0,0.0
4,0,0.0,2,2,1,0,4,2,3,0,3.9161111111111113
2,0,0.0,2,1,2,0,1,2,1,0,0.1063888888888889
2,0,0.0,2,2,1,0,2,1,2,0,0.295
2,0,0.0,2,2,2,0,1,1,0,0,0.0019444444444444444
3,0,0.0,3,1,2,0,2,2,2,0,0.15472222222222223
3,0,0.0,3,3,1,0,3,2,1,0,7.0872222222222225
7,0,0.0,6,6,2,0,5,2,2,0,5.223333333333334
3,0,0.0,2,2,1,0,3,2,2,0,6.4825
1,0,0.0,1,1,1,0,1,1,0,0,0.0
3,0,0.0,3,3,1,0,3,2,1,0,6.756666666666667
2,0,0.0,2,2,1,0,2,2,1,0,1.6405555555555555
3,0,0.0,3,2,1,0,3,2,2,0,3.4494444444444445
2,0,0.0,2,2,2,0,1,1,0,0,4.011111111111111
1,0,0.0,1,1,1,0,0,1,0,0,0.0
2,0,0.0,1,1,1,0,0,1,0,0,0.01361111111111111
2,0,0.0,2,1,1,0,0,1,0,0,0.042222222222222223
1,0,0.0,1,1,1,0,1,1,0,0,0.0
2,0,0.0,1,1,1,0,2,1,0,0,1.8869444444444445
3,0,0.0,3,3,1,0,3,2,1,0,1.9675
1,0,0.0,1,1,1,0,1,1,0,0,0.0
285,285,1.0,1,1,1,0,0,1,0,0,8.625
2,0,0.0,1,2,1,0,2,2,1,0,0.9680555555555556
3,0,0.0,2,2,2,0,1,1,0,0,6.696944444444444
1,0,0.0,1,1,1,0,1,1,0,0,0.0
1,0,0.0,1,1,1,0,1,1,0,0,0.0
2,0,0.0,1,1,1,0,2,1,2,0,0.9841666666666666
3,0,0.0,3,3,2,0,2,1,0,0,1.985
1,0,0.0,1,1,1,0,1,1,0,0,0.0
4,0,0.0,1,2,1,0,4,2,2,0,6.090833333333333
2,0,0.0,1,2,1,0,2,2,1,0,0.9855555555555555
2,0,0.0,2,2,1,0,2,2,1,0,5.601388888888889
6,0,0.0,4,4,1,0,6,2,1,0,5.330277777777778
1,0,0.0,1,1,1,0,1,1,0,0,0.0
2,0,0.0,2,2,2,0,1,1,0,0,0.03777777777777778
3,0,0.0,3,2,2,0,2,2,0,1,7.2252777777777775
1,0,0.0,1,1,1,0,0,1,0,0,0.0
1,0,0.0,1,1,1,0,1,1,0,0,0.0
2,0,0.0,2,2,2,0,1,1,0,0,4.408888888888889
2,0,0.0,1,2,1,0,2,2,1,0,0.0636111111111111
5,0,0.0,4,5,1,0,5,2,1,0,3.517777777777778
3,0,0.0,3,2,2,0,2,2,1,0,3.586388888888889
1,0,0.0,1,1,1,0,0,1,0,0,0.0
1,0,0.0,1,1,1,0,0,1,0,0,0.0
1,0,0.0,1,1,1,0,1,1,0,0,0.0
1,0,0.0,1,1,1,0,1,1,1,0,0.0
3,0,0.0,2,2,2,0,2,2,1,0,0.010833333333333334
3,0,0.0,2,1,1,0,3,1,3,0,4.0275
2,0,0.0,2,2,2,0,1,1,0,0,0.005277777777777778
4,0,0.0,4,3,2,0,2,1,0,0,0.01138888888888889
1,0,0.0,1,1,1,0,1,1,0,0,0.0
3,0,0.0,2,1,2,0,2,2,2,0,2.488888888888889
1,0,0.0,1,1,1,0,0,1,0,0,0.0
2,0,0.0,2,2,1,0,2,1,0,0,1.0055555555555555
22,0,0.0,3,3,1,0,22,2,8,0,7.582777777777777
2,0,0.0,1,2,2,0,1,1,0,0,0.01
1,0,0.0,1,1,1,0,0,1,0,0,0.0
2,0,0.0,1,2,1,0,2,2,1,0,3.6844444444444444
1,0,0.0,1,1,1,0,1,1,0,0,0.0
1,0,0.0,1,1,1,0,1,1,1,0,0.0
2,0,0.0,1,1,1,0,2,1,0,0,1.7116666666666667
2,0,0.0,2,1,2,0,1,2,1,0,4.0119444444444445
1,0,0.0,1,1,1,0,1,1,0,0,0.0
2,0,0.0,2,1,1,0,2,1,2,0,0.03027777777777778
1,0,0.0,1,1,1,0,1,1,0,0,0.0
1,0,0.0,1,1,1,0,1,1,0,0,0.0
1,0,0.0,1,1,1,0,1,1,0,0,0.0
6,0,0.0,5,4,2,0,5,2,2,0,6.4783333333333335
4,0,0.0,4,3,1,0,4,2,2,0,2.1966666666666668
1,0,0.0,1,1,1,0,1,1,1,0,0.0
1,0,0.0,1,1,1,0,1,1,0,0,0.0
1,0,0.0,1,1,1,0,0,1,0,0,0.0
1,0,0.0,1,1,1,0,1,1,0,0,0.0
1,0,0.0,1,1,1,0,1,1,1,0,0.0
1,0,0.0,1,1,1,0,1,1,0,0,0.0
1,0,0.0,1,1,1,0,1,1,0,0,0.0
1,0,0.0,1,1,1,0,1,1,1,0,0.0
1,0,0.0,1,1,1,0,1,1,0,0,0.0
1,0,0.0,1,1,1,0,1,1,1,0,0.0
1,0,0.0,1,1,1,0,1,1,0,0,0.0
1,0,0.0,1,1,1,0,1,1,0,0,0.0
1,0,0.0,1,1,1,0,1,1,0,0,0.0
1,0,0.0,1,1,1,0,1,1,0,0,0.0
2,0,0.0,2,1,2,0,1,2,1,0,2.9586111111111113
6,0,0.0,5,2,2,0,3,2,1,0,8.16611111111111
1,0,0.0,1,1,1,0,1,1,0,0,0.0
3,0,0.0,3,3,1,0,3,2,1,0,5.808333333333334
1,0,0.0,1,1,1,0,0,1,0,0,0.0
2,0,0.0,2,1,2,0,1,2,1,0,2.2086111111111113
3,0,0.0,3,3,2,0,2,1,0,0,1.6230555555555555
3,0,0.0,2,1,2,0,2,2,2,0,0.605
3,0,0.0,1,1,1,0,3,1,3,0,3.118611111111111
1,0,0.0,1,1,1,0,1,1,0,0,0.0
3,0,0.0,2,2,2,0,2,1,0,0,2.5258333333333334
2,0,0.0,2,1,2,0,1,2,1,0,0.01138888888888889
2,0,0.0,2,2,1,0,2,2,1,0,4.139722222222222
2,0,0.0,2,2,1,0,2,2,1,0,0.9961111111111111
1,0,0.0,1,1,1,0,1,1,1,0,0.0
1,0,0.0,1,1,1,0,1,1,1,0,0.0
2,0,0.0,1,1,1,0,2,1,0,0,6.485555555555556
39,0,0.0,2,2,1,0,39,3,10,8,6.8869444444444445
1,0,0.0,1,1,1,0,0,1,0,0,0.0
1,0,0.0,1,1,1,0,1,1,1,0,0.0
3,0,0.0,2,1,2,0,2,3,1,1,0.7847222222222222
2,0,0.0,2,1,2,0,1,2,1,0,0.006388888888888889
3,0,0.0,3,2,1,0,3,2,2,0,3.808333333333333
1,0,0.0,1,1,1,0,0,1,0,0,0.0
2,0,0.0,2,1,2,0,1,2,1,0,0.015555555555555555
1,0,0.0,1,1,1,0,1,1,1,0,0.0
8,0,0.0,3,1,1,0,0,1,0,0,5.59
3,0,0.0,3,2,1,0,3,2,2,0,6.756111111111111
3,0,0.0,3,2,2,0,2,2,1,0,8.133055555555556
1,0,0.0,1,1,1,0,1,1,1,0,0.0
2,0,0.0,2,1,2,0,1,2,1,0,6.194166666666667
1,0,0.0,1,1,1,0,1,1,1,0,0.0
1,0,0.0,1,1,1,0,0,1,0,0,0.0
6,0,0.0,3,1,1,0,0,1,0,0,4.987777777777778
3,0,0.0,2,1,1,0,0,1,0,0,0.08055555555555556
2,0,0.0,2,1,1,0,2,1,2,0,5.134444444444444
2,0,0.0,2,2,2,0,1,1,0,0,2.3380555555555556
2,0,0.0,1,2,1,0,2,2,1,0,1.6594444444444445
3,0,0.0,3,2,1,0,3,1,3,0,3.921111111111111
1,0,0.0,1,1,1,0,0,1,0,0,0.0
1,0,0.0,1,1,1,0,0,1,0,0,0.0
3,0,0.0,2,2,2,0,2,1,0,0,4.851388888888889
1,0,0.0,1,1,1,0,1,1,0,0,0.0
5,0,0.0,4,3,2,0,4,2,2,0,2.709722222222222
3,0,0.0,1,2,1,0,3,2,2,0,4.748055555555555
5,0,0.0,4,4,2,0,4,2,1,0,7.860555555555556
2,0,0.0,2,2,1,0,2,1,0,0,2.9044444444444446
2,0,0.0,2,1,2,0,1,2,1,0,0.1738888888888889
2,0,0.0,2,2,2,0,1,1,0,0,2.012777777777778
2,0,0.0,1,2,1,0,2,2,1,0,0.3347222222222222
4,0,0.0,3,2,2,0,3,2,2,0,1.6972222222222222
2,0,0.0,2,2,1,0,2,2,1,0,7.385555555555555
2,0,0.0,2,1,2,0,1,2,1,0,0.0002777777777777778
5,0,0.0,4,5,1,0,5,2,1,0,6.450277777777778
1,1,1.0,1,1,1,0,0,1,0,0,0.0
6,0,0.0,4,5,2,0,4,2,1,0,7.0280555555555555
2,0,0.0,2,1,1,0,2,1,2,0,2.249722222222222
2,0,0.0,1,2,1,0,2,2,1,0,1.835
3,0,0.0,3,2,2,0,2,2,1,0,5.379444444444444
1,0,0.0,1,1,1,0,1,1,0,0,0.0
1,0,0.0,1,1,1,0,1,1,0,0,0.0
1,0,0.0,1,1,1,0,1,1,0,0,0.0
4,0,0.0,1,1,2,1,0,2,0,0,5.916944444444445
1,1,1.0,1,1,1,0,0,1,0,0,0.0
1,0,0.0,1,1,1,0,0,1,0,0,0.0
2,0,0.0,2,2,1,0,2,2,0,1,5.266388888888889
2,0,0.0,1,2,1,0,2,2,1,0,6.7427777777777775
6,0,0.0,2,3,1,0,6,2,1,0,5.195277777777778
1,0,0.0,1,1,1,0,1,1,0,0,0.0
1,0,0.0,1,1,1,0,1,1,0,0,0.0
5,0,0.0,4,3,1,0,5,2,3,0,5.4383333333333335
1,0,0.0,1,1,1,0,1,1,0,0,0.0
5,0,0.0,4,5,1,0,5,2,1,0,6.529444444444445
2,0,0.0,1,1,1,0,2,1,0,0,3.2841666666666667
2,0,0.0,2,2,1,0,2,1,0,0,3.8216666666666668
5,0,0.0,3,2,2,0,4,2,3,0,3.789722222222222
3,0,0.0,3,1,2,0,2,2,2,0,1.34
2,0,0.0,2,2,1,0,2,2,1,0,3.316388888888889
3,0,0.0,3,3,1,0,3,2,1,0,4.498611111111111
1,0,0.0,1,1,1,0,1,1,0,0,0.0
3,0,0.0,2,1,1,0,3,2,1,2,0.3038888888888889
1,0,0.0,1,1,1,0,1,1,0,0,0.0
4,0,0.0,2,2,1,0,4,2,2,0,4.400555555555556
2,0,0.0,1,1,1,0,0,1,0,0,0.015
4,0,0.0,3,3,1,0,4,2,2,0,3.6966666666666668
7,0,0.0,6,3,1,0,0,1,0,0,5.790555555555556
2,0,0.0,2,2,1,0,2,1,0,0,0.0002777777777777778
26,0,0.0,4,2,2,0,1,1,0,0,8.626388888888888
1,1,1.0,1,1,1,0,0,1,0,0,0.0
3,0,0.0,2,3,1,0,3,2,1,0,3.488888888888889
7,0,0.0,4,3,2,0,6,2,3,0,7.519166666666667
1,0,0.0,1,1,1,0,1,1,1,0,0.0
3,0,0.0,3,1,1,0,3,1,3,0,2.652222222222222
1,0,0.0,1,1,1,0,1,1,0,0,0.0
2,0,0.0,1,1,1,0,2,1,0,0,6.718055555555556
1,0,0.0,1,1,1,0,1,1,1,0,0.0
3,0,0.0,2,2,2,0,1,1,0,0,6.490833333333334
5,0,0.0,5,4,1,0,0,1,0,0,2.7094444444444443
2,0,0.0,1,1,1,0,2,1,0,2,0.08694444444444445
2,0,0.0,1,1,1,0,2,1,0,0,3.3880555555555554
1,0,0.0,1,1,1,0,0,1,0,0,0.0
4,0,0.0,3,4,2,0,3,1,0,0,7.204166666666667
2,0,0.0,2,2,1,0,2,2,1,0,0.11388888888888889
3,0,0.0,3,1,1,0,3,1,3,0,3.3919444444444444
2,0,0.0,2,1,1,0,0,1,0,0,6.820277777777778
1,0,0.0,1,1,1,0,0,1,0,0,0.0
1,0,0.0,1,1,1,0,1,1,1,0,0.0
1,0,0.0,1,1,1,0,0,1,0,0,0.0
1,0,0.0,1,1,1,0,0,1,0,0,0.0
1,0,0.0,1,1,1,0,1,1,1,0,0.0
1,0,0.0,1,1,1,0,0,1,0,0,0.0
1,0,0.0,1,1,1,0,0,1,0,0,0.0
1,0,0.0,1,1,1,0,1,1,0,0,0.0
1,0,0.0,1,1,1,0,1,1,1,0,0.0
1,0,0.0,1,1,1,0,1,1,0,0,0.0
6,0,0.0,4,5,2,0,5,2,0,1,2.7291666666666665
1,0,0.0,1,1,1,0,1,1,0,0,0.0
3,0,0.0,1,2,1,0,3,1,3,0,4.05
2,0,0.0,2,2,1,0,2,1,0,0,7.568333333333333
2,0,0.0,2,2,1,0,2,2,1,0,3.6819444444444445
1,0,0.0,1,1,1,0,1,1,1,0,0.0
2,0,0.0,2,2,1,0,2,2,1,0,1.9841666666666666
2,0,0.0,2,2,1,0,2,2,1,0,6.986944444444444
1,0,0.0,1,1,1,0,1,1,0,0,0.0
2,0,0.0,2,2,1,0,2,1,0,0,0.004166666666666667
1,0,0.0,1,1,1,0,1,1,1,0,0.0
3,0,0.0,1,1,1,0,3,1,0,0,6.933055555555556
1,0,0.0,1,1,1,0,1,1,0,0,0.0
7,0,0.0,3,2,2,0,5,2,2,0,8.36888888888889
1,0,0.0,1,1,1,0,0,1,0,0,0.0
1,0,0.0,1,1,1,0,1,1,1,0,0.0
15,0,0.0,3,2,2,0,0,1,0,0,7.338333333333333
17,0,0.0,5,5,2,0,16,2,6,0,8.036111111111111
1,0,0.0,1,1,1,0,1,1,1,0,0.0
6,0,0.0,6,5,1,0,0,1,0,0,6.640555555555555
2,0,0.0,1,1,1,0,2,1,2,0,0.0025
2,0,0.0,2,1,1,0,2,1,2,0,0.0005555555555555556
1,0,0.0,1,1,1,0,0,1,0,0,0.0
2,0,0.0,1,1,1,0,2,1,0,0,6.864722222222222
1,0,0.0,1,1,1,0,0,1,0,0,0.0
1,0,0.0,1,1,1,0,1,1,0,0,0.0
1,0,0.0,1,1,1,0,1,1,1,0,0.0
2,0,0.0,1,1,1,0,2,1,0,0,1.7175
2,0,0.0,1,1,1,0,2,1,2,0,5.270555555555555
1,0,0.0,1,1,1,0,1,1,0,0,0.0
1,0,0.0,1,1,1,0,0,1,0,0,0.0
1,0,0.0,1,1,1,0,1,1,0,0,0.0
1,0,0.0,1,1,1,0,1,1,0,0,0.0
1,0,0.0,1,1,1,0,1,1,0,0,0.0
2,0,0.0,1,2,1,0,2,2,1,0,5.568333333333333
3,0,0.0,3,3,1,0,3,2,1,0,8.229166666666666
1,0,0.0,1,1,1,0,0,1,0,0,0.0
2,0,0.0,2,2,1,0,2,1,0,0,3.816388888888889
1,0,0.0,1,1,1,0,1,1,1,0,0.0
1,0,0.0,1,1,1,0,1,1,0,0,0.0
2,2,1.0,2,2,1,0,0,1,0,0,0.16666666666666666
4,0,0.0,1,1,1,0,4,1,0,0,6.5325
3,0,0.0,3,3,1,0,3,2,1,0,5.019722222222223
1,0,0.0,1,1,1,0,1,1,0,0,0.0
1,0,0.0,1,1,1,0,1,1,1,0,0.0
5,0,0.0,2,3,2,0,4,2,1,0,5.216944444444445
1,0,0.0,1,1,1,0,0,1,0,0,0.0
2,0,0.0,2,1,2,0,1,2,1,0,4.998055555555555
1,0,0.0,1,1,1,0,1,1,0,0,0.0
1,0,0.0,1,1,1,0,1,1,0,0,0.0
3,0,0.0,2,2,1,0,3,2,2,0,1.8002777777777779
1,0,0.0,1,1,1,0,0,1,0,0,0.0
3,0,0.0,1,1,1,0,3,1,3,0,3.7125
1,0,0.0,1,1,1,0,0,1,0,0,0.0
2,0,0.0,2,1,2,0,1,2,1,0,3.9616666666666664
4,0,0.0,3,2,3,0,2,2,1,0,3.7475
3,0,0.0,3,2,1,0,3,2,2,0,7.151388888888889
2,0,0.0,2,2,2,0,1,1,0,0,3.243888888888889
1,0,0.0,1,1,1,0,1,1,1,0,0.0
24,0,0.0,5,4,2,0,22,2,0,13,7.655833333333334
3,0,0.0,3,3,1,0,3,1,0,0,3.367777777777778
3,0,0.0,3,3,1,0,3,1,0,0,4.877222222222223
1,0,0.0,1,1,1,0,0,1,0,0,0.0
2,0,0.0,2,1,2,0,1,2,1,0,7.193611111111111
2,0,0.0,2,2,2,0,1,1,0,0,1.2077777777777778
2,0,0.0,2,2,2,0,1,1,0,0,2.8097222222222222
3,0,0.0,3,3,2,0,2,1,0,0,7.008055555555556
2,0,0.0,1,2,1,0,2,2,1,0,3.5527777777777776
1,0,0.0,1,1,1,0,1,1,1,0,0.0
1,0,0.0,1,1,1,0,1,1,1,0,0.0
4,0,0.0,3,2,2,0,3,2,1,0,1.4113888888888888
2,0,0.0,2,1,2,0,1,2,1,0,1.6425
6,0,0.0,2,2,2,0,5,2,2,0,7.720555555555555
2,0,0.0,2,1,1,0,2,1,2,0,3.3047222222222223
1,0,0.0,1,1,1,0,1,1,1,0,0.0
2,0,0.0,2,2,2,0,1,1,0,0,0.5163888888888889
2,0,0.0,1,2,1,0,2,2,0,1,0.03944444444444444
1,0,0.0,1,1,1,0,1,1,1,0,0.0
1,0,0.0,1,1,1,0,1,1,0,0,0.0
2,0,0.0,2,1,1,0,2,1,2,0,5.953611111111111
2,0,0.0,2,1,2,0,1,2,1,0,1.0061111111111112
1,0,0.0,1,1,1,0,1,1,0,0,0.0
3,0,0.0,2,3,1,0,3,2,1,0,3.0469444444444442
5,0,0.0,2,3,1,0,5,2,1,0,7.963888888888889
3,0,0.0,2,1,2,0,2,2,2,0,0.4905555555555556
1,0,0.0,1,1,1,0,0,1,0,0,0.0
1,0,0.0,1,1,1,0,1,1,0,0,0.0
3,0,0.0,2,2,1,0,3,2,1,0,6.588888888888889
3,0,0.0,2,2,1,0,3,1,0,0,3.2608333333333333
2,0,0.0,2,1,2,0,1,2,1,0,0.004722222222222222
3,0,0.0,3,3,1,0,3,2,1,0,7.3875
4,0,0.0,2,2,1,0,4,2,1,0,7.0025
1,0,0.0,1,1,1,0,0,1,0,0,0.0
1,0,0.0,1,1,1,0,0,1,0,0,0.0
1,0,0.0,1,1,1,0,0,1,0,0,0.0
4,0,0.0,3,2,2,0,3,2,2,0,7.773055555555556
1,0,0.0,1,1,1,0,1,1,1,0,0.0
1,0,0.0,1,1,1,0,0,1,0,0,0.0
2,0,0.0,2,2,1,0,2,1,0,0,2.002222222222222
2,0,0.0,2,2,2,0,1,1,0,0,4.519166666666667
1,0,0.0,1,1,1,0,1,1,0,0,0.0
1,0,0.0,1,1,1,0,1,1,1,0,0.0
3,0,0.0,2,2,1,0,3,2,1,0,4.979444444444445
1,0,0.0,1,1,1,0,1,1,0,1,0.0
1,0,0.0,1,1,1,0,0,1,0,0,0.0
4,0,0.0,2,2,1,0,4,2,3,0,5.034722222222222
1,0,0.0,1,1,1,0,1,1,1,0,0.0
5,0,0.0,3,2,2,0,4,2,2,0,6.528333333333333
1,0,0.0,1,1,1,0,0,1,0,0,0.0
2,0,0.0,2,2,1,0,2,2,1,0,4.685
2,0,0.0,2,2,2,0,1,1,0,0,3.22
1,0,0.0,1,1,1,0,1,1,1,0,0.0
2,0,0.0,2,2,1,0,2,2,1,0,5.041944444444445
2,0,0.0,2,1,1,0,2,1,2,0,4.2508333333333335
4,0,0.0,3,3,2,0,3,2,1,0,3.0155555555555558
2,0,0.0,2,1,2,0,1,2,1,0,2.3319444444444444
2,0,0.0,2,2,1,0,2,2,1,0,5.186944444444444
3,0,0.0,3,3,2,0,2,2,1,0,7.065555555555555
1,0,0.0,1,1,1,0,1,1,0,0,0.0
2,0,0.0,1,1,2,0,1,2,1,0,1.5002777777777778
2,0,0.0,2,2,1,0,2,2,1,0,2.007222222222222
1,0,0.0,1,1,1,0,1,1,1,0,0.0
1,0,0.0,1,1,1,0,1,1,0,0,0.0
2,0,0.0,2,1,1,0,0,1,0,0,0.1811111111111111
3,0,0.0,2,2,1,0,3,2,1,0,6.7508333333333335
2,0,0.0,1,2,1,0,2,2,1,0,6.006944444444445
2,0,0.0,2,1,2,0,1,2,1,0,1.8816666666666666
1,0,0.0,1,1,1,0,1,1,0,0,0.0
32,0,0.0,4,3,2,0,31,3,10,4,8.195277777777777
5,0,0.0,4,3,1,0,5,2,2,0,6.481111111111111
1,0,0.0,1,1,1,0,1,1,1,0,0.0
1,0,0.0,1,1,1,0,1,1,0,0,0.0
1,0,0.0,1,1,1,0,1,1,0,0,0.0
1,0,0.0,1,1,1,0,1,1,0,0,0.0
1,0,0.0,1,1,1,0,1,1,1,0,0.0
2,0,0.0,2,2,1,0,2,2,1,0,4.9944444444444445
2,0,0.0,2,1,2,0,1,2,1,0,6.163055555555555
4,0,0.0,4,4,1,0,4,2,1,0,3.556388888888889
1,0,0.0,1,1,1,0,1,1,0,0,0.0
2,0,0.0,2,2,1,0,2,2,1,0,1.835
1,0,0.0,1,1,1,0,1,1,0,0,0.0
1,0,0.0,1,1,1,0,1,1,0,0,0.0
1,0,0.0,1,1,1,0,1,1,0,0,0.0
1,0,0.0,1,1,1,0,1,1,1,0,0.0
3,0,0.0,3,2,2,0,2,2,1,0,6.701666666666667
1,0,0.0,1,1,1,0,1,1,1,0,0.0
1,0,0.0,1,1,1,0,1,1,0,0,0.0
1,0,0.0,1,1,1,0,1,1,0,0,0.0
43,0,0.0,1,2,1,0,43,3,10,15,8.29861111111111
2,0,0.0,1,1,1,0,2,1,0,0,1.873888888888889
4,0,0.0,2,3,1,0,4,2,2,0,6.392222222222222
3,0,0.0,1,1,1,0,3,1,0,0,3.4922222222222223
1,0,0.0,1,1,1,0,1,1,0,0,0.0
3,0,0.0,1,2,1,0,3,2,1,0,4.525555555555556
2,0,0.0,1,2,2,0,1,1,0,0,1.0002777777777778
1,0,0.0,1,1,1,0,1,1,0,0,0.0
1,0,0.0,1,1,1,0,1,1,1,0,0.0
6,0,0.0,2,3,1,0,6,2,2,0,7.361111111111111
2,0,0.0,2,1,1,0,2,1,2,0,1.5219444444444445
1,0,0.0,1,1,1,0,1,1,1,0,0.0
1,0,0.0,1,1,1,0,1,1,0,0,0.0
2,0,0.0,2,2,2,0,1,1,0,0,2.0808333333333335
1,0,0.0,1,1,1,0,1,1,1,0,0.0
2,0,0.0,2,2,1,0,2,1,0,0,6.693888888888889
2,0,0.0,2,2,1,0,2,2,1,0,5.267777777777778
7,0,0.0,6,7,2,0,6,2,2,0,8.346388888888889
2,0,0.0,1,2,1,0,2,2,1,0,2.2305555555555556
6,0,0.0,4,3,2,0,2,1,0,0,8.550833333333333
4,0,0.0,4,2,3,0,1,2,0,1,1.2141666666666666
2,0,0.0,2,2,1,0,2,2,1,0,3.500277777777778
5,0,0.0,5,4,1,0,5,2,2,0,7.298611111111111
2,0,0.0,2,2,1,0,2,1,0,0,1.7758333333333334
1,0,0.0,1,1,1,0,0,1,0,0,0.0
2,0,0.0,2,2,2,0,1,1,0,0,1.4477777777777778
4,0,0.0,4,3,2,0,3,2,2,0,4.025277777777778
2,0,0.0,2,2,2,0,1,1,0,0,1.7808333333333333
1,0,0.0,1,1,1,0,1,1,0,0,0.0
2,0,0.0,1,1,1,0,2,1,0,0,0.009444444444444445
1,0,0.0,1,1,1,0,0,1,0,0,0.0
2,0,0.0,2,2,1,0,2,2,1,0,1.6022222222222222
3,0,0.0,2,2,1,0,3,2,2,0,3.397777777777778
3,0,0.0,3,2,3,0,1,1,0,0,0.32972222222222225
1,0,0.0,1,1,1,0,0,1,0,0,0.0
1,0,0.0,1,1,1,0,1,1,1,0,0.0
2,0,0.0,1,1,1,0,2,1,2,0,5.213611111111111
1,0,0.0,1,1,1,0,1,1,0,0,0.0
2,0,0.0,2,2,1,0,2,2,1,0,3.933611111111111
2,0,0.0,1,2,1,0,2,2,1,0,0.7466666666666667
9,0,0.0,8,7,1,0,0,1,0,0,7.149444444444445
1,0,0.0,1,1,1,0,1,1,0,0,0.0
1,0,0.0,1,1,1,0,1,1,1,0,0.0
1,0,0.0,1,1,1,0,1,1,0,0,0.0
3,0,0.0,3,2,1,0,3,2,2,0,7.533611111111111
1,0,0.0,1,1,1,0,1,1,0,0,0.0
2,0,0.0,2,1,1,0,0,1,0,0,0.2288888888888889
1,0,0.0,1,1,1,0,1,1,0,0,0.0
9,0,0.0,6,4,2,0,7,3,3,1,6.7491666666666665
2,0,0.0,2,2,1,0,2,2,1,0,1.9094444444444445
3,0,0.0,1,1,1,0,3,1,0,0,2.665
1,0,0.0,1,1,1,0,1,1,1,0,0.0
5,0,0.0,1,2,1,0,5,2,2,0,7.064166666666667
1,0,0.0,1,1,1,0,1,1,0,0,0.0
151,0,0.0,5,5,3,9,126,3,66,0,8.545555555555556
2,0,0.0,1,2,1,0,2,2,1,0,4.7283333333333335
1,0,0.0,1,1,1,0,0,1,0,0,0.0
3,0,0.0,1,2,1,0,3,2,2,0,1.2666666666666666
4,0,0.0,2,2,1,0,4,2,1,0,5.4688888888888885
1,0,0.0,1,1,1,0,1,1,1,0,0.0
1,0,0.0,1,1,1,0,1,1,1,0,0.0
2,0,0.0,1,1,1,0,2,1,0,0,2.8872222222222224
1,0,0.0,1,1,1,0,1,1,1,0,0.0
2,0,0.0,2,2,2,0,1,1,0,0,2.993333333333333
1,0,0.0,1,1,1,0,1,1,1,0,0.0
2,0,0.0,2,2,1,0,2,1,0,0,7.684722222222222
1,0,0.0,1,1,1,0,0,1,0,0,0.0
5,0,0.0,2,3,1,0,5,2,2,0,6.635277777777778
2,0,0.0,2,1,2,0,1,2,1,0,6.936944444444444
1,0,0.0,1,1,1,0,0,1,0,0,0.0
5,0,0.0,2,3,1,0,5,2,3,0,2.964166666666667
12,0,0.0,7,6,1,0,0,1,0,0,7.5872222222222225
1,0,0.0,1,1,1,0,0,1,0,0,0.0
1,0,0.0,1,1,1,0,1,1,1,0,0.0
7,0,0.0,6,5,1,0,0,1,0,0,4.1530555555555555
3,0,0.0,3,2,2,0,2,2,1,0,7.768888888888889
3,0,0.0,1,1,1,0,0,1,0,0,0.02722222222222222
1,0,0.0,1,1,1,0,1,1,0,0,0.0
1,0,0.0,1,1,1,0,0,1,0,0,0.0
1,0,0.0,1,1,1,0,0,1,0,0,0.0
1,0,0.0,1,1,1,0,0,1,0,0,0.0
4,0,0.0,4,3,2,0,2,1,0,0,6.011666666666667
4,0,0.0,3,2,2,0,2,2,1,0,8.382777777777777
1,0,0.0,1,1,1,0,1,1,1,0,0.0
2,0,0.0,2,2,2,0,1,1,0,0,0.0011111111111111111
4,0,0.0,2,3,2,0,3,2,1,0,1.5333333333333334
2,0,0.0,1,1,1,0,2,1,0,0,4.114166666666667
5,0,0.0,4,4,1,0,5,1,0,0,5.998333333333333
3,0,0.0,3,2,2,0,2,2,1,0,5.876944444444445
7,0,0.0,6,6,2,0,6,1,0,0,7.601111111111111
31,0,0.0,3,3,2,0,30,2,11,0,8.316944444444445
6,0,0.0,5,5,1,0,0,1,0,0,3.002222222222222
1,0,0.0,1,1,1,0,1,1,1,0,0.0
4,0,0.0,3,2,2,0,3,2,1,0,1.6772222222222222
2,0,0.0,2,2,1,0,2,1,2,0,2.5838888888888887
5,0,0.0,3,1,2,0,1,2,1,0,5.908888888888889
1,0,0.0,1,1,1,0,1,1,0,0,0.0
1,0,0.0,1,1,1,0,1,1,0,0,0.0
10,1,0.1,8,7,2,1,9,3,6,0,6.862777777777778
5,0,0.0,3,4,1,0,5,2,3,0,5.1002777777777775
3,0,0.0,2,2,2,0,2,2,1,0,3.6680555555555556
5,0,0.0,2,2,1,0,5,2,2,0,4.615
5,0,0.0,3,4,1,0,5,2,2,0,4.514722222222222
3,0,0.0,2,1,2,0,2,2,2,0,7.896111111111111
2,0,0.0,2,2,2,0,1,1,0,0,6.241944444444444
1,0,0.0,1,1,1,0,0,1,0,0,0.0
2,0,0.0,2,1,1,0,2,1,2,0,4.570277777777778
1,0,0.0,1,1,1,0,0,1,0,0,0.0
1,0,0.0,1,1,1,0,1,1,1,0,0.0
1,0,0.0,1,1,1,0,1,1,1,0,0.0
3,0,0.0,3,2,1,0,3,2,2,0,5.228888888888889
6,0,0.0,4,4,2,0,5,1,0,0,7.6866666666666665
3,0,0.0,3,3,1,0,3,1,0,0,6.713611111111111
68,0,0.0,18,13,2,0,42,3,12,3,22.310555555555556
61,0,0.0,14,10,3,0,42,3,12,3,22.731944444444444
71,0,0.0,18,13,2,0,40,3,20,2,23.054444444444446
8,0,0.0,3,3,2,0,7,2,3,0,1.5261111111111112
2,0,0.0,2,2,1,0,2,1,0,0,3.7066666666666666
1,0,0.0,1,1,1,0,1,1,0,1,0.0
1,0,0.0,1,1,1,0,1,1,0,0,0.0
1,0,0.0,1,1,1,0,0,1,0,0,0.0
1,0,0.0,1,1,1,0,1,1,0,0,0.0
1,0,0.0,1,1,1,0,1,1,0,0,0.0
1,0,0.0,1,1,1,0,1,1,1,0,0.0
1,0,0.0,1,1,1,0,1,1,0,0,0.0
1,0,0.0,1,1,1,0,1,1,0,0,0.0
1,0,0.0,1,1,1,0,1,1,1,0,0.0
1,0,0.0,1,1,1,0,0,1,0,0,0.0
4,0,0.0,4,4,2,0,2,2,1,0,6.385277777777778
3,0,0.0,2,2,2,0,2,2,1,0,0.3
19,0,0.0,1,1,2,13,0,2,0,0,7.283888888888889
5,0,0.0,3,3,1,0,5,2,1,0,6.338888888888889
4,0,0.0,2,3,1,0,4,2,1,0,8.193888888888889
6,0,0.0,3,4,2,0,4,2,1,0,7.1691666666666665
2,0,0.0,2,1,1,0,2,1,2,0,5.588333333333333
2,0,0.0,2,2,1,0,2,1,0,0,1.085
1,0,0.0,1,1,1,0,0,1,0,0,0.0
5,0,0.0,5,4,2,0,4,2,1,0,0.05416666666666667
1,0,0.0,1,1,1,0,1,1,0,0,0.0
3,0,0.0,3,3,1,0,3,2,1,0,5.225
5,0,0.0,4,4,2,0,4,2,3,0,6.92
3,0,0.0,3,2,2,0,2,2,1,0,6.6819444444444445
1,0,0.0,1,1,1,0,1,1,0,0,0.0
3,0,0.0,3,2,1,0,3,2,2,0,3.057777777777778
2,0,0.0,2,2,1,0,2,2,1,0,3.0183333333333335
1,0,0.0,1,1,1,0,1,1,0,0,0.0
2,0,0.0,2,2,2,0,1,1,0,0,5.178333333333334
2,0,0.0,2,2,1,0,2,1,0,0,1.2069444444444444
1,0,0.0,1,1,1,0,1,1,1,0,0.0
3,0,0.0,3,3,2,0,2,2,1,0,1.308888888888889
1,0,0.0,1,1,1,0,1,1,0,0,0.0
2,0,0.0,1,1,1,0,2,1,2,0,3.8194444444444446
2,0,0.0,2,2,1,0,2,2,1,0,3.2480555555555557
9,0,0.0,6,6,2,0,7,2,3,0,6.133055555555556
1,0,0.0,1,1,1,0,1,1,1,0,0.0
1,0,0.0,1,1,1,0,0,1,0,0,0.0
3,0,0.0,3,2,2,0,2,2,1,0,7.047777777777778
4,0,0.0,3,3,1,0,4,2,1,0,5.999444444444444
1,0,0.0,1,1,1,0,0,1,0,0,0.0
46,0,0.0,12,9,3,0,30,2,16,0,20.098333333333333
42,0,0.0,9,8,3,0,24,2,14,0,15.9025
112,0,0.0,9,5,4,1,91,3,31,18,16.613333333333333
2,0,0.0,2,2,1,0,2,2,1,0,5.947222222222222
1,0,0.0,1,1,1,0,0,1,0,0,0.0
2,0,0.0,1,1,2,0,1,2,1,0,3.7086111111111113
1,0,0.0,1,1,1,0,1,1,1,0,0.0
1,0,0.0,1,1,1,0,1,1,0,0,0.0
1,0,0.0,1,1,1,0,1,1,0,0,0.0
1,0,0.0,1,1,1,0,0,1,0,0,0.0
1,0,0.0,1,1,1,0,1,1,1,0,0.0
1,0,0.0,1,1,1,0,1,1,0,0,0.0
2,0,0.0,2,2,1,0,2,2,1,0,0.995
2,0,0.0,2,2,1,0,2,2,1,0,0.003611111111111111
1,0,0.0,1,1,1,0,1,1,0,0,0.0
2,0,0.0,2,2,1,0,2,2,1,0,0.39361111111111113
1,0,0.0,1,1,1,0,1,1,1,0,0.0
2,0,0.0,2,1,1,0,0,1,0,0,2.4994444444444444
1,0,0.0,1,1,1,0,1,1,0,1,0.0
1,0,0.0,1,1,1,0,1,1,0,0,0.0
1,0,0.0,1,1,1,0,1,1,0,0,0.0
3,0,0.0,1,2,1,0,3,2,1,0,5.5075
1,0,0.0,1,1,1,0,1,1,1,0,0.0
1,0,0.0,1,1,1,0,1,1,0,0,0.0
1,0,0.0,1,1,1,0,0,1,0,0,0.0
2,0,0.0,1,1,1,0,2,1,2,0,2.095833333333333
2,0,0.0,2,2,2,0,1,1,0,0,0.15472222222222223
8,0,0.0,5,4,1,0,8,2,5,0,7.998888888888889
2,0,0.0,2,1,2,0,1,2,1,0,3.971111111111111
99,0,0.0,8,7,2,0,84,3,39,1,7.813888888888889
51,0,0.0,5,4,2,0,41,2,18,0,9.43138888888889
50,0,0.0,6,4,2,0,40,2,19,0,5.6925
1,0,0.0,1,1,1,0,1,1,0,0,0.0
2,0,0.0,1,2,1,0,2,2,1,0,1.7561111111111112
2,0,0.0,2,2,2,0,1,1,0,0,0.03777777777777778
3,0,0.0,3,2,2,0,1,1,0,0,0.07027777777777777
3,0,0.0,3,3,2,0,2,1,0,0,6.616388888888889
1,0,0.0,1,1,1,0,1,1,0,0,0.0
1,0,0.0,1,1,1,0,0,1,0,0,0.0
2,0,0.0,2,1,1,0,2,1,2,0,7.348333333333334
2,0,0.0,2,1,1,0,2,1,2,0,0.24444444444444444
1,0,0.0,1,1,1,0,1,1,0,0,0.0
1,0,0.0,1,1,1,0,1,1,0,0,0.0
2,0,0.0,2,2,2,0,1,1,0,0,2.109722222222222
3,0,0.0,3,3,1,0,3,2,1,0,3.7505555555555556
4,0,0.0,1,2,2,0,3,2,2,0,3.671666666666667
1,0,0.0,1,1,1,0,0,1,0,0,0.0
2,0,0.0,2,1,1,0,2,1,2,0,3.5322222222222224
1,0,0.0,1,1,1,0,0,1,0,0,0.0
2,0,0.0,2,1,2,0,1,2,1,0,0.0011111111111111111
1,0,0.0,1,1,1,0,1,1,1,0,0.0
4,0,0.0,4,4,2,0,2,1,0,0,5.015833333333333
4,0,0.0,2,2,2,0,3,2,2,0,2.928611111111111
6,0,0.0,3,3,1,0,6,2,2,0,8.0
1,0,0.0,1,1,1,0,1,1,0,0,0.0
1,0,0.0,1,1,1,0,1,1,0,0,0.0
1,0,0.0,1,1,1,0,1,1,0,0,0.0
2,0,0.0,2,1,1,0,2,2,1,1,0.0005555555555555556
1,0,0.0,1,1,1,0,1,1,1,0,0.0
2,0,0.0,1,2,1,0,2,2,1,0,1.8936111111111111
1,0,0.0,1,1,1,0,1,1,1,0,0.0
1,0,0.0,1,1,1,0,1,1,0,0,0.0
1,0,0.0,1,1,1,0,1,1,1,0,0.0
3,0,0.0,2,2,1,0,3,2,1,0,1.5925
2,0,0.0,1,2,1,0,2,2,1,0,1.7191666666666667
1,0,0.0,1,1,1,0,1,1,1,0,0.0
2,0,0.0,2,1,1,0,2,1,2,0,1.5508333333333333
1,0,0.0,1,1,1,0,0,1,0,0,0.0
2,0,0.0,1,2,1,0,2,2,1,0,0.0
3,0,0.0,3,2,2,0,2,2,1,0,5.186944444444444
1,0,0.0,1,1,1,0,1,1,1,0,0.0
4,0,0.0,4,3,2,0,1,2,1,0,6.510833333333333
2,0,0.0,2,1,2,0,1,2,1,0,0.0005555555555555556
2,0,0.0,1,2,1,0,2,2,1,0,5.075277777777778
26,0,0.0,2,2,3,8,1,3,0,1,7.256666666666667
2,0,0.0,1,1,1,0,0,1,0,0,0.0002777777777777778
1,0,0.0,1,1,1,0,0,1,0,0,0.0
2,0,0.0,2,2,1,0,2,2,1,0,5.806666666666667
1,0,0.0,1,1,1,0,1,1,1,0,0.0
7,0,0.0,3,4,2,0,6,2,2,0,5.878888888888889
1,0,0.0,1,1,1,0,0,1,0,0,0.0
2,0,0.0,2,2,1,0,2,2,1,0,7.1475
1,0,0.0,1,1,1,0,0,1,0,0,0.0
3,0,0.0,2,2,1,0,3,2,1,0,5.2155555555555555
2,0,0.0,2,2,2,0,1,1,0,0,0.7547222222222222
2,0,0.0,2,1,1,0,2,1,2,0,2.011388888888889
1,0,0.0,1,1,1,0,1,1,1,0,0.0
1,0,0.0,1,1,1,0,1,1,0,0,0.0
2,0,0.0,2,2,2,0,1,1,0,0,3.741388888888889
3,0,0.0,2,2,2,0,1,1,0,0,4.997222222222222
1,0,0.0,1,1,1,0,1,1,1,0,0.0
1,0,0.0,1,1,1,0,0,1,0,0,0.0
1,1,1.0,1,1,1,0,0,1,0,0,0.0
1,0,0.0,1,1,1,0,0,1,0,0,0.0
1,0,0.0,1,1,1,0,0,1,0,0,0.0
4,0,0.0,2,1,1,0,0,1,0,0,5.5408333333333335
3,0,0.0,2,2,1,0,3,1,0,0,7.081944444444445
1,0,0.0,1,1,1,0,1,1,0,0,0.0
5,0,0.0,2,2,1,0,5,2,2,0,4.884722222222222
1,0,0.0,1,1,1,0,0,1,0,0,0.0
1,0,0.0,1,1,1,0,1,1,0,0,0.0
1,0,0.0,1,1,1,0,1,1,1,0,0.0
6,0,0.0,4,2,2,0,2,2,1,0,4.7525
1,0,0.0,1,1,1,0,0,1,0,0,0.0
2,0,0.0,1,2,1,0,2,2,1,0,6.685555555555555
1,0,0.0,1,1,1,0,1,1,1,0,0.0
1,0,0.0,1,1,1,0,0,1,0,0,0.0
2,0,0.0,2,2,1,0,2,2,1,0,5.495555555555556
3,0,0.0,2,1,2,0,1,2,1,0,5.49
2,0,0.0,2,2,1,0,2,2,1,0,1.4394444444444445
5,0,0.0,2,2,2,0,1,1,0,0,5.110277777777778
1,0,0.0,1,1,1,0,0,1,0,0,0.0
92,0,0.0,10,10,2,0,91,2,44,0,8.610555555555555
4,0,0.0,3,4,1,0,4,2,1,0,8.11138888888889
2,0,0.0,2,1,1,0,2,1,2,0,1.8775
4,0,0.0,4,4,1,0,0,1,0,0,6.800277777777778
2,0,0.0,1,2,1,0,2,2,0,1,0.0038888888888888888
1,0,0.0,1,1,1,0,1,1,1,0,0.0
1,0,0.0,1,1,1,0,1,1,1,0,0.0
2,0,0.0,2,1,2,0,1,2,1,0,7.343055555555556
2,0,0.0,1,1,1,0,0,1,0,0,0.2425
3,0,0.0,3,2,2,0,2,2,1,0,0.4988888888888889
3,0,0.0,3,3,1,0,0,1,0,0,3.8380555555555556
3,0,0.0,2,3,2,0,2,1,0,0,3.4122222222222223
1,0,0.0,1,1,1,0,1,1,1,0,0.0
1,0,0.0,1,1,1,0,1,1,1,0,0.0
3,0,0.0,3,3,2,0,1,1,0,0,6.038611111111111
6,0,0.0,3,3,1,0,6,2,3,0,7.114444444444445
2,0,0.0,2,2,1,0,2,2,1,0,3.2419444444444445
3,0,0.0,3,3,1,0,0,1,0,0,5.313611111111111
31,0,0.0,5,5,2,0,29,2,10,0,8.287777777777778
7,0,0.0,4,5,2,0,6,2,2,0,6.877222222222223
1,0,0.0,1,1,1,0,1,1,0,0,0.0
3,0,0.0,3,1,2,0,1,2,1,0,1.406111111111111
1,0,0.0,1,1,1,0,0,1,0,0,0.0
2,0,0.0,2,1,1,0,2,1,2,0,5.098055555555556
2,0,0.0,2,2,1,0,2,2,1,0,6.955
1,1,1.0,1,1,1,0,0,1,0,0,0.0
17,0,0.0,8,11,1,0,17,2,11,0,8.534444444444444
2,0,0.0,2,2,1,0,2,2,1,0,0.7205555555555555
1,0,0.0,1,1,1,0,1,1,0,0,0.0
2,0,0.0,2,2,1,0,2,2,1,0,1.761111111111111
2,0,0.0,2,1,1,0,2,1,2,0,0.0077777777777777776
1,0,0.0,1,1,1,0,1,1,1,0,0.0
3,0,0.0,3,3,1,0,3,2,2,0,5.185277777777777
1,0,0.0,1,1,1,0,1,1,1,0,0.0
6,0,0.0,1,2,2,0,5,2,1,0,5.2636111111111115
1,0,0.0,1,1,1,0,1,1,0,0,0.0
1,0,0.0,1,1,1,0,0,1,0,0,0.0
2,0,0.0,2,2,2,0,1,1,0,0,3.294722222222222
2,0,0.0,1,1,1,0,2,1,0,0,5.938055555555556
3,0,0.0,1,2,1,0,3,2,1,0,4.4880555555555555
1,0,0.0,1,1,1,0,0,1,0,0,0.0
2,0,0.0,2,1,2,0,0,2,0,0,1.7722222222222221
3,0,0.0,2,2,2,0,2,1,0,0,5.091944444444445
2,0,0.0,1,2,1,0,2,2,1,0,1.5461111111111112
2,0,0.0,2,2,1,0,2,2,1,0,1.9538888888888888
1,0,0.0,1,1,1,0,1,1,1,0,0.0
2,0,0.0,1,1,2,0,1,2,1,0,4.973055555555556
1,1,1.0,1,1,1,0,0,1,0,0,0.0
4,0,0.0,1,1,1,0,0,1,0,0,6.9319444444444445
2,0,0.0,2,2,1,0,2,2,0,1,1.0783333333333334
4,0,0.0,2,2,1,0,4,2,2,0,6.298611111111111
2,0,0.0,2,2,1,0,2,1,0,0,4.178055555555556
1,0,0.0,1,1,1,0,0,1,0,0,0.0
5,0,0.0,3,3,2,0,4,2,2,0,5.5183333333333335
4,0,0.0,4,4,1,0,0,1,0,0,4.008055555555556
1,0,0.0,1,1,1,0,1,1,1,0,0.0
1,0,0.0,1,1,1,0,1,1,1,0,0.0
1,0,0.0,1,1,1,0,1,1,0,0,0.0
1,0,0.0,1,1,1,0,1,1,1,0,0.0
1,0,0.0,1,1,1,0,1,1,0,0,0.0
1,0,0.0,1,1,1,0,0,1,0,0,0.0
2,0,0.0,1,1,1,0,0,1,0,0,0.006111111111111111
2,0,0.0,2,2,1,0,2,2,1,0,0.010277777777777778
3,0,0.0,2,2,2,0,2,2,1,0,1.9002777777777777
2,0,0.0,1,2,1,0,2,2,1,0,1.2725
2,0,0.0,2,2,1,0,2,2,1,0,0.059444444444444446
2,0,0.0,1,2,1,0,2,2,1,0,1.053611111111111
2,0,0.0,2,2,1,0,2,1,0,0,3.7105555555555556
2,0,0.0,1,1,2,0,1,2,1,0,0.45111111111111113
4,0,0.0,4,2,2,0,3,2,2,0,6.791944444444445
3,0,0.0,2,3,2,0,2,1,0,0,1.0744444444444445
3,0,0.0,2,2,1,0,3,2,2,0,4.450277777777778
3,0,0.0,2,2,1,0,3,2,2,0,2.55
16,0,0.0,1,2,1,0,16,2,8,0,7.9927777777777775
4,0,0.0,4,3,1,0,0,1,0,0,2.8366666666666664
2,0,0.0,2,1,1,0,0,1,0,0,1.0619444444444444
2,0,0.0,2,2,1,0,2,1,0,0,3.121111111111111
3,0,0.0,3,2,1,0,3,2,2,0,1.556111111111111
3,0,0.0,3,2,2,0,2,2,1,0,1.3341666666666667
1,0,0.0,1,1,1,0,1,1,0,0,0.0
1,0,0.0,1,1,1,0,1,1,1,0,0.0
1,0,0.0,1,1,1,0,1,1,1,0,0.0
3,0,0.0,2,2,1,0,3,2,1,0,5.020555555555555
3,0,0.0,2,2,2,0,2,1,0,0,3.7780555555555555
1,0,0.0,1,1,1,0,1,1,1,0,0.0
6,0,0.0,4,5,1,0,6,2,3,0,7.045833333333333
6,0,0.0,3,2,1,0,6,2,1,0,0.8416666666666667
1,0,0.0,1,1,1,0,1,1,1,0,0.0
1,0,0.0,1,1,1,0,1,1,1,0,0.0
1,0,0.0,1,1,1,0,1,1,0,0,0.0
2,0,0.0,2,2,1,0,0,1,0,0,1.1077777777777778
1,0,0.0,1,1,1,0,1,1,0,0,0.0
5,0,0.0,4,3,2,0,3,2,2,0,8.152222222222223
2,0,0.0,2,2,1,0,2,2,1,0,7.945277777777778
26,0,0.0,3,3,1,0,26,2,14,0,8.171666666666667
2,0,0.0,1,2,1,0,2,2,1,0,6.858888888888889
2,0,0.0,2,2,2,0,1,1,0,0,2.758611111111111
2,0,0.0,2,1,1,0,2,1,2,0,5.103611111111111
1,0,0.0,1,1,1,0,1,1,1,0,0.0
2,0,0.0,2,1,1,0,0,1,0,0,0.23916666666666667
3,0,0.0,2,3,2,0,2,2,1,0,2.2472222222222222
1,0,0.0,1,1,1,0,1,1,1,0,0.0
2,0,0.0,2,2,1,0,2,1,0,0,3.104722222222222
6,0,0.0,3,4,2,0,4,2,2,0,6.816666666666666
7,0,0.0,7,7,2,0,2,2,1,0,8.625555555555556
2,0,0.0,2,2,2,0,1,2,1,0,0.8452777777777778
1,0,0.0,1,1,1,0,1,1,1,0,0.0
1,0,0.0,1,1,1,0,1,1,0,0,0.0
2,0,0.0,1,1,2,0,1,2,1,0,0.0325
10,0,0.0,6,5,2,0,9,2,5,0,7.965833333333333
2,0,0.0,2,1,2,0,1,2,1,0,0.23972222222222223
2,0,0.0,2,2,1,0,2,1,0,0,0.01138888888888889
1,0,0.0,1,1,1,0,1,1,1,0,0.0
4,2,0.5,1,2,1,0,4,2,0,3,0.008333333333333333
94,0,0.0,37,27,5,1,45,4,16,4,21.06861111111111
53,0,0.0,20,17,2,0,45,3,19,5,17.37527777777778
53,0,0.0,24,21,2,0,27,2,13,0,18.569166666666668
3,0,0.0,3,2,2,0,2,3,1,1,1.7708333333333333
1,0,0.0,1,1,1,0,0,1,0,0,0.0
3,0,0.0,2,2,1,0,3,2,2,0,5.373611111111111
2,0,0.0,2,2,1,0,2,2,1,0,0.7916666666666666
2,0,0.0,2,1,2,0,1,2,1,0,1.7275
1,0,0.0,1,1,1,0,0,1,0,0,0.0
9,0,0.0,6,5,2,0,8,3,4,1,6.661666666666667
3,3,1.0,1,1,1,0,0,1,0,0,3.674166666666667
4,1,0.25,4,3,3,1,2,3,2,0,5.8372222222222225
4,0,0.0,4,3,2,0,3,2,1,0,1.2302777777777778
2,0,0.0,2,1,2,0,1,2,1,0,7.148055555555556
2,0,0.0,2,2,2,0,1,1,0,0,0.44666666666666666
4,0,0.0,3,3,1,0,4,1,0,0,7.029722222222222
1,0,0.0,1,1,1,0,1,1,0,0,0.0
2,0,0.0,2,1,2,0,1,2,1,0,1.6244444444444444
2,0,0.0,1,1,1,0,2,1,2,0,0.006666666666666667
3,0,0.0,2,2,1,0,3,2,1,0,0.5925
3,0,0.0,2,2,1,0,3,1,0,0,5.4825
2,0,0.0,2,2,1,0,2,2,1,0,0.2986111111111111
1,0,0.0,1,1,1,0,0,1,0,0,0.0
5,0,0.0,3,1,2,0,1,2,1,0,4.098888888888889
28,0,0.0,2,2,2,0,27,2,19,0,7.786944444444444
4,0,0.0,3,1,3,0,1,2,1,0,6.35
2,0,0.0,2,2,2,0,1,1,0,0,5.066666666666666
1,0,0.0,1,1,1,0,0,1,0,0,0.0
1,0,0.0,1,1,1,0,1,1,1,0,0.0
2,0,0.0,2,2,2,0,1,2,1,0,4.838055555555556
1,0,0.0,1,1,1,0,0,1,0,0,0.0
1,0,0.0,1,1,1,0,0,1,0,0,0.0
2,0,0.0,2,2,2,0,1,1,0,0,1.7752777777777777
2,0,0.0,2,2,1,0,2,2,1,0,0.21888888888888888
2,0,0.0,1,2,1,0,2,2,1,0,0.22194444444444444
1,0,0.0,1,1,1,0,1,1,0,1,0.0
2,0,0.0,1,1,1,0,2,1,2,0,5.239166666666667
1,0,0.0,1,1,1,0,1,1,0,0,0.0
2,0,0.0,2,2,2,0,1,1,0,0,0.8144444444444444
1,0,0.0,1,1,1,0,1,1,1,0,0.0
1,0,0.0,1,1,1,0,1,1,0,0,0.0
3,0,0.0,3,3,1,0,3,2,1,0,0.7466666666666667
2,0,0.0,2,2,2,0,1,1,0,0,0.8386111111111111
1,0,0.0,1,1,1,0,1,1,0,0,0.0
4,0,0.0,4,2,2,0,3,2,2,0,0.58
2,0,0.0,2,2,2,0,1,2,1,0,4.6275
1,0,0.0,1,1,1,0,1,1,1,0,0.0
2,0,0.0,1,2,1,0,2,2,1,0,0.4708333333333333
1,0,0.0,1,1,1,0,1,1,1,0,0.0
2,0,0.0,2,2,2,0,1,1,0,0,0.015277777777777777
1,0,0.0,1,1,1,0,1,1,0,0,0.0
4,0,0.0,4,4,1,0,4,2,1,0,5.9880555555555555
2,0,0.0,2,1,2,0,1,2,1,0,4.958055555555555
1,0,0.0,1,1,1,0,1,1,0,0,0.0
1,0,0.0,1,1,1,0,0,1,0,0,0.0
3,0,0.0,3,3,1,0,3,2,1,0,1.5469444444444445
1,0,0.0,1,1,1,0,0,1,0,0,0.0
1,0,0.0,1,1,1,0,1,1,0,0,0.0
1,0,0.0,1,1,1,0,1,1,0,1,0.0
1,0,0.0,1,1,1,0,0,1,0,0,0.0
1,0,0.0,1,1,1,0,1,1,0,1,0.0
1,0,0.0,1,1,1,0,1,1,1,0,0.0
2,0,0.0,2,1,2,0,1,2,0,1,0.0011111111111111111
2,0,0.0,2,1,1,0,0,1,0,0,0.4077777777777778
1,0,0.0,1,1,1,0,0,1,0,0,0.0
1,0,0.0,1,1,1,0,1,1,0,0,0.0
1,0,0.0,1,1,1,0,1,1,0,0,0.0
23,0,0.0,4,4,1,0,23,2,9,0,7.5505555555555555
1,0,0.0,1,1,1,0,0,1,0,0,0.0
2,0,0.0,2,2,1,0,2,2,1,0,0.09527777777777778
1,0,0.0,1,1,1,0,1,1,0,0,0.0
3,0,0.0,1,2,1,0,3,2,1,0,2.2725
2,0,0.0,2,1,1,0,0,1,0,0,0.09972222222222223
94,5,0.05319148936170213,20,10,4,1,62,3,18,17,10.510555555555555
54,0,0.0,9,6,3,0,32,3,16,2,9.318333333333333
52,0,0.0,8,6,3,0,21,3,10,1,9.154722222222222
1,0,0.0,1,1,1,0,1,1,0,0,0.0
1,0,0.0,1,1,1,0,1,1,0,0,0.0
1,0,0.0,1,1,1,0,1,1,0,0,0.0
2,0,0.0,2,2,1,0,2,1,0,0,3.158611111111111
1,0,0.0,1,1,1,0,1,1,1,0,0.0
2,0,0.0,2,1,1,0,0,1,0,0,0.050277777777777775
2,0,0.0,2,2,2,0,1,1,0,0,1.1655555555555555
1,0,0.0,1,1,1,0,0,1,0,0,0.0
2,0,0.0,2,2,1,0,2,2,1,0,5.211388888888889
1,0,0.0,1,1,1,0,1,1,1,0,0.0
1,0,0.0,1,1,1,0,0,1,0,0,0.0
1,0,0.0,1,1,1,0,0,1,0,0,0.0
1,0,0.0,1,1,1,0,1,1,0,0,0.0
1,0,0.0,1,1,1,0,1,1,0,0,0.0
2,0,0.0,2,1,1,0,0,1,0,0,0.0016666666666666668
1,0,0.0,1,1,1,0,1,1,1,0,0.0
6,1,0.16666666666666666,4,3,3,0,3,3,1,0,7.540555555555556
2,0,0.0,2,1,1,0,0,1,0,0,0.0030555555555555557
76,0,0.0,2,2,1,0,76,3,1,43,8.391388888888889
1,0,0.0,1,1,1,0,1,1,1,0,0.0
3,0,0.0,2,2,2,0,2,2,1,0,0.3408333333333333
6,0,0.0,5,3,2,0,4,2,2,0,8.20861111111111
2,0,0.0,2,2,1,0,2,2,1,0,5.573888888888889
1,0,0.0,1,1,1,0,1,1,0,0,0.0
3,0,0.0,3,1,2,0,1,2,1,0,0.11944444444444445
2,0,0.0,2,1,1,0,0,1,0,0,0.007222222222222222
1,0,0.0,1,1,1,0,0,1,0,0,0.0
1,0,0.0,1,1,1,0,0,1,0,0,0.0
4,0,0.0,3,3,1,0,4,1,0,0,6.647222222222222
31,0,0.0,6,2,2,0,2,2,1,0,8.410555555555556
2,0,0.0,2,1,2,0,1,2,1,0,0.0005555555555555556
3,0,0.0,3,1,2,0,2,2,2,0,7.730833333333333
2,0,0.0,2,1,1,0,2,1,2,0,0.7391666666666666
3,0,0.0,3,3,1,0,3,1,0,0,1.7591666666666668
2,0,0.0,2,2,2,0,1,1,0,0,0.008333333333333333
1,0,0.0,1,1,1,0,1,1,0,0,0.0
1,1,1.0,1,1,1,0,0,1,0,0,0.0
3,0,0.0,2,3,1,0,3,2,1,0,0.08444444444444445
2,0,0.0,2,2,2,0,1,1,0,0,0.9397222222222222
2,0,0.0,2,2,2,0,1,1,0,0,0.5547222222222222
2,0,0.0,2,2,1,0,2,2,1,0,1.575
2,0,0.0,2,2,1,0,2,2,1,0,3.287777777777778
1,0,0.0,1,1,1,0,1,1,1,0,0.0
3,0,0.0,2,2,2,0,2,2,1,0,0.9961111111111111
3,0,0.0,3,2,1,0,3,2,2,0,5.292222222222223
2,0,0.0,1,2,2,0,1,1,0,0,0.35388888888888886
1,0,0.0,1,1,1,0,1,1,1,0,0.0
1,0,0.0,1,1,1,0,0,1,0,0,0.0
1,0,0.0,1,1,1,0,1,1,1,0,0.0
1,0,0.0,1,1,1,0,0,1,0,0,0.0
3,0,0.0,3,1,2,0,2,2,2,0,3.12
2,0,0.0,2,1,1,0,2,1,2,0,7.7125
1,0,0.0,1,1,1,0,1,1,1,0,0.0
72,0,0.0,11,9,3,0,48,2,18,0,22.061666666666667
63,0,0.0,7,7,2,0,52,2,19,0,22.523611111111112
65,0,0.0,8,6,3,0,46,2,25,0,21.93861111111111
1,0,0.0,1,1,1,0,0,1,0,0,0.0
3,0,0.0,3,3,1,0,3,2,1,0,0.11
1,0,0.0,1,1,1,0,0,1,0,0,0.0
4,0,0.0,1,1,2,0,3,1,0,0,3.9166666666666665
1,0,0.0,1,1,1,0,0,1,0,0,0.0
1,0,0.0,1,1,1,0,0,1,0,0,0.0
1,0,0.0,1,1,1,0,1,1,0,0,0.0
1,0,0.0,1,1,1,0,0,1,0,0,0.0
2,0,0.0,2,2,1,0,2,1,0,0,0.04888888888888889
2,0,0.0,2,2,1,0,2,2,1,0,1.2730555555555556
2,0,0.0,2,2,2,0,1,1,0,0,0.19555555555555557
1,0,0.0,1,1,1,0,0,1,0,0,0.0
2,0,0.0,2,2,1,0,2,2,1,0,0.010833333333333334
11,0,0.0,4,4,1,0,11,2,5,0,8.393333333333333
3,0,0.0,3,2,1,0,3,2,2,0,3.3783333333333334
25,0,0.0,2,2,1,0,25,2,9,0,8.655
2,0,0.0,2,2,1,0,2,1,0,0,2.7344444444444442
2,0,0.0,2,2,2,0,1,2,0,1,0.7727777777777778
1,1,1.0,1,1,1,0,0,1,0,0,0.0
1,0,0.0,1,1,1,0,1,1,0,0,0.0
3,0,0.0,3,3,1,0,3,2,2,0,4.026944444444444
2,0,0.0,2,2,1,0,2,1,0,0,0.19777777777777777
2,0,0.0,1,1,2,0,1,2,1,0,0.2638888888888889
1,0,0.0,1,1,1,0,1,1,1,0,0.0
2,0,0.0,2,2,1,0,2,1,0,0,6.563611111111111
1,0,0.0,1,1,1,0,1,1,0,0,0.0
1,0,0.0,1,1,1,0,0,1,0,0,0.0
1,0,0.0,1,1,1,0,0,1,0,0,0.0
1,0,0.0,1,1,1,0,1,1,0,0,0.0
4,0,0.0,3,2,1,0,4,2,3,0,5.4025
4,0,0.0,2,1,1,0,4,1,4,0,6.938888888888889
2,0,0.0,2,2,2,0,1,1,0,0,1.9941666666666666
2,0,0.0,2,2,1,0,2,2,1,0,0.06777777777777778
1,0,0.0,1,1,1,0,0,1,0,0,0.0
1,0,0.0,1,1,1,0,1,1,0,0,0.0
1,0,0.0,1,1,1,0,1,1,1,0,0.0
5,0,0.0,2,3,1,0,5,2,0,2,0.32722222222222225
2,0,0.0,2,2,1,0,2,2,1,0,0.004722222222222222
3,0,0.0,2,3,1,0,3,2,1,0,6.836388888888889
1,0,0.0,1,1,1,0,1,1,1,0,0.0
1,0,0.0,1,1,1,0,1,1,0,0,0.0
36,0,0.0,2,2,1,0,36,3,12,9,8.470555555555556
2,0,0.0,1,1,2,0,1,2,1,0,3.0236111111111112
1,0,0.0,1,1,1,0,1,1,0,0,0.0
1,0,0.0,1,1,1,0,1,1,0,0,0.0
4,0,0.0,2,2,2,0,3,1,0,0,3.233888888888889
2,0,0.0,1,2,1,0,2,1,2,0,0.012777777777777779
1,0,0.0,1,1,1,0,0,1,0,0,0.0
1,0,0.0,1,1,1,0,0,1,0,0,0.0
29,0,0.0,4,4,2,0,28,2,13,0,8.481944444444444
4,0,0.0,3,3,2,0,3,2,1,0,5.910833333333334
1,0,0.0,1,1,1,0,0,1,0,0,0.0
3,0,0.0,3,3,2,0,2,1,0,0,8.106666666666667
1,0,0.0,1,1,1,0,1,1,1,0,0.0
1,0,0.0,1,1,1,0,1,1,0,0,0.0
1,0,0.0,1,1,1,0,1,1,1,0,0.0
5,1,0.2,3,3,2,1,4,3,3,0,8.264166666666666
2,0,0.0,2,2,2,0,1,1,0,0,0.001388888888888889
1,0,0.0,1,1,1,0,0,1,0,0,0.0
1,0,0.0,1,1,1,0,1,1,1,0,0.0
3,0,0.0,3,2,2,0,2,2,1,0,6.2588888888888885
1,0,0.0,1,1,1,0,1,1,0,0,0.0
5,0,0.0,3,3,2,0,4,2,1,0,6.9927777777777775
1,0,0.0,1,1,1,0,0,1,0,0,0.0
1,0,0.0,1,1,1,0,1,1,0,0,0.0
4,0,0.0,2,1,1,0,4,1,4,0,8.205833333333333
1,0,0.0,1,1,1,0,1,1,1,0,0.0
3,0,0.0,3,3,2,0,2,2,1,0,1.0727777777777778
4,0,0.0,4,1,3,0,2,2,2,0,5.744722222222222
2,0,0.0,2,1,2,0,1,2,1,0,0.22083333333333333
2,0,0.0,2,2,1,0,2,2,1,0,1.593611111111111
1,0,0.0,1,1,1,0,1,1,0,0,0.0
2,0,0.0,2,1,1,0,2,1,2,0,1.823888888888889
2,0,0.0,2,2,1,0,2,1,0,0,0.5775
1,0,0.0,1,1,1,0,1,1,1,0,0.0
2,0,0.0,2,1,1,0,2,1,2,0,1.9983333333333333
1,0,0.0,1,1,1,0,1,1,1,0,0.0
2,0,0.0,2,2,2,0,1,1,0,0,0.1272222222222222
2,0,0.0,2,2,1,0,2,1,0,0,3.4722222222222223
4,0,0.0,1,2,1,0,4,2,0,2,0.22611111111111112
1,0,0.0,1,1,1,0,0,1,0,0,0.0
2,0,0.0,2,1,2,0,1,2,1,0,5.116388888888889
1,0,0.0,1,1,1,0,0,1,0,0,0.0
1,0,0.0,1,1,1,0,1,1,0,0,0.0
4,0,0.0,2,3,1,0,4,2,2,0,3.8383333333333334
3,0,0.0,2,2,1,0,3,2,2,0,4.7011111111111115
1,0,0.0,1,1,1,0,1,1,1,0,0.0
1,0,0.0,1,1,1,0,1,1,1,0,0.0
1,0,0.0,1,1,1,0,1,1,0,0,0.0
34,0,0.0,2,3,1,0,34,2,14,0,8.073333333333334
1,0,0.0,1,1,1,0,0,1,0,0,0.0
1,0,0.0,1,1,1,0,1,1,1,0,0.0
1,1,1.0,1,1,1,0,0,1,0,0,0.0
2,1,0.5,2,2,2,0,1,2,0,0,0.2375
2,0,0.0,2,1,2,0,1,2,1,0,0.03777777777777778
1,0,0.0,1,1,1,0,0,1,0,0,0.0
2,0,0.0,2,2,2,0,1,1,0,0,6.2925
2,0,0.0,2,2,1,0,2,2,1,0,0.17694444444444443
4,0,0.0,2,2,2,0,2,2,1,0,5.3116666666666665
1,0,0.0,1,1,1,0,1,1,0,0,0.0
1,1,1.0,1,1,1,0,0,1,0,0,0.0
1,0,0.0,1,1,1,0,0,1,0,0,0.0
1,0,0.0,1,1,1,0,0,1,0,0,0.0
1,0,0.0,1,1,1,0,1,1,0,0,0.0
5,0,0.0,4,4,2,0,3,2,1,0,8.280833333333334
1,0,0.0,1,1,1,0,1,1,1,0,0.0
1,0,0.0,1,1,1,0,1,1,1,0,0.0
1,0,0.0,1,1,1,0,1,1,1,0,0.0
6,0,0.0,4,3,2,0,4,2,2,0,1.6719444444444445
2,0,0.0,1,1,1,0,2,1,0,0,5.133333333333334
1,0,0.0,1,1,1,0,1,1,1,0,0.0
2,0,0.0,2,2,1,0,2,2,1,0,3.1366666666666667
5,0,0.0,1,2,1,0,5,2,3,0,5.143888888888889
2,0,0.0,2,2,1,0,2,1,0,0,5.314722222222223
1,0,0.0,1,1,1,0,1,1,0,0,0.0
2,0,0.0,2,2,1,0,2,2,1,0,6.349444444444444
1,0,0.0,1,1,1,0,1,1,0,0,0.0
2,0,0.0,1,1,1,0,2,1,0,0,3.3136111111111113
3,0,0.0,3,3,1,0,3,2,2,0,1.5444444444444445
1,0,0.0,1,1,1,0,1,1,1,0,0.0
1,0,0.0,1,1,1,0,1,1,1,0,0.0
2,0,0.0,2,2,1,0,2,2,1,0,3.7105555555555556
2,0,0.0,2,2,1,0,2,1,0,0,0.6975
1,0,0.0,1,1,1,0,1,1,0,0,0.0
3,0,0.0,3,3,1,0,3,2,1,0,3.3344444444444443
2,0,0.0,1,1,1,0,2,1,2,0,1.6194444444444445
3,0,0.0,2,2,1,0,3,2,2,0,1.138611111111111
1,0,0.0,1,1,1,0,1,1,0,0,0.0
2,0,0.0,1,2,1,0,2,2,1,0,3.624722222222222
3,0,0.0,3,3,1,0,3,2,1,0,2.3313888888888887
1,0,0.0,1,1,1,0,1,1,0,0,0.0
3,0,0.0,2,2,1,0,3,1,0,0,6.3275
2,0,0.0,2,2,1,0,2,2,1,0,3.2883333333333336
75,0,0.0,8,6,3,11,35,3,15,0,22.723055555555554
67,0,0.0,6,4,3,7,22,3,12,0,22.099444444444444
58,0,0.0,7,5,3,8,13,3,7,0,22.865
1,0,0.0,1,1,1,0,0,1,0,0,0.0
36,0,0.0,2,2,2,0,33,2,20,0,8.290833333333333
3,0,0.0,3,2,1,0,3,2,2,0,3.6727777777777777
1,0,0.0,1,1,1,0,1,1,0,0,0.0
12,0,0.0,2,3,3,0,10,3,3,0,2.1025
9,0,0.0,5,4,2,0,7,2,4,0,6.038888888888889
1,0,0.0,1,1,1,0,1,1,0,1,0.0
1,0,0.0,1,1,1,0,1,1,1,0,0.0
3,0,0.0,3,3,1,0,3,1,0,0,8.53111111111111
1,0,0.0,1,1,1,0,1,1,1,0,0.0
1,0,0.0,1,1,1,0,1,1,0,0,0.0
1,0,0.0,1,1,1,0,1,1,0,0,0.0
1,0,0.0,1,1,1,0,1,1,1,0,0.0
3,0,0.0,3,3,2,0,1,1,0,0,6.870555555555556
1,0,0.0,1,1,1,0,1,1,1,0,0.0
3,0,0.0,3,3,2,0,2,1,0,0,5.9863888888888885
3,0,0.0,3,3,2,0,2,1,0,0,6.697222222222222
1,0,0.0,1,1,1,0,1,1,1,0,0.0
1,0,0.0,1,1,1,0,0,1,0,0,0.0
1,0,0.0,1,1,1,0,0,1,0,0,0.0
17,0,0.0,1,1,2,13,0,2,0,0,8.0
176,0,0.0,13,11,3,0,165,3,74,0,8.6375
6,0,0.0,4,2,1,0,0,1,0,0,6.178333333333334
2,0,0.0,1,1,1,0,2,1,0,0,4.258333333333334
7,0,0.0,3,3,1,0,7,2,5,0,6.998055555555555
2,0,0.0,1,1,1,0,2,1,0,0,1.576111111111111
3,0,0.0,3,1,2,0,1,2,1,0,2.775
1,1,1.0,1,1,1,0,0,1,0,0,0.0
7,0,0.0,5,2,2,0,2,2,1,0,7.978611111111111
2,0,0.0,2,2,1,0,2,1,0,0,0.024166666666666666
1,0,0.0,1,1,1,0,1,1,1,0,0.0
1,0,0.0,1,1,1,0,0,1,0,0,0.0
2,0,0.0,2,2,1,0,2,2,1,0,0.0
1,0,0.0,1,1,1,0,0,1,0,0,0.0
29,0,0.0,3,2,2,0,28,2,13,0,8.495555555555555
5,0,0.0,3,3,1,0,5,2,3,0,8.023888888888889
2,0,0.0,2,2,1,0,2,2,1,0,3.081111111111111
5,0,0.0,5,5,2,0,3,2,1,0,6.608888888888889
4,0,0.0,4,3,1,0,0,1,0,0,5.647777777777778
1,0,0.0,1,1,1,0,1,1,0,0,0.0
7,0,0.0,6,5,1,0,0,1,0,0,6.6691666666666665
1,0,0.0,1,1,1,0,1,1,1,0,0.0
2,0,0.0,2,2,2,0,1,1,0,0,0.011666666666666667
2,0,0.0,2,1,1,0,2,1,2,0,0.008611111111111111
7,0,0.0,6,5,1,0,0,1,0,0,7.315833333333333
2,0,0.0,1,2,2,0,1,1,0,0,0.8572222222222222
2,0,0.0,2,2,2,0,1,1,0,0,0.020555555555555556
1,0,0.0,1,1,1,0,1,1,0,1,0.0
3,0,0.0,2,3,1,0,3,2,1,0,6.276388888888889
2,0,0.0,2,2,1,0,2,2,1,0,7.918055555555555
1,0,0.0,1,1,1,0,0,1,0,0,0.0
1,0,0.0,1,1,1,0,0,1,0,0,0.0
3,0,0.0,3,3,1,0,3,2,2,0,0.08083333333333333
50,0,0.0,1,2,1,0,50,2,0,46,8.380833333333333
2,0,0.0,2,1,2,0,1,2,1,0,3.913611111111111
1,0,0.0,1,1,1,0,0,1,0,0,0.0
1,0,0.0,1,1,1,0,1,1,1,0,0.0
1,0,0.0,1,1,1,0,0,1,0,0,0.0
1,0,0.0,1,1,1,0,1,1,0,0,0.0
1,0,0.0,1,1,1,0,0,1,0,0,0.0
1,0,0.0,1,1,1,0,0,1,0,0,0.0
1,0,0.0,1,1,1,0,1,1,0,0,0.0
3,0,0.0,2,2,1,0,3,2,1,0,8.4625
2,0,0.0,2,2,2,0,1,1,0,0,0.004166666666666667
3,0,0.0,3,3,1,0,3,2,1,0,4.971111111111111
2,0,0.0,2,2,1,0,2,1,0,0,0.010833333333333334
3,0,0.0,3,3,1,0,3,1,0,0,6.996388888888889
2,0,0.0,1,2,1,0,2,2,0,1,0.0
4,0,0.0,3,3,1,0,4,2,2,0,5.326666666666667
5,1,0.2,2,2,3,0,2,2,0,1,12.105277777777777
7,1,0.14285714285714285,3,4,3,0,5,2,0,3,1.4294444444444445
2,0,0.0,1,2,1,0,2,2,0,1,0.0005555555555555556
1,0,0.0,1,1,1,0,1,1,1,0,0.0
2,0,0.0,1,1,1,0,2,1,2,0,8.213055555555556
4,0,0.0,3,3,1,0,4,2,2,0,0.7302777777777778
6,0,0.0,6,5,1,0,0,1,0,0,6.688611111111111
3,3,1.0,2,2,1,0,0,1,0,0,1.8263888888888888
2,0,0.0,2,2,1,0,2,2,1,0,1.833611111111111
1,0,0.0,1,1,1,0,0,1,0,0,0.0
1,0,0.0,1,1,1,0,1,1,0,0,0.0
1,0,0.0,1,1,1,0,1,1,1,0,0.0
1,0,0.0,1,1,1,0,1,1,0,1,0.0
2,0,0.0,2,2,2,0,1,1,0,0,3.6041666666666665
1,0,0.0,1,1,1,0,1,1,1,0,0.0
1,0,0.0,1,1,1,0,0,1,0,0,0.0
1,0,0.0,1,1,1,0,0,1,0,0,0.0
2,0,0.0,2,1,1,0,2,1,2,0,1.5502777777777779
2,0,0.0,2,2,1,0,2,2,1,0,0.0002777777777777778
1,1,1.0,1,1,1,0,0,1,0,0,0.0
3,0,0.0,3,1,2,0,2,2,2,0,7.525555555555556
1,0,0.0,1,1,1,0,1,1,0,0,0.0
5,0,0.0,2,2,1,0,5,2,4,0,6.200555555555556
1,0,0.0,1,1,1,0,1,1,1,0,0.0
5,0,0.0,4,4,2,0,3,1,0,0,7.698611111111111
2,0,0.0,1,1,1,0,0,1,0,0,1.5775
1,0,0.0,1,1,1,0,0,1,0,0,0.0
1,0,0.0,1,1,1,0,0,1,0,0,0.0
2,0,0.0,1,1,1,0,2,1,0,0,5.3758333333333335
71,0,0.0,6,5,2,0,65,2,30,0,21.055555555555557
59,0,0.0,12,10,2,0,53,2,27,0,22.08222222222222
70,0,0.0,10,9,2,0,60,3,20,1,22.58277777777778
5,0,0.0,4,2,2,0,1,1,0,0,0.6569444444444444
1,0,0.0,1,1,1,0,1,1,1,0,0.0
2,0,0.0,2,2,2,0,1,1,0,0,0.7558333333333334
2,0,0.0,2,1,1,0,2,1,2,0,6.806388888888889
2,0,0.0,1,2,2,0,1,1,0,0,0.019166666666666665
1,0,0.0,1,1,1,0,1,1,0,0,0.0
1,0,0.0,1,1,1,0,1,1,0,0,0.0
1,0,0.0,1,1,1,0,0,1,0,0,0.0
1,0,0.0,1,1,1,0,1,1,1,0,0.0
2,0,0.0,2,1,1,0,0,1,0,0,0.0008333333333333334
33,0,0.0,3,3,2,0,32,2,11,0,8.013055555555555
3,0,0.0,3,2,2,0,1,1,0,0,0.42027777777777775
2,0,0.0,2,2,1,0,2,2,1,0,3.506666666666667
1,0,0.0,1,1,1,0,0,1,0,0,0.0
1,0,0.0,1,1,1,0,1,1,0,0,0.0
2,0,0.0,2,2,2,0,1,1,0,0,3.14
3,0,0.0,2,2,1,0,3,2,2,0,0.009444444444444445
1,0,0.0,1,1,1,0,1,1,1,0,0.0
2,0,0.0,2,2,1,0,2,1,0,0,5.0008333333333335
2,0,0.0,2,1,2,0,1,2,1,0,0.5886111111111111
1,0,0.0,1,1,1,0,0,1,0,0,0.0
2,0,0.0,2,2,1,0,2,2,1,0,1.5988888888888888
3,0,0.0,3,2,2,0,1,1,0,0,1.8805555555555555
6,0,0.0,3,5,2,0,5,2,2,0,8.54
9,0,0.0,9,7,1,0,0,1,0,0,6.743055555555555
1,0,0.0,1,1,1,0,1,1,1,0,0.0
1,0,0.0,1,1,1,0,0,1,0,0,0.0
1,0,0.0,1,1,1,0,1,1,1,0,0.0
1,0,0.0,1,1,1,0,0,1,0,0,0.0
1,0,0.0,1,1,1,0,1,1,0,0,0.0
6,0,0.0,5,4,1,0,0,1,0,0,7.994166666666667
2,0,0.0,2,1,1,0,2,1,2,0,5.269166666666667
5,0,0.0,4,3,2,0,4,2,2,0,3.8141666666666665
1,0,0.0,1,1,1,0,0,1,0,0,0.0
3,0,0.0,3,2,2,0,2,2,1,0,4.945
3,0,0.0,3,2,2,0,2,2,2,0,4.426388888888889
1,0,0.0,1,1,1,0,1,1,1,0,0.0
1,0,0.0,1,1,1,0,1,1,1,0,0.0
2,0,0.0,2,2,2,0,1,1,0,0,0.0075
4,0,0.0,4,2,2,0,2,2,2,0,0.0225
2,0,0.0,2,2,1,0,2,1,0,0,1.9188888888888889
5,0,0.0,2,3,1,0,5,2,1,0,6.136111111111111
1,0,0.0,1,1,1,0,1,1,0,0,0.0
2,0,0.0,2,1,2,0,1,2,1,0,3.4427777777777777
1,0,0.0,1,1,1,0,1,1,1,0,0.0
17,0,0.0,1,1,2,9,0,2,0,0,7.716666666666667
5,0,0.0,4,3,1,0,5,2,3,0,6.948055555555555
2,0,0.0,2,1,2,0,1,2,1,0,2.1902777777777778
1,0,0.0,1,1,1,0,1,1,0,0,0.0
61,0,0.0,1,2,1,0,61,2,0,35,8.484444444444444
4,0,0.0,2,3,2,0,3,2,2,0,6.868611111111111
6,0,0.0,5,4,2,0,5,2,4,0,5.476388888888889
1,0,0.0,1,1,1,0,1,1,0,0,0.0
2,0,0.0,2,2,1,0,2,1,2,0,5.820277777777778
4,0,0.0,4,3,2,0,1,1,0,0,3.437222222222222
1,0,0.0,1,1,1,0,1,1,0,0,0.0
1,0,0.0,1,1,1,0,1,1,0,0,0.0
3,0,0.0,2,1,2,0,1,2,1,0,7.778888888888889
1,0,0.0,1,1,1,0,1,1,1,0,0.0
1,0,0.0,1,1,1,0,1,1,0,0,0.0
1,0,0.0,1,1,1,0,1,1,0,0,0.0
6,0,0.0,4,4,1,0,6,2,4,0,7.4675
2,0,0.0,1,1,1,0,2,1,0,0,0.01611111111111111
1,0,0.0,1,1,1,0,0,1,0,0,0.0
1,0,0.0,1,1,1,0,0,1,0,0,0.0
1,0,0.0,1,1,1,0,0,1,0,0,0.0
1,0,0.0,1,1,1,0,1,1,1,0,0.0
1,0,0.0,1,1,1,0,1,1,0,0,0.0
3,0,0.0,3,2,2,0,1,1,0,0,3.943611111111111
1,0,0.0,1,1,1,0,0,1,0,0,0.0
2,0,0.0,2,2,1,0,2,1,0,0,2.5075
1,0,0.0,1,1,1,0,1,1,1,0,0.0
1,0,0.0,1,1,1,0,1,1,1,0,0.0
6,0,0.0,5,4,2,0,3,2,1,0,2.905
1,0,0.0,1,1,1,0,1,1,0,0,0.0
2,0,0.0,2,2,1,0,2,1,0,0,1.633888888888889
1,0,0.0,1,1,1,0,1,1,0,0,0.0
1,0,0.0,1,1,1,0,1,1,0,0,0.0
2,0,0.0,2,2,1,0,2,2,1,0,3.662777777777778
2,0,0.0,2,2,1,0,2,2,1,0,3.466388888888889
3,0,0.0,3,3,1,0,3,2,1,0,2.7977777777777777
1,0,0.0,1,1,1,0,0,1,0,0,0.0
2,0,0.0,2,1,2,0,1,2,1,0,2.4269444444444446
3,0,0.0,2,3,1,0,3,2,1,0,6.4825
1,0,0.0,1,1,1,0,0,1,0,0,0.0
1,1,1.0,1,1,1,0,0,1,0,0,0.0
3,0,0.0,2,1,2,0,2,2,2,0,2.2169444444444446
9,1,0.1111111111111111,7,6,1,0,9,3,5,1,6.931388888888889
1,0,0.0,1,1,1,0,1,1,1,0,0.0
21,0,0.0,3,3,1,0,21,2,12,0,7.8966666666666665
2,0,0.0,2,1,1,0,2,1,2,0,1.7052777777777777
2,0,0.0,2,1,2,0,1,2,1,0,0.0075
2,0,0.0,1,1,1,0,0,1,0,0,0.0033333333333333335
1,0,0.0,1,1,1,0,0,1,0,0,0.0
2,0,0.0,2,2,1,0,0,1,0,0,2.492777777777778
5,0,0.0,3,1,2,0,4,3,2,2,6.589166666666666
1,0,0.0,1,1,1,0,1,1,1,0,0.0
1,0,0.0,1,1,1,0,1,1,1,0,0.0
2,0,0.0,2,1,1,0,2,1,2,0,3.6502777777777777
5,0,0.0,4,5,1,0,5,2,1,0,3.9158333333333335
1,0,0.0,1,1,1,0,1,1,0,0,0.0
2,0,0.0,2,1,2,0,1,2,1,0,0.011944444444444445
1,0,0.0,1,1,1,0,1,1,1,0,0.0
4,0,0.0,4,3,3,0,2,1,0,0,1.8352777777777778
2,0,0.0,2,2,1,0,2,1,0,0,1.9080555555555556
1,0,0.0,1,1,1,0,0,1,0,0,0.0
1,0,0.0,1,1,1,0,0,1,0,0,0.0
1,0,0.0,1,1,1,0,0,1,0,0,0.0
1,0,0.0,1,1,1,0,1,1,1,0,0.0
2,0,0.0,2,1,2,0,1,2,1,0,1.7208333333333334
1,0,0.0,1,1,1,0,1,1,0,0,0.0
1,0,0.0,1,1,1,0,1,1,1,0,0.0
1,0,0.0,1,1,1,0,0,1,0,0,0.0
2,0,0.0,2,2,2,0,1,1,0,0,0.3238888888888889
90,0,0.0,19,12,4,0,55,3,29,0,22.065833333333334
60,0,0.0,12,12,2,0,50,2,23,0,22.706666666666667
50,0,0.0,11,8,2,0,37,2,21,0,22.34638888888889
8,0,0.0,4,3,2,0,7,2,3,0,2.0708333333333333
3,0,0.0,2,2,1,0,3,2,2,0,1.018888888888889
4,0,0.0,3,3,1,0,4,2,2,0,1.7175
1,0,0.0,1,1,1,0,0,1,0,0,0.0
3,0,0.0,3,3,2,0,2,1,0,0,3.975
1,0,0.0,1,1,1,0,0,1,0,0,0.0
12,0,0.0,8,10,2,0,9,2,4,0,6.844444444444444
4,0,0.0,2,3,2,0,3,1,0,0,5.681388888888889
1,0,0.0,1,1,1,0,1,1,0,0,0.0
2,0,0.0,1,2,1,0,2,2,1,0,0.009166666666666667
3,0,0.0,3,3,2,0,2,2,1,0,0.4713888888888889
2,0,0.0,2,2,1,0,2,2,1,1,1.7002777777777778
2,0,0.0,2,1,2,0,0,1,0,0,1.2072222222222222
1,0,0.0,1,1,1,0,1,1,0,0,0.0
1,0,0.0,1,1,1,0,1,1,1,0,0.0
1,0,0.0,1,1,1,0,1,1,1,0,0.0
1,0,0.0,1,1,1,0,0,1,0,0,0.0
1,0,0.0,1,1,1,0,0,1,0,0,0.0
2,0,0.0,2,2,1,0,2,1,0,0,2.1197222222222223
1,0,0.0,1,1,1,0,0,1,0,0,0.0
4,0,0.0,3,3,2,0,2,2,1,0,4.498055555555555
2,0,0.0,2,1,2,0,1,2,1,0,5.215
1,0,0.0,1,1,1,0,1,1,1,0,0.0
1,0,0.0,1,1,1,0,1,1,0,0,0.0
3,0,0.0,2,2,2,0,2,2,1,0,4.901388888888889
6,0,0.0,4,4,2,0,4,1,0,0,4.244166666666667
1,0,0.0,1,1,1,0,0,1,0,0,0.0
3,0,0.0,1,2,1,0,3,2,1,0,5.983055555555556
4,0,0.0,3,3,1,0,4,2,2,0,2.0347222222222223
6,0,0.0,1,2,1,0,6,2,2,0,0.9211111111111111
2,0,0.0,2,1,2,0,1,2,1,0,1.3744444444444444
2,0,0.0,2,1,2,0,1,2,1,0,0.013055555555555556
4,0,0.0,2,2,3,0,2,2,1,0,0.7180555555555556
2,0,0.0,2,2,1,0,2,2,1,0,2.9880555555555555
3,0,0.0,3,1,2,0,1,2,1,0,0.1525
4,0,0.0,3,2,2,0,2,2,1,0,2.0444444444444443
1,0,0.0,1,1,1,0,1,1,0,0,0.0
2,0,0.0,2,2,1,0,2,1,0,0,5.336388888888889
2,0,0.0,2,1,1,0,0,1,0,0,0.51
1,0,0.0,1,1,1,0,0,1,0,0,0.0
1,0,0.0,1,1,1,0,0,1,0,0,0.0
1,0,0.0,1,1,1,0,1,1,1,0,0.0
1,0,0.0,1,1,1,0,1,1,0,0,0.0
4,0,0.0,4,1,2,0,2,2,2,0,0.001388888888888889
5,0,0.0,4,3,2,0,3,2,2,0,3.0458333333333334
1,0,0.0,1,1,1,0,1,1,1,0,0.0
2,0,0.0,2,2,2,0,1,1,0,0,1.406111111111111
3,0,0.0,1,1,1,0,0,1,0,0,1.686388888888889
2,0,0.0,2,1,1,0,0,1,0,0,6.907777777777778
1,0,0.0,1,1,1,0,0,1,0,0,0.0
2,0,0.0,2,2,1,0,2,2,1,0,4.958888888888889
6,0,0.0,4,2,2,0,4,2,2,0,2.7422222222222223
3,0,0.0,1,2,1,0,3,2,2,0,5.291111111111111
2,0,0.0,1,2,2,0,1,1,0,0,3.6105555555555555
6,0,0.0,3,3,2,0,5,2,2,0,1.8172222222222223
1,0,0.0,1,1,1,0,1,1,0,0,0.0
5,0,0.0,3,3,2,0,4,2,1,0,6.647222222222222
1,0,0.0,1,1,1,0,0,1,0,0,0.0
28,0,0.0,3,2,1,0,28,2,13,0,8.303055555555556
3,0,0.0,3,2,2,0,1,1,0,0,5.8975
2,0,0.0,2,2,1,0,2,2,1,0,0.7619444444444444
7,1,0.14285714285714285,1,2,1,0,7,2,0,4,0.022222222222222223
74,0,0.0,10,7,2,0,59,3,25,4,23.783333333333335
63,1,0.015873015873015872,14,10,2,0,45,3,17,3,21.878888888888888
63,0,0.0,13,10,3,1,43,3,22,1,21.477777777777778
3,0,0.0,3,2,3,0,1,1,0,0,0.33055555555555555
4,0,0.0,4,2,2,0,3,2,2,0,1.5277777777777777
5,0,0.0,4,3,2,0,3,2,2,0,5.703333333333333
2,0,0.0,2,2,1,0,2,2,1,0,0.4175
1,0,0.0,1,1,1,0,0,1,0,0,0.0
3,0,0.0,3,3,1,0,3,2,2,0,1.6141666666666667
1,0,0.0,1,1,1,0,0,1,0,0,0.0
1,0,0.0,1,1,1,0,1,1,0,0,0.0
1,0,0.0,1,1,1,0,1,1,0,0,0.0
1,0,0.0,1,1,1,0,0,1,0,0,0.0
3,0,0.0,3,3,1,0,3,2,2,0,3.386388888888889
1,0,0.0,1,1,1,0,0,1,0,0,0.0
1,0,0.0,1,1,1,0,1,1,0,1,0.0
1,0,0.0,1,1,1,0,1,1,0,0,0.0
2,0,0.0,2,1,2,0,1,2,1,0,0.9863888888888889
1,0,0.0,1,1,1,0,0,1,0,0,0.0
3,0,0.0,3,3,2,0,2,1,0,0,5.213055555555556
1,0,0.0,1,1,1,0,0,1,0,0,0.0
2,0,0.0,2,1,2,0,1,2,1,0,1.1069444444444445
2,0,0.0,2,2,1,0,2,1,0,0,2.441666666666667
1,0,0.0,1,1,1,0,1,1,1,0,0.0
1,0,0.0,1,1,1,0,0,1,0,0,0.0
4,0,0.0,4,1,2,0,1,2,1,0,6.102222222222222
3,0,0.0,2,2,1,0,3,1,0,0,5.306111111111111
1,0,0.0,1,1,1,0,0,1,0,0,0.0
1,0,0.0,1,1,1,0,1,1,1,0,0.0
2,0,0.0,2,1,2,0,1,2,1,0,1.2361111111111112
1,0,0.0,1,1,1,0,1,1,0,1,0.0
3,0,0.0,3,1,2,0,1,2,1,0,1.6505555555555556
1,0,0.0,1,1,1,0,1,1,1,0,0.0
1,0,0.0,1,1,1,0,1,1,1,0,0.0
1,0,0.0,1,1,1,0,1,1,0,0,0.0
1,0,0.0,1,1,1,0,0,1,0,0,0.0
5,0,0.0,2,2,1,0,5,1,0,0,6.968333333333334
5,0,0.0,2,2,1,0,5,1,0,0,5.622777777777777
1,0,0.0,1,1,1,0,1,1,1,0,0.0
1,0,0.0,1,1,1,0,1,1,1,0,0.0
1,0,0.0,1,1,1,0,1,1,0,0,0.0
1,0,0.0,1,1,1,0,0,1,0,0,0.0
1,0,0.0,1,1,1,0,1,1,0,0,0.0
1,0,0.0,1,1,1,0,1,1,1,0,0.0
1,0,0.0,1,1,1,0,1,1,0,0,0.0
2,0,0.0,2,2,2,0,1,1,0,0,6.939166666666667
1,0,0.0,1,1,1,0,1,1,0,0,0.0
2,0,0.0,2,2,1,0,2,1,0,0,1.5888888888888888
2,0,0.0,2,2,1,0,2,1,2,0,0.9255555555555556
4,0,0.0,2,2,2,0,3,2,1,0,1.676111111111111
2,0,0.0,2,2,1,0,2,2,1,0,1.6775
66,0,0.0,13,7,3,0,45,3,13,9,10.12111111111111
77,1,0.012987012987012988,16,17,2,0,62,3,26,2,21.688055555555554
57,0,0.0,9,8,2,0,49,3,23,4,15.251944444444444
1,0,0.0,1,1,1,0,1,1,0,0,0.0
2,0,0.0,1,2,1,0,2,2,1,0,0.6061111111111112
2,0,0.0,2,2,2,0,1,1,0,0,0.14333333333333334
4,0,0.0,4,2,2,0,3,2,2,0,1.2597222222222222
1,0,0.0,1,1,1,0,1,1,0,0,0.0
4,0,0.0,2,2,2,0,3,2,1,0,6.184722222222222
2,0,0.0,2,2,1,0,2,2,1,0,3.733888888888889
1,0,0.0,1,1,1,0,1,1,1,0,0.0
5,0,0.0,5,5,2,0,4,2,2,0,8.131388888888889
2,0,0.0,1,1,2,0,1,2,1,0,1.8708333333333333
3,0,0.0,3,1,2,0,2,2,2,0,0.39416666666666667
4,0,0.0,4,2,2,0,2,2,1,0,6.605277777777777
1,1,1.0,1,1,1,0,0,1,0,0,0.0
2,0,0.0,2,2,1,0,2,1,0,0,0.5836111111111111
3,0,0.0,2,1,1,0,3,1,3,0,1.9172222222222222
1,0,0.0,1,1,1,0,0,1,0,0,0.0
43,0,0.0,1,1,1,0,43,2,13,0,8.210833333333333
1,0,0.0,1,1,1,0,1,1,1,0,0.0
1,0,0.0,1,1,1,0,1,1,1,0,0.0
2,0,0.0,1,2,1,0,2,2,1,0,0.43472222222222223
5,0,0.0,3,4,1,0,5,2,1,0,6.048333333333333
1,0,0.0,1,1,1,0,1,1,0,0,0.0
2,0,0.0,2,2,1,0,2,2,1,0,5.340277777777778
1,0,0.0,1,1,1,0,1,1,0,0,0.0
6,0,0.0,4,5,2,0,5,2,2,0,3.251388888888889
2,0,0.0,2,1,2,0,1,2,1,0,1.3552777777777778
1,0,0.0,1,1,1,0,0,1,0,0,0.0
3,0,0.0,2,3,1,0,3,2,1,0,0.98
3,0,0.0,2,2,1,0,3,1,0,0,0.4013888888888889
1,0,0.0,1,1,1,0,0,1,0,0,0.0
1,0,0.0,1,1,1,0,1,1,1,0,0.0
4,0,0.0,4,3,2,0,2,2,2,0,7.006944444444445
1,0,0.0,1,1,1,0,1,1,1,0,0.0
1,0,0.0,1,1,1,0,1,1,0,0,0.0
3,0,0.0,2,3,1,0,3,2,1,0,5.0675
1,0,0.0,1,1,1,0,1,1,0,0,0.0
2,0,0.0,2,2,1,0,2,1,0,0,1.4772222222222222
2,0,0.0,2,2,1,0,2,2,1,0,1.95
1,0,0.0,1,1,1,0,1,1,0,0,0.0
3,0,0.0,2,2,2,0,1,1,0,0,1.055
1,0,0.0,1,1,1,0,1,1,1,0,0.0
1,0,0.0,1,1,1,0,0,1,0,0,0.0
1,0,0.0,1,1,1,0,1,1,1,0,0.0
1,0,0.0,1,1,1,0,1,1,1,0,0.0
2,0,0.0,2,1,2,0,1,2,1,0,0.6616666666666666
2,0,0.0,2,1,2,0,1,2,1,0,0.6958333333333333
1,0,0.0,1,1,1,0,1,1,0,0,0.0
2,0,0.0,2,2,2,0,1,1,0,0,0.010277777777777778
1,0,0.0,1,1,1,0,1,1,0,0,0.0
1,0,0.0,1,1,1,0,1,1,0,0,0.0
1,0,0.0,1,1,1,0,1,1,0,0,0.0
1,0,0.0,1,1,1,0,0,1,0,0,0.0
3,0,0.0,3,2,1,0,3,3,1,1,0.38305555555555554
3,0,0.0,2,2,1,0,3,2,2,0,1.7505555555555556
3,0,0.0,2,1,1,0,3,1,3,0,3.5566666666666666
2,0,0.0,2,2,2,0,1,2,1,0,1.1525
1,0,0.0,1,1,1,0,0,1,0,0,0.0
1,0,0.0,1,1,1,0,0,1,0,0,0.0
2,0,0.0,2,1,2,0,1,2,1,0,0.5116666666666667
1,0,0.0,1,1,1,0,1,1,0,0,0.0
1,0,0.0,1,1,1,0,1,1,1,0,0.0
1,0,0.0,1,1,1,0,1,1,1,0,0.0
2,0,0.0,1,1,1,0,2,1,2,0,0.005
1,0,0.0,1,1,1,0,0,1,0,0,0.0
2,0,0.0,2,1,1,0,0,1,0,0,1.0066666666666666
1,0,0.0,1,1,1,0,0,1,0,0,0.0
4,0,0.0,3,2,2,0,3,2,2,0,1.2155555555555555
1,0,0.0,1,1,1,0,1,1,0,0,0.0
1,0,0.0,1,1,1,0,1,1,0,0,0.0
1,0,0.0,1,1,1,0,1,1,0,0,0.0
2,0,0.0,2,1,2,0,1,2,1,0,0.5883333333333334
1,0,0.0,1,1,1,0,0,1,0,0,0.0
2,0,0.0,2,2,1,0,2,1,0,0,1.2169444444444444
4,0,0.0,2,3,1,0,4,2,1,0,1.011111111111111
1,0,0.0,1,1,1,0,1,1,0,0,0.0
1,0,0.0,1,1,1,0,1,1,0,0,0.0
1,0,0.0,1,1,1,0,1,1,1,0,0.0
1,0,0.0,1,1,1,0,0,1,0,0,0.0
2,0,0.0,2,1,2,0,1,2,1,0,0.03
1,0,0.0,1,1,1,0,1,1,1,0,0.0
2,0,0.0,2,1,1,0,2,1,2,0,1.6091666666666666
3,0,0.0,1,2,2,0,2,1,0,0,0.05416666666666667
3,0,0.0,1,2,1,0,3,2,2,0,7.2186111111111115
3,0,0.0,2,3,1,0,3,2,1,0,0.5561111111111111
1,0,0.0,1,1,1,0,1,1,1,0,0.0
1,0,0.0,1,1,1,0,1,1,0,0,0.0
1,0,0.0,1,1,1,0,1,1,1,0,0.0
2,0,0.0,2,2,1,0,2,2,1,0,1.6288888888888888
4,0,0.0,2,2,1,0,4,2,0,3,0.8325
1,0,0.0,1,1,1,0,1,1,0,0,0.0
5,0,0.0,2,1,1,0,0,1,0,0,1.8002777777777779
4,0,0.0,4,1,1,0,0,1,0,0,6.325555555555556
1,0,0.0,1,1,1,0,1,1,0,0,0.0
1,0,0.0,1,1,1,0,1,1,0,0,0.0
1,0,0.0,1,1,1,0,0,1,0,0,0.0
2,0,0.0,2,1,2,0,1,2,1,0,1.7169444444444444
57,0,0.0,3,4,2,0,56,3,23,12,8.259444444444444
1,0,0.0,1,1,1,0,1,1,0,0,0.0
3,0,0.0,2,1,2,0,2,2,0,2,7.030833333333334
5,0,0.0,4,3,2,0,4,2,1,0,7.041111111111111
1,0,0.0,1,1,1,0,1,1,0,0,0.0
2,0,0.0,2,1,2,0,1,2,1,0,0.008611111111111111
1,0,0.0,1,1,1,0,1,1,1,0,0.0
1,0,0.0,1,1,1,0,0,1,0,0,0.0
7,0,0.0,6,3,2,0,3,2,0,1,4.751944444444445
1,0,0.0,1,1,1,0,1,1,1,0,0.0
2,0,0.0,1,1,1,0,2,1,0,0,0.7658333333333334
1,0,0.0,1,1,1,0,1,1,0,0,0.0
3,0,0.0,3,3,1,0,3,2,1,0,7.272777777777778
3,0,0.0,2,2,2,0,2,1,0,0,4.506666666666667
3,0,0.0,1,2,1,0,3,2,2,0,5.321944444444444
1,0,0.0,1,1,1,0,1,1,0,0,0.0
2,0,0.0,2,2,1,0,2,1,0,0,0.17666666666666667
3,0,0.0,2,2,1,0,3,1,0,0,6.850833333333333
2,0,0.0,2,2,2,0,1,1,0,0,0.5427777777777778
2,0,0.0,2,1,1,0,0,1,0,0,0.0022222222222222222
1,0,0.0,1,1,1,0,0,1,0,0,0.0
1,0,0.0,1,1,1,0,1,1,0,0,0.0
1,1,1.0,1,1,1,0,0,1,0,0,0.0
54,0,0.0,12,9,2,0,47,2,20,0,22.309166666666666
64,0,0.0,9,7,2,0,55,2,29,0,23.4125
82,0,0.0,18,13,5,0,51,2,23,0,23.310833333333335
1,0,0.0,1,1,1,0,1,1,0,0,0.0
4,0,0.0,4,3,2,0,3,2,2,0,7.366944444444444
4,0,0.0,4,3,2,0,1,2,1,0,1.0208333333333333
2,0,0.0,1,1,1,0,2,1,0,0,1.1733333333333333
1,0,0.0,1,1,1,0,0,1,0,0,0.0
2,0,0.0,2,2,1,0,2,2,1,0,0.010555555555555556
1,0,0.0,1,1,1,0,0,1,0,0,0.0
1,0,0.0,1,1,1,0,1,1,1,0,0.0
1,0,0.0,1,1,1,0,1,1,0,0,0.0
1,0,0.0,1,1,1,0,1,1,0,0,0.0
1,0,0.0,1,1,1,0,1,1,0,0,0.0
1,0,0.0,1,1,1,0,1,1,1,0,0.0
5,0,0.0,3,3,2,0,4,2,2,0,5.313055555555556
1,1,1.0,1,1,1,0,0,1,0,0,0.0
2,0,0.0,2,2,2,0,1,1,0,0,6.243333333333333
1,0,0.0,1,1,1,0,1,1,0,0,0.0
4,0,0.0,4,3,2,0,3,2,1,0,7.230555555555555
1,0,0.0,1,1,1,0,1,1,0,0,0.0
4,0,0.0,3,3,1,0,4,1,0,0,6.748888888888889
1,0,0.0,1,1,1,0,0,1,0,0,0.0
3,0,0.0,3,2,2,0,1,1,0,0,2.8069444444444445
1,0,0.0,1,1,1,0,1,1,0,0,0.0
3,0,0.0,3,2,1,0,3,2,2,0,6.305833333333333
1,0,0.0,1,1,1,0,1,1,1,0,0.0
3,0,0.0,3,3,1,0,0,1,0,0,2.847777777777778
1,0,0.0,1,1,1,0,0,1,0,0,0.0
2,0,0.0,2,2,1,0,2,2,1,0,4.013333333333334
1,0,0.0,1,1,1,0,1,1,0,1,0.0
2,0,0.0,2,1,1,0,0,1,0,0,0.0
1,0,0.0,1,1,1,0,0,1,0,0,0.0
2,0,0.0,2,2,1,0,2,2,1,0,5.0325
3,0,0.0,2,2,2,0,2,1,0,0,7.253611111111111
3,0,0.0,2,1,2,0,2,2,2,0,3.1863888888888887
2,0,0.0,2,2,1,0,2,2,1,0,0.11444444444444445
24,0,0.0,3,4,1,0,24,2,10,0,3.8119444444444444
2,0,0.0,2,2,1,0,2,2,1,0,1.7341666666666666
61,0,0.0,9,11,2,0,59,2,28,0,8.554444444444444
1,0,0.0,1,1,1,0,1,1,1,0,0.0
1,0,0.0,1,1,1,0,0,1,0,0,0.0
2,0,0.0,2,2,2,0,1,1,0,0,0.0016666666666666668
2,0,0.0,1,2,2,0,1,1,0,0,3.605
1,0,0.0,1,1,1,0,1,1,1,0,0.0
1,0,0.0,1,1,1,0,1,1,1,0,0.0
3,0,0.0,2,2,1,0,3,2,2,0,6.769444444444445
2,0,0.0,2,2,1,0,2,2,1,0,4.693611111111111
1,0,0.0,1,1,1,0,1,1,1,0,0.0
2,0,0.0,2,1,2,0,1,2,1,0,7.1530555555555555
4,0,0.0,2,3,1,0,4,2,1,0,5.8597222222222225
2,0,0.0,2,2,1,0,2,2,1,0,0.010833333333333334
5,0,0.0,4,2,2,0,2,2,1,0,8.227777777777778
8,0,0.0,3,2,2,0,7,2,5,0,7.663055555555555
1,0,0.0,1,1,1,0,1,1,0,0,0.0
1,0,0.0,1,1,1,0,0,1,0,0,0.0
3,0,0.0,3,3,2,0,2,1,0,0,1.0319444444444446
5,0,0.0,3,4,1,0,5,2,1,0,8.051944444444445
1,0,0.0,1,1,1,0,0,1,0,0,0.0
1,0,0.0,1,1,1,0,1,1,0,0,0.0
3,0,0.0,3,3,1,0,3,1,0,0,5.751111111111111
1,0,0.0,1,1,1,0,0,1,0,0,0.0
1,0,0.0,1,1,1,0,1,1,0,0,0.0
1,0,0.0,1,1,1,0,0,1,0,0,0.0
3,0,0.0,2,2,2,0,2,2,1,0,1.3788888888888888
2,0,0.0,2,2,1,0,2,1,0,0,1.4433333333333334
1,0,0.0,1,1,1,0,1,1,1,0,0.0
2,0,0.0,2,2,1,0,2,2,1,0,6.939166666666667
2,0,0.0,2,1,1,0,0,1,0,0,2.1127777777777776
3,0,0.0,3,2,2,0,2,2,1,0,5.494166666666667
2,0,0.0,1,1,1,0,2,1,0,0,3.3136111111111113
3,0,0.0,3,2,2,0,2,2,1,0,6.248333333333333
4,0,0.0,2,2,1,0,4,2,1,0,0.7616666666666667
5,0,0.0,3,3,1,0,5,2,2,0,6.003055555555555
1,0,0.0,1,1,1,0,1,1,1,0,0.0
2,0,0.0,1,1,1,0,2,1,2,0,0.08777777777777777
1,0,0.0,1,1,1,0,1,1,1,0,0.0
2,0,0.0,1,1,1,0,0,1,0,0,0.3163888888888889
1,0,0.0,1,1,1,0,1,1,0,0,0.0
1,0,0.0,1,1,1,0,0,1,0,0,0.0
1,0,0.0,1,1,1,0,1,1,0,0,0.0
3,0,0.0,2,2,2,0,2,2,1,0,1.7555555555555555
3,0,0.0,3,1,2,0,2,2,2,0,3.3269444444444445
1,1,1.0,1,1,1,0,0,1,0,0,0.0
1,0,0.0,1,1,1,0,1,1,1,0,0.0
1,0,0.0,1,1,1,0,1,1,1,0,0.0
8,0,0.0,4,3,2,0,3,1,0,0,7.670833333333333
4,0,0.0,4,1,1,0,0,1,0,0,0.36666666666666664
1,0,0.0,1,1,1,0,1,1,0,0,0.0
1,0,0.0,1,1,1,0,0,1,0,0,0.0
2,0,0.0,2,1,1,0,2,1,2,0,3.5430555555555556
5,0,0.0,2,2,1,0,5,2,3,0,0.16694444444444445
3,0,0.0,3,3,1,0,3,1,0,0,0.22194444444444444
1,0,0.0,1,1,1,0,1,1,1,0,0.0
1,0,0.0,1,1,1,0,0,1,0,0,0.0
3,0,0.0,2,2,2,0,2,2,1,0,5.248888888888889
4,0,0.0,3,2,2,0,2,2,1,0,1.3802777777777777
2,0,0.0,2,1,2,0,1,2,1,0,4.069166666666667
1,0,0.0,1,1,1,0,1,1,0,0,0.0
2,0,0.0,2,1,2,0,1,2,1,0,0.20777777777777778
1,0,0.0,1,1,1,0,1,1,1,0,0.0
12,0,0.0,5,2,3,3,2,3,2,0,8.488055555555556
2,0,0.0,2,2,2,0,1,1,0,0,3.5008333333333335
2,0,0.0,2,2,2,0,1,1,0,0,7.122222222222222
2,0,0.0,2,1,2,0,1,2,1,0,0.23583333333333334
1,0,0.0,1,1,1,0,1,1,0,0,0.0
2,0,0.0,2,2,1,0,2,2,1,0,1.515
3,0,0.0,2,2,2,0,2,2,1,0,4.826666666666667
1,0,0.0,1,1,1,0,0,1,0,0,0.0
1,0,0.0,1,1,1,0,1,1,0,0,0.0
1,0,0.0,1,1,1,0,1,1,1,0,0.0
4,0,0.0,4,3,2,0,3,2,1,0,5.4238888888888885
1,0,0.0,1,1,1,0,1,1,0,0,0.0
1,0,0.0,1,1,1,0,1,1,0,0,0.0
1,0,0.0,1,1,1,0,1,1,0,0,0.0
1,0,0.0,1,1,1,0,1,1,0,0,0.0
1,0,0.0,1,1,1,0,1,1,0,0,0.0
1,0,0.0,1,1,1,0,1,1,0,0,0.0
1,0,0.0,1,1,1,0,0,1,0,0,0.0
1,0,0.0,1,1,1,0,0,1,0,0,0.0
1,0,0.0,1,1,1,0,1,1,1,0,0.0
3,0,0.0,3,3,1,0,3,2,1,0,3.5052777777777777
1,0,0.0,1,1,1,0,1,1,0,0,0.0
2,0,0.0,2,2,1,0,2,2,1,0,6.849444444444444
1,0,0.0,1,1,1,0,0,1,0,0,0.0
1,0,0.0,1,1,1,0,0,1,0,0,0.0
4,0,0.0,3,1,2,0,3,3,1,2,5.583055555555555
3,0,0.0,3,3,2,0,2,1,0,0,1.1094444444444445
1,0,0.0,1,1,1,0,1,1,0,0,0.0
3,0,0.0,2,2,2,0,1,1,0,0,0.77
2,0,0.0,2,2,2,0,1,1,0,0,3.611388888888889
3,0,0.0,3,2,2,0,2,2,1,0,3.379722222222222
1,0,0.0,1,1,1,0,1,1,0,0,0.0
2,0,0.0,2,2,2,0,1,1,0,0,4.876388888888889
1,0,0.0,1,1,1,0,0,1,0,0,0.0
1,0,0.0,1,1,1,0,1,1,1,0,0.0
2,0,0.0,2,2,2,0,1,1,0,0,5.569444444444445
2,0,0.0,1,1,1,0,0,1,0,0,0.021111111111111112
2,0,0.0,2,2,1,0,2,2,1,0,0.9144444444444444
3,0,0.0,2,2,1,0,3,2,2,0,5.285277777777778
2,0,0.0,2,1,2,0,1,2,1,0,0.001388888888888889
2,0,0.0,2,1,1,0,2,1,2,0,2.0866666666666664
3,0,0.0,2,2,1,0,3,2,1,0,3.6019444444444444
1,0,0.0,1,1,1,0,1,1,0,1,0.0
2,0,0.0,1,2,1,0,2,2,1,0,4.745555555555556
1,0,0.0,1,1,1,0,1,1,0,0,0.0
1,0,0.0,1,1,1,0,1,1,1,0,0.0
1,0,0.0,1,1,1,0,1,1,0,0,0.0
1,0,0.0,1,1,1,0,0,1,0,0,0.0
1,0,0.0,1,1,1,0,1,1,1,0,0.0
3,0,0.0,2,1,2,0,2,2,2,0,7.718055555555556
2,0,0.0,2,1,1,0,2,1,2,0,1.9630555555555556
1,0,0.0,1,1,1,0,0,1,0,0,0.0
3,0,0.0,2,2,1,0,3,2,2,0,6.614166666666667
1,0,0.0,1,1,1,0,0,1,0,0,0.0
3,0,0.0,2,1,2,0,2,2,2,0,3.483888888888889
5,0,0.0,3,3,2,0,4,2,2,0,6.773888888888889
19,0,0.0,6,2,2,0,3,2,2,0,8.37888888888889
1,0,0.0,1,1,1,0,1,1,0,0,0.0
3,0,0.0,3,2,2,0,2,2,1,0,1.1091666666666666
2,0,0.0,2,2,1,0,2,2,1,0,3.765
3,0,0.0,3,3,1,0,3,2,1,0,1.603611111111111
2,0,0.0,2,2,1,0,2,2,1,0,0.11027777777777778
1,0,0.0,1,1,1,0,1,1,0,0,0.0
1,0,0.0,1,1,1,0,1,1,0,0,0.0
2,0,0.0,1,2,1,0,2,2,1,0,0.0
7,0,0.0,5,4,1,0,7,2,3,0,6.401666666666666
3,0,0.0,3,2,2,0,1,1,0,0,1.8208333333333333
17,0,0.0,4,2,3,2,1,2,1,0,7.915277777777778
1,0,0.0,1,1,1,0,0,1,0,0,0.0
1,0,0.0,1,1,1,0,1,1,1,0,0.0
1,0,0.0,1,1,1,0,0,1,0,0,0.0
2,0,0.0,2,2,1,0,2,2,1,0,0.0
1,0,0.0,1,1,1,0,0,1,0,0,0.0
1,0,0.0,1,1,1,0,0,1,0,0,0.0
2,0,0.0,2,2,1,0,2,2,1,0,3.046388888888889
3,0,0.0,2,2,2,0,2,1,0,0,6.415555555555556
4,0,0.0,4,2,1,0,4,2,3,0,8.330555555555556
2,0,0.0,2,2,1,0,2,1,0,0,6.115833333333334
1,0,0.0,1,1,1,0,0,1,0,0,0.0
3,0,0.0,1,2,1,0,3,2,2,0,3.0408333333333335
1,0,0.0,1,1,1,0,1,1,1,0,0.0
10,0,0.0,3,3,1,0,10,2,4,0,6.335833333333333
3,0,0.0,3,2,2,0,2,2,1,0,3.662777777777778
1,0,0.0,1,1,1,0,0,1,0,0,0.0
4,0,0.0,4,3,1,0,0,1,0,0,2.855277777777778
2,0,0.0,2,2,2,0,1,1,0,0,0.6275
2,0,0.0,2,2,2,0,1,2,1,0,4.595833333333333
1,0,0.0,1,1,1,0,1,1,0,0,0.0
30,0,0.0,3,3,1,0,30,2,15,0,7.898333333333333
3,0,0.0,2,2,1,0,0,1,0,0,3.3530555555555557
1,0,0.0,1,1,1,0,0,1,0,0,0.0
2,0,0.0,2,2,1,0,2,2,1,0,0.4452777777777778
2,0,0.0,2,2,1,0,2,2,1,0,3.5605555555555557
1,0,0.0,1,1,1,0,1,1,0,0,0.0
3,0,0.0,3,2,2,0,2,2,1,0,5.387222222222222
2,0,0.0,2,2,2,0,1,1,0,0,0.27166666666666667
1,0,0.0,1,1,1,0,1,1,1,0,0.0
1,0,0.0,1,1,1,0,0,1,0,0,0.0
1,0,0.0,1,1,1,0,1,1,0,0,0.0
2,0,0.0,1,1,1,0,2,1,0,0,3.5369444444444444
1,0,0.0,1,1,1,0,1,1,0,0,0.0
1,0,0.0,1,1,1,0,1,1,0,0,0.0
1,0,0.0,1,1,1,0,1,1,1,0,0.0
1,0,0.0,1,1,1,0,0,1,0,0,0.0
1,0,0.0,1,1,1,0,1,1,0,0,0.0
2,0,0.0,1,2,1,0,2,2,1,0,1.6688888888888889
2,0,0.0,2,2,1,0,2,2,1,0,3.7222222222222223
1,0,0.0,1,1,1,0,1,1,0,0,0.0
80,0,0.0,14,9,2,0,71,3,36,1,16.046388888888888
71,0,0.0,16,15,2,0,55,2,25,0,19.046388888888888
49,0,0.0,14,9,2,0,39,3,22,1,22.770833333333332
4,0,0.0,3,2,1,0,4,2,3,0,0.37444444444444447
1,0,0.0,1,1,1,0,1,1,1,0,0.0
2,0,0.0,2,2,1,0,2,2,1,0,3.7675
2,0,0.0,2,2,1,0,2,2,1,0,3.3944444444444444
4,0,0.0,4,3,1,0,4,2,2,0,5.280833333333334
2,0,0.0,2,2,1,0,2,2,1,0,3.7425
1,0,0.0,1,1,1,0,1,1,1,0,0.0
2,0,0.0,1,1,1,0,2,1,0,0,1.8344444444444445
33,0,0.0,1,2,1,0,33,2,14,0,8.229166666666666
2,0,0.0,2,2,1,0,2,2,1,0,0.5025
2,0,0.0,2,1,2,0,1,2,1,0,0.0008333333333333334
2,0,0.0,2,2,2,0,1,1,0,0,0.005555555555555556
1,0,0.0,1,1,1,0,1,1,0,0,0.0
1,0,0.0,1,1,1,0,1,1,0,0,0.0
1,0,0.0,1,1,1,0,1,1,0,0,0.0
1,0,0.0,1,1,1,0,1,1,1,0,0.0
6,0,0.0,3,2,2,0,1,1,0,0,5.997777777777777
4,0,0.0,4,3,1,0,4,2,2,0,4.481944444444444
2,0,0.0,1,2,1,0,2,2,0,1,0.14888888888888888
1,0,0.0,1,1,1,0,1,1,0,0,0.0
1,0,0.0,1,1,1,0,0,1,0,0,0.0
1,0,0.0,1,1,1,0,1,1,1,0,0.0
3,0,0.0,3,2,1,0,3,2,2,0,6.558611111111111
1,0,0.0,1,1,1,0,1,1,1,0,0.0
1,0,0.0,1,1,1,0,1,1,1,0,0.0
1,0,0.0,1,1,1,0,0,1,0,0,0.0
3,0,0.0,3,3,2,0,2,1,0,0,3.6655555555555557
1,0,0.0,1,1,1,0,1,1,0,0,0.0
1,0,0.0,1,1,1,0,1,1,0,0,0.0
1,0,0.0,1,1,1,0,1,1,0,0,0.0
1,0,0.0,1,1,1,0,1,1,0,0,0.0
3,0,0.0,3,3,2,0,2,1,0,0,1.5027777777777778
1,0,0.0,1,1,1,0,1,1,0,0,0.0
1,0,0.0,1,1,1,0,0,1,0,0,0.0
22,0,0.0,3,3,2,0,21,2,8,0,8.269166666666667
2,0,0.0,1,2,1,0,2,2,1,0,1.5027777777777778
2,0,0.0,1,1,1,0,2,1,0,0,1.895
1,0,0.0,1,1,1,0,0,1,0,0,0.0
1,0,0.0,1,1,1,0,1,1,1,0,0.0
1,0,0.0,1,1,1,0,1,1,1,0,0.0
2,0,0.0,1,2,1,0,2,2,1,0,1.018888888888889
1,0,0.0,1,1,1,0,1,1,1,0,0.0
2,0,0.0,2,2,2,0,1,1,0,0,7.759722222222222
4,0,0.0,3,2,2,0,3,2,1,0,7.472222222222222
1,0,0.0,1,1,1,0,1,1,1,0,0.0
4,0,0.0,2,3,1,0,4,2,2,0,2.0755555555555554
1,0,0.0,1,1,1,0,1,1,0,0,0.0
3,0,0.0,2,1,1,0,3,1,3,0,6.9075
1,0,0.0,1,1,1,0,0,1,0,0,0.0
2,0,0.0,2,2,1,0,2,2,1,0,3.4380555555555556
1,0,0.0,1,1,1,0,1,1,1,0,0.0
3,0,0.0,3,3,2,0,2,1,0,0,2.0733333333333333
3,0,0.0,2,2,2,0,2,2,1,0,0.010833333333333334
2,0,0.0,2,2,2,0,1,1,0,0,0.215
1,0,0.0,1,1,1,0,1,1,0,0,0.0
1,0,0.0,1,1,1,0,1,1,0,0,0.0
1,0,0.0,1,1,1,0,1,1,0,0,0.0
1,0,0.0,1,1,1,0,1,1,1,0,0.0
3,0,0.0,3,2,1,0,3,2,2,0,8.320555555555556
1,0,0.0,1,1,1,0,1,1,0,0,0.0
2,0,0.0,2,2,1,0,2,1,0,0,1.5669444444444445
2,0,0.0,2,2,1,0,2,2,1,0,5.405
1,0,0.0,1,1,1,0,1,1,0,0,0.0
6,0,0.0,6,5,2,0,1,1,0,0,5.533333333333333
1,0,0.0,1,1,1,0,1,1,1,0,0.0
4,0,0.0,4,3,2,0,1,1,0,0,6.191388888888889
1,0,0.0,1,1,1,0,1,1,0,0,0.0
1,0,0.0,1,1,1,0,1,1,1,0,0.0
1,0,0.0,1,1,1,0,1,1,1,0,0.0
1,0,0.0,1,1,1,0,1,1,1,0,0.0
2,0,0.0,2,2,1,0,2,1,0,0,1.9672222222222222
2,0,0.0,2,2,2,0,1,1,0,0,0.6033333333333334
1,0,0.0,1,1,1,0,0,1,0,0,0.0
1,0,0.0,1,1,1,0,1,1,1,0,0.0
2,0,0.0,2,2,1,0,2,1,0,0,1.853888888888889
2,0,0.0,1,2,2,0,1,1,0,0,1.2369444444444444
78,0,0.0,13,10,3,0,56,2,20,0,23.364166666666666
62,1,0.016129032258064516,10,9,2,0,58,3,27,2,23.835555555555555
60,0,0.0,11,10,2,0,46,2,23,0,18.476388888888888
1,0,0.0,1,1,1,0,1,1,0,0,0.0
26,0,0.0,1,2,1,0,26,2,10,0,8.542222222222222
2,0,0.0,2,2,1,0,2,2,1,0,1.978611111111111
2,0,0.0,2,1,2,0,1,2,1,0,0.0002777777777777778
1,0,0.0,1,1,1,0,0,1,0,0,0.0
1,0,0.0,1,1,1,0,1,1,0,0,0.0
11,0,0.0,6,5,2,0,7,2,4,0,6.858611111111111
1,0,0.0,1,1,1,0,1,1,0,0,0.0
1,0,0.0,1,1,1,0,1,1,0,0,0.0
2,0,0.0,2,1,1,0,2,1,2,0,1.986388888888889
1,0,0.0,1,1,1,0,1,1,1,0,0.0
1,0,0.0,1,1,1,0,1,1,0,0,0.0
1,0,0.0,1,1,1,0,0,1,0,0,0.0
1,0,0.0,1,1,1,0,1,1,1,0,0.0
1,0,0.0,1,1,1,0,1,1,0,0,0.0
1,0,0.0,1,1,1,0,1,1,1,0,0.0
1,0,0.0,1,1,1,0,1,1,1,0,0.0
4,0,0.0,4,4,2,0,1,1,0,0,8.642222222222221
1,0,0.0,1,1,1,0,1,1,0,0,0.0
2,0,0.0,2,2,2,0,1,1,0,0,3.506111111111111
5,0,0.0,3,2,2,0,3,1,0,0,4.521111111111111
1,0,0.0,1,1,1,0,1,1,0,1,0.0
1,0,0.0,1,1,1,0,0,1,0,0,0.0
1,0,0.0,1,1,1,0,1,1,1,0,0.0
7,0,0.0,3,3,2,0,6,2,3,0,3.513888888888889
1,0,0.0,1,1,1,0,1,1,1,0,0.0
2,0,0.0,2,2,1,0,2,1,0,0,3.5841666666666665
1,0,0.0,1,1,1,0,1,1,0,0,0.0
2,0,0.0,2,1,2,0,1,2,1,0,0.9680555555555556
1,0,0.0,1,1,1,0,1,1,0,0,0.0
1,0,0.0,1,1,1,0,0,1,0,0,0.0
2,0,0.0,1,2,1,0,2,2,1,0,1.7283333333333333
4,0,0.0,1,2,1,0,4,2,2,0,4.171388888888889
4,0,0.0,3,1,3,0,2,2,2,0,2.0169444444444444
3,0,0.0,3,1,2,0,2,2,2,0,8.524166666666666
7,0,0.0,3,3,2,0,5,2,1,0,7.972777777777778
3,0,0.0,2,2,1,0,3,2,1,0,4.831111111111111
3,0,0.0,2,2,2,0,2,2,1,0,0.5533333333333333
1,0,0.0,1,1,1,0,1,1,0,0,0.0
1,0,0.0,1,1,1,0,1,1,1,0,0.0
2,0,0.0,1,1,2,0,1,2,1,0,0.0
1,0,0.0,1,1,1,0,1,1,0,0,0.0
2,0,0.0,2,2,2,0,1,1,0,0,0.5725
4,0,0.0,3,3,2,0,3,1,0,0,7.118333333333333
2,0,0.0,2,2,2,0,1,1,0,0,3.7291666666666665
157,0,0.0,3,3,3,0,95,3,0,49,8.57611111111111
1,0,0.0,1,1,1,0,1,1,0,0,0.0
3,0,0.0,2,2,1,0,3,1,0,0,1.6594444444444445
1,0,0.0,1,1,1,0,1,1,0,0,0.0
1,0,0.0,1,1,1,0,1,1,0,0,0.0
2,0,0.0,2,2,1,0,2,1,0,0,3.470833333333333
4,0,0.0,3,3,1,0,4,2,2,0,3.279166666666667
1,0,0.0,1,1,1,0,0,1,0,0,0.0
2,0,0.0,2,1,2,0,1,2,1,0,3.5705555555555555
1,0,0.0,1,1,1,0,0,1,0,0,0.0
2,0,0.0,2,1,1,0,2,1,2,0,5.503333333333333
2,0,0.0,2,2,1,0,2,2,1,0,6.551666666666667
1,0,0.0,1,1,1,0,1,1,1,0,0.0
2,0,0.0,2,2,1,0,2,1,0,0,3.624722222222222
2,0,0.0,2,1,2,0,1,2,1,0,0.023333333333333334
2,0,0.0,2,1,1,0,2,1,2,0,0.0005555555555555556
1,0,0.0,1,1,1,0,1,1,0,0,0.0
1,0,0.0,1,1,1,0,1,1,0,0,0.0
3,0,0.0,2,2,2,0,2,2,1,0,3.795
3,0,0.0,2,1,1,0,3,1,3,0,5.1338888888888885
1,0,0.0,1,1,1,0,1,1,1,0,0.0
3,0,0.0,3,3,2,0,2,1,0,0,2.6394444444444445
1,0,0.0,1,1,1,0,1,1,1,0,0.0
1,0,0.0,1,1,1,0,1,1,0,0,0.0
1,0,0.0,1,1,1,0,1,1,1,0,0.0
5,0,0.0,3,3,1,0,5,2,1,0,6.932222222222222
2,0,0.0,1,1,1,0,2,1,0,0,1.428611111111111
2,0,0.0,2,2,2,0,1,1,0,0,5.493333333333333
1,0,0.0,1,1,1,0,1,1,1,0,0.0
1,0,0.0,1,1,1,0,0,1,0,0,0.0
3,0,0.0,2,1,1,0,3,1,3,0,2.250277777777778
1,0,0.0,1,1,1,0,0,1,0,0,0.0
2,0,0.0,2,2,1,0,2,2,1,0,3.406388888888889
7,0,0.0,4,3,2,0,6,2,4,0,6.040555555555556
1,0,0.0,1,1,1,0,1,1,0,0,0.0
1,0,0.0,1,1,1,0,1,1,0,0,0.0
2,0,0.0,2,2,1,0,2,2,1,0,1.7625
6,0,0.0,4,4,1,0,0,1,0,0,4.847222222222222
1,0,0.0,1,1,1,0,1,1,0,0,0.0
5,0,0.0,3,3,1,0,5,2,1,0,3.3938888888888887
6,0,0.0,3,4,2,0,4,1,0,0,4.2363888888888885
3,0,0.0,2,2,2,0,2,2,1,0,4.970277777777778
1,0,0.0,1,1,1,0,0,1,0,0,0.0
1,0,0.0,1,1,1,0,0,1,0,0,0.0
1,0,0.0,1,1,1,0,0,1,0,0,0.0
1,0,0.0,1,1,1,0,1,1,0,0,0.0
1,0,0.0,1,1,1,0,1,1,1,0,0.0
1,0,0.0,1,1,1,0,1,1,0,0,0.0
1,0,0.0,1,1,1,0,0,1,0,0,0.0
3,0,0.0,2,2,2,0,1,1,0,0,1.71
1,0,0.0,1,1,1,0,1,1,1,0,0.0
1,0,0.0,1,1,1,0,1,1,1,0,0.0
5,0,0.0,3,2,1,0,5,2,4,0,3.5766666666666667
1,0,0.0,1,1,1,0,1,1,0,0,0.0
1,0,0.0,1,1,1,0,1,1,1,0,0.0
2,0,0.0,2,2,1,0,2,1,0,0,7.065
2,0,0.0,2,2,1,0,2,2,1,0,1.8755555555555556
5,0,0.0,4,3,2,0,4,2,1,0,7.245277777777778
1,0,0.0,1,1,1,0,0,1,0,0,0.0
1,0,0.0,1,1,1,0,1,1,0,0,0.0
2,0,0.0,2,2,1,0,2,2,1,0,3.4747222222222223
24,0,0.0,3,3,1,0,24,2,12,0,6.728055555555556
1,0,0.0,1,1,1,0,1,1,1,0,0.0
3,0,0.0,3,3,2,0,2,1,0,0,4.7425
2,0,0.0,1,1,2,0,1,2,1,0,7.5875
1,0,0.0,1,1,1,0,1,1,1,0,0.0
2,0,0.0,2,2,1,0,0,1,0,0,1.3138888888888889
2,0,0.0,2,2,2,0,1,1,0,0,0.0075
3,0,0.0,3,3,1,0,3,2,1,0,6.628055555555555
2,0,0.0,1,2,1,0,2,2,1,0,3.8544444444444443
1,0,0.0,1,1,1,0,1,1,0,1,0.0
4,0,0.0,3,3,1,0,4,2,2,0,5.978888888888889
1,0,0.0,1,1,1,0,1,1,0,0,0.0
3,0,0.0,3,3,1,0,3,2,1,0,6.688611111111111
1,0,0.0,1,1,1,0,1,1,1,0,0.0
1,0,0.0,1,1,1,0,1,1,1,0,0.0
1,0,0.0,1,1,1,0,1,1,0,0,0.0
1,0,0.0,1,1,1,0,1,1,0,0,0.0
1,0,0.0,1,1,1,0,1,1,0,0,0.0
1,0,0.0,1,1,1,0,0,1,0,0,0.0
2,0,0.0,2,2,1,0,2,1,0,0,3.2463888888888888
2,0,0.0,2,1,2,0,1,2,1,0,2.638333333333333
3,0,0.0,3,3,2,0,2,1,0,0,3.7533333333333334
3,0,0.0,2,2,2,0,2,2,1,0,2.4833333333333334
3,0,0.0,2,2,1,0,3,2,2,0,1.7155555555555555
3,0,0.0,3,2,1,0,3,2,2,0,4.701666666666667
1,0,0.0,1,1,1,0,1,1,0,0,0.0
1,0,0.0,1,1,1,0,0,1,0,0,0.0
1,0,0.0,1,1,1,0,0,1,0,0,0.0
3,0,0.0,3,3,1,0,3,2,1,0,7.608888888888889
3,0,0.0,3,2,1,0,0,1,0,0,0.01972222222222222
2,0,0.0,1,2,1,0,2,2,1,0,4.99
3,0,0.0,2,2,1,0,3,2,2,0,3.523888888888889
1,0,0.0,1,1,1,0,1,1,1,0,0.0
2,0,0.0,2,2,1,0,2,1,0,0,0.009444444444444445
3,0,0.0,2,2,1,0,3,1,0,0,3.5172222222222222
2,0,0.0,2,2,1,0,2,1,0,0,3.3980555555555556
3,0,0.0,2,3,1,0,3,2,1,0,1.558888888888889
3,0,0.0,3,3,1,0,0,1,0,0,6.004722222222222
2,0,0.0,2,2,1,0,2,2,1,0,3.7447222222222223
5,0,0.0,2,3,2,0,3,1,0,0,7.085
3,0,0.0,2,2,2,0,2,2,1,0,5.150833333333333
1,0,0.0,1,1,1,0,1,1,1,0,0.0
3,0,0.0,2,2,2,0,2,2,1,0,3.3805555555555555
1,0,0.0,1,1,1,0,1,1,0,0,0.0
4,0,0.0,4,2,2,0,3,2,2,0,7.620833333333334
1,0,0.0,1,1,1,0,1,1,0,0,0.0
1,0,0.0,1,1,1,0,1,1,0,0,0.0
1,0,0.0,1,1,1,0,1,1,1,0,0.0
3,0,0.0,3,2,1,0,3,2,2,0,1.9716666666666667
11,0,0.0,5,4,2,0,9,2,6,0,8.624444444444444
1,0,0.0,1,1,1,0,1,1,1,0,0.0
4,0,0.0,3,3,1,0,4,2,2,0,3.4983333333333335
1,0,0.0,1,1,1,0,0,1,0,0,0.0
1,0,0.0,1,1,1,0,1,1,1,0,0.0
4,0,0.0,3,2,2,0,3,2,2,0,0.8725
1,0,0.0,1,1,1,0,1,1,1,0,0.0
2,0,0.0,2,1,1,0,2,1,2,0,3.7977777777777777
1,0,0.0,1,1,1,0,0,1,0,0,0.0
3,0,0.0,3,2,1,0,3,2,2,0,3.4630555555555556
2,0,0.0,1,2,1,0,2,2,1,0,3.7469444444444444
1,0,0.0,1,1,1,0,0,1,0,0,0.0
1,0,0.0,1,1,1,0,1,1,0,0,0.0
3,0,0.0,2,1,2,0,1,2,1,0,1.7738888888888888
1,0,0.0,1,1,1,0,1,1,0,0,0.0
1,0,0.0,1,1,1,0,1,1,1,0,0.0
1,0,0.0,1,1,1,0,1,1,0,0,0.0
2,0,0.0,2,1,1,0,0,1,0,0,6.596666666666667
1,0,0.0,1,1,1,0,0,1,0,0,0.0
4,0,0.0,4,2,1,0,4,2,3,0,7.135833333333333
1,0,0.0,1,1,1,0,1,1,1,0,0.0
5,0,0.0,3,4,2,0,4,2,2,0,6.845277777777778
1,0,0.0,1,1,1,0,0,1,0,0,0.0
2,0,0.0,2,2,1,0,2,2,1,0,1.9169444444444443
2,0,0.0,2,2,2,0,1,1,0,0,2.1083333333333334
1,0,0.0,1,1,1,0,1,1,0,0,0.0
2,0,0.0,2,1,2,0,1,2,1,0,4.743055555555555
3,0,0.0,2,2,1,0,3,2,2,0,7.184722222222222
1,0,0.0,1,1,1,0,1,1,1,0,0.0
1,0,0.0,1,1,1,0,1,1,1,0,0.0
2,0,0.0,2,2,2,0,1,2,1,0,0.5680555555555555
1,0,0.0,1,1,1,0,1,1,0,0,0.0
1,0,0.0,1,1,1,0,0,1,0,0,0.0
1,0,0.0,1,1,1,0,1,1,0,0,0.0
1,0,0.0,1,1,1,0,1,1,1,0,0.0
2,0,0.0,2,2,1,0,2,2,1,0,1.9236111111111112
69,0,0.0,3,3,2,0,68,3,20,7,8.441666666666666
2,0,0.0,2,2,2,0,1,1,0,0,5.051666666666667
2,0,0.0,2,1,2,0,1,2,1,0,2.397777777777778
1,0,0.0,1,1,1,0,0,1,0,0,0.0
1,0,0.0,1,1,1,0,1,1,1,0,0.0
3,0,0.0,3,2,2,0,2,2,1,0,1.626111111111111
2,0,0.0,2,2,1,0,2,2,1,0,0.004722222222222222
1,0,0.0,1,1,1,0,1,1,1,0,0.0
3,0,0.0,2,2,2,0,2,1,0,0,3.2608333333333333
2,0,0.0,1,1,1,0,2,2,1,0,0.5161111111111111
